QuestFlag,Server,Quest,Url,Info,Hint,Repeatable,MinDelta,MaxSolves,Source,NotOnServer
30minattributes,Aelrynth,,,30 Minutes to pick up Attribute Gems,,TRUE,1800,-1,set by Chafulumisa,
50to11brokercontractsa,Aelrynth,,,Tracks which quests have been completed for Contract Brokers quest,,TRUE,0,2097151,,
50to11brokercontractsb,Aelrynth,,,Tracks which quests have been completed for Contract Brokers quest,,TRUE,0,1048575,,
50to11contractscomplete_0511,Aelrynth,,,Complete contracts from the Contract Brokers for extra rewards,,FALSE,0,1,"set by Abd-al-Matin Basshir, Gawain Cooper, Giancarlo De Luca and 1 more",
abandonednuhmudira,Aelrynth,,,Player left Nuhmudira to her fate.,,FALSE,0,1,set by Lever,
abayarresearchnotes,Aelrynth,,,Abayar's Research Notes (Fiun Spell Casting Gloves),,TRUE,72000,-1,,
abductedcompleted_0313,Aelrynth,,,quest timer,,TRUE,72000,-1,set by Virindi Delegate,
abhorrenteaterjaw,Aelrynth,,,Abhorrent Eater Jaw,,TRUE,72000,-1,checked by Clemenza,
abyssaltotemgatewayflag,Aelrynth,,,Player has access to Abyssal Totem Gateway,,FALSE,0,1,set by Abyssal Totem Gateway,
academeyexittokengiven,Aelrynth,,,Recived the Acadmey Exit Token,,FALSE,0,1,set by Jonathan,
academytokengiven,Aelrynth,,,Turned over the Academy Token,,FALSE,0,1,"set by Guard, Training Master",
accessatlanslaboratory,Aelrynth,,,Access granted to the Atlan's Laboratory,,FALSE,0,1,"set by Ciandra, Arcanum Alchemist",
accessboss10x,Aelrynth,,,Win Colo 10 Times,,FALSE,0,1,set by Master Arbitrator,
accessboss18,Aelrynth,,,Player completed Colo,,FALSE,0,1,set by Return to the Hall of Champions,
accessboss3,Aelrynth,,,Player entered Arena 3,,FALSE,0,1,set by Arena 3,
accessboss5,Aelrynth,,,Player entered Arena 5,,FALSE,0,1,set by Arena 5,
accessboss7,Aelrynth,,,Player entered Arena 7,,FALSE,0,1,set by Arena 7,
accessboss8,Aelrynth,,,Player entered Arena 8,,FALSE,0,1,set by Arena 8,
accessempyreanworkshop,Aelrynth,,,Flagging for access to the Empyrean Workshop,,FALSE,0,1,"set by Ciandra, Arcanum Alchemist",
accessrossumortachapterhouse,Aelrynth,,,Access granted to the Rossu Morta Chapterhouse,,FALSE,0,1,set by Melaverre,
accessruschkburialmound,Aelrynth,,,Access granted to Ruschk Burial Mound,,FALSE,0,1,set by Lydda,
accesssclavusumbralforge,Aelrynth,,,Access granted to Sclavus Umbral Forge,,FALSE,0,1,set by Giordonni,
accesssilyunchapterhouse,Aelrynth,,,Access granted to the Silyun Chapterhouse,,FALSE,0,1,set by Hashina,
accesswhisperingbladechapterhouse,Aelrynth,,,Access granted to the Whispering Blade Chapterhouse,,FALSE,0,1,set by Harkwull the Discreet,
acidaxeturnedin,Aelrynth,,,Turned Acid Axe into Ivory Crafter.,,TRUE,72000,-1,"set by Ivory Crafter, Ulna bint-Fasha the Ivory Crafter",
acidzenithdead,Aelrynth,,,quest timer,,FALSE,0,1,set by Acid Zenith,
acolyteherrenskey_pickup,Aelrynth,,,Player has picked up Acolyte Herrens Key,,TRUE,72000,-1,,
aelrynthcitadelbelowcrestpickup,Aelrynth,,,You may take another of Kazrok's crests in %tqt.,,TRUE,86400,-1,,
aelrynthcitadelbelowwarlord,Aelrynth,,,Warlord Kazrok's helm crest handed to Ysolde Varn in the Hub of Awakening,,TRUE,86400,-1,set by Ysolde Varn,
aerbaxchestkey1pickup,Aelrynth,,,Picked up the first Aerbax Key.,,TRUE,432000,-1,,
aerbaxchestkey2pickup,Aelrynth,,,Picked up the second Aerbax Key.,,TRUE,432000,-1,,
aerbaxcitadelfellowstart,Aelrynth,,,Fellow has started Aerbax Citadel,,TRUE,3600,-1,set by Emissary of Asheron,
aerbaxcitadelrewards1,Aelrynth,,,Player has received the Empowered Helm of the Perfect Light,,FALSE,0,1,set by Emissary of Asheron,
aerbaxcitadelrewards2,Aelrynth,,,Player has received the Empowered Girth of the Perfect Light,,FALSE,0,1,set by Emissary of Asheron,
aerbaxcitadelrewards3,Aelrynth,,,Player has received the Empowered Greaves of the Perfect Light,,FALSE,0,1,set by Emissary of Asheron,
aerbaxcompletedwait,Aelrynth,,,Players wait time to receive rewards for Aerbax Citadel,,TRUE,72000,-1,set by Emissary of Asheron,
aerbaxmaskshardpickuptimer,Aelrynth,,,Picked up Aerbax Mask Shard,,TRUE,72000,-1,,
aerbaxplatformaccess,Aelrynth,,,Player has started Aerbax Citadel,,TRUE,3600,-1,set by Harmonic Transference Field,
aerbaxshadowdefeated,Aelrynth,,,Fellow has killed Aerbax,,FALSE,0,1,checked by Emissary of Asheron,
aerbaxshadowdefeatedrepeat,Aelrynth,,,Player has already killed Aerbax before,,FALSE,0,1,set by Emissary of Asheron,
aerbaxsprodigalbanderling_fellow,Aelrynth,,,Fellow flag for Aerbaxs Prodigal Banderling Quest,,FALSE,0,1,set by Chief Taraash,
aerbaxsprodigalbanderling_start,Aelrynth,,,Player has started Aerbaxs Prodigal Banderling Quest,,FALSE,0,1,set by Guard Winterborn,
aerbaxsprodigalbanderling_wait,Aelrynth,,,Player has completed Aerbaxs Prodigal Banderling Quest,,TRUE,72000,-1,set by Guard Winterborn,
aerbaxsprodigallugian_flag,Aelrynth,,,Player is flagged for Prodigal Lugian portion of lockbox,,FALSE,0,1,set by Lord Kresovus,
aerbaxsprodigallugian_repeat,Aelrynth,,,Player has completed Prodigal Lugian at least once,,FALSE,0,1,set by Lord Kresovus,
aerbaxsprodigallugian_start,Aelrynth,,,Player has started Aerbaxs Prodigal Lugian.,,FALSE,0,1,set by Oswent the Pale,
aerbaxsprodigallugian_wait,Aelrynth,,,Wait timer for Aerbaxs Prodigal Lugian,,TRUE,72000,-1,set by Lord Kresovus,
aerbaxsprodigalmosswartcompleted,Aelrynth,,,Player wait timer for Aerbaxs Prodigal Mosswart Quest.,,TRUE,72000,-1,set by Sergeant Brigitta,
aerbaxsprodigalmosswartrepeat,Aelrynth,,,Player has completed Aerbaxs Prodigal Mosswart Quest at least once.,,FALSE,0,1,set by Sergeant Brigitta,
aerbaxsprodigalmosswartstarted,Aelrynth,,,Player has started Aerbaxs Prodigal Mosswart Quest.,,FALSE,0,1,set by Sergeant Brigitta,
aerbaxsprodigaltumerokrepeat,Aelrynth,,,Repeating Aerbaxs Prodigal Tumerok quest,,FALSE,0,1,set by Nomea ibn Makar,
aerbaxsprodigaltumerokstart,Aelrynth,,,Started Aerbaxs Prodigal Tumerok quest,,FALSE,0,1,set by Nomea ibn Makar,
aerbaxsprodigaltumerokwait,Aelrynth,,,Finished Aerbaxs Prodigal Tumerok quest,,TRUE,1728000,-1,set by Nomea ibn Makar,
aercyno,Aelrynth,,,Aerlinthe Cynosure,,TRUE,72000,-1,,
aerfallecharmpickup,Aelrynth,,,quest timer,,TRUE,72000,-1,,
aerfalleembossedtokenpickup,Aelrynth,,,quest timer,,TRUE,72000,-1,,
aerfalleornatetokenpickup,Aelrynth,,,quest timer,,TRUE,72000,-1,,
aerfallerewardgiverinprogress,Aelrynth,,,Ghost of Galaeral Spawned,,TRUE,300,-1,set by Ghost of Galaeral,
aerfallestaffobtained,Aelrynth,,,Staff of Aerfalle,,TRUE,72000,-1,,
aerfalletokenpickup,Aelrynth,,,quest timer,,TRUE,72000,-1,,
aerlinthebellows,Aelrynth,,,Aerlinthe Bellows Found,,TRUE,72000,-1,set by Smithing Golem,
aerlinthesluice,Aelrynth,,,Aerlinthe Magma Sluice Found,,TRUE,72000,-1,"set by Construction Golem, Repair Golem",
aetheriumcorefragmentpickuptimer,Aelrynth,,,Pickup timer for Aetherium Core Fragment,,TRUE,72000,-1,,
aetheriumraidshighcompleted_0210,Aelrynth,,,Turned in a Bright Aetherium Ore Fragment,,TRUE,72000,-1,set by Sir Durnstad,
aetheriumraidshighstarted_0210,Aelrynth,,,Aetherium Raid High Started,,FALSE,0,1,set by Sir Durnstad,
aetheriumraidslowcompleted,Aelrynth,,,Turned in a Dull Aetherium Ore Fragment,,TRUE,72000,-1,set by Sir Oakley,
aetheriumraidslowstarted,Aelrynth,,,Aetherium Raid Low Started,,FALSE,0,1,set by Sir Oakley,
aggregateshardpickup,Aelrynth,,,Picked up Aggregate Crystalline Shard,,TRUE,72000,-1,,
allowbalorrobe,Aelrynth,,,Player is flagged to have Yi Yo-Jin create Balors robe,,FALSE,0,1,set by Lord Kresovus,
altarnest_flag,Aelrynth,,,Access granted to the Altar Nest portal,,FALSE,0,1,set by Varlanna,
altereddrudgekillcount,Aelrynth,,,Altered Drudge Kill Counter,,TRUE,0,40,,
altereddrudgekilltask,Aelrynth,,,Altered Drudge Kill Task,,TRUE,72000,-1,,
ameliatoysfound,Aelrynth,,,Toys Found Bitfield,,TRUE,0,63,,
ameliatoysinprogress,Aelrynth,,,Flags a player while they are active in the Amelia Toys quest,,TRUE,3600,-1,set by Amelia,
ameliatoysturnedincount,Aelrynth,,,Keeps track of how many toys a player has turned in to Amelia,,TRUE,0,63,,
ameliatoyswait,Aelrynth,,,Timer for repeating the Amelia Lost Toys quest,,TRUE,72000,-1,set by Amelia,
ancientbone_pickup,Aelrynth,,,Player has picked up the Ancient Bone.,,TRUE,72000,-1,,
ancientcrestpickup,Aelrynth,,,Picked up an Ancient Crest.,,TRUE,72000,-1,,
ancientdiscoveries,Aelrynth,,,Dericost Ruin Quest - Reward Item Pickup Timer,,TRUE,72000,-1,,
ancientemblemofmhoireturnin,Aelrynth,,,Player has turned in a Ancient Emblem of Mhoire to the Arcanum Mana-smith,,TRUE,1209600,-1,set by Arcanum Mana-smith,
ancientfalatacotsymbolpickup,Aelrynth,,,Picked up Ancient Falatacot Symbol in Foundry of Izexi.,,TRUE,72000,-1,,
ancientgobletcompleted,Aelrynth,,,You have turned in the correct Ancient Goblet.,,TRUE,72000,-1,set by Portal Servitor,
ancientgobletpickup,Aelrynth,,,You have picked up an Ancient Goblet.,,TRUE,1800,-1,,
ancientnecklacecompleted,Aelrynth,,,You have turned in the correct Ancient Necklace.,,TRUE,72000,-1,set by Portal Servitor,
ancientnecklacepickup,Aelrynth,,,You have picked up an Ancient Necklace.,,TRUE,1800,-1,,
ancientringcompleted,Aelrynth,,,You have turned in the correct Ancient Ring.,,TRUE,72000,-1,set by Portal Servitor,
ancientringpickup,Aelrynth,,,You have picked up an Ancient Ring.,,TRUE,1800,-1,,
andrilosaccused,Aelrynth,,,Andrilos shown sketch first time,,FALSE,0,1,set by Andrilos,
andriloslives,Aelrynth,,,Andrilos allowed to live,,FALSE,0,1,set by Andrilos,
andriloslivesextraxp,Aelrynth,,,Player let Andrilos Live,,FALSE,0,1,set by Fiun Layeel,
andriloslivesextraxpwait,Aelrynth,,,Extra XP for letting Andrilos Live Wait Timer,,TRUE,72000,-1,set by Fiun Layeel,
andrilosshownsketch,Aelrynth,,,Andrilos shown the sketch,,FALSE,0,1,set by Andrilos,
anekshaycrystalcollectionstart,Aelrynth,,,anekshay crystal collection start,,TRUE,0,20,,
anekshaycrystalcollectionwait,Aelrynth,,,anekshay crystal collection wait,,TRUE,72000,-1,,
anekshaygemofknowledgecollectedinamonth,Aelrynth,Amount of Anekshay Gem of Knowledges player has turned in within a 30 day period.,,Amount of A'nekshay Gem of Knowledges player has turned in within a 30 day period.,Amount of A'nekshay Gem of Knowledges player has turned in within a 30 day period.,TRUE,0,10,"set by Agent Dravos, Agent of the Arcanum",
anekshaygemofknowledgetimer_monthly,Aelrynth,Monthly timer for turning in up to 10 Anekshay Gem of Knowledges.,,Monthly timer for turning in up to 10 A'nekshay Gem of Knowledges.,Monthly timer for turning in up to 10 A'nekshay Gem of Knowledges.,TRUE,2592000,-1,"set by Agent Dravos, Agent of the Arcanum",
anekshaygemoflesserknowledgecollectedinamonth,Aelrynth,Amount of Anekshay Gems of Lesser Knowledge player has turned in within a 30 day period.,,Amount of A'nekshay Gems of Lesser Knowledge player has turned in within a 30 day period.,Amount of A'nekshay Gems of Lesser Knowledge player has turned in within a 30 day period.,TRUE,0,10,"set by Agent Dravos, Agent of the Arcanum",
anekshaygemoflesserknowledgetimer_monthly,Aelrynth,,,Monthly timer for turning in up to 10 A'nekshay Gems of Lesser Knowledge.,,TRUE,2592000,-1,"set by Agent Dravos, Agent of the Arcanum",
anekshayluminancecertificatecollectedinamonth,Aelrynth,Amount of Anekshay Luminance Certificates player has turned in within a 30 day period.,,Amount of A'nekshay Luminance Certificates player has turned in within a 30 day period.,Amount of A'nekshay Luminance Certificates player has turned in within a 30 day period.,TRUE,0,10,"set by Agent Dravos, Agent of the Arcanum",
anekshayluminancecertificatetimer_monthly,Aelrynth,Monthly timer for turning in up to 10 Anekshay Luminance Certificates.,,Monthly timer for turning in up to 10 A'nekshay Luminance Certificates.,Monthly timer for turning in up to 10 A'nekshay Luminance Certificates.,TRUE,2592000,-1,"set by Agent Dravos, Agent of the Arcanum",
angersplinterpickup,Aelrynth,,,quest timer,,TRUE,72000,-1,,
antiqueplatterquest,Aelrynth,,,Retreive Worcer's Antique Platter,,TRUE,72000,-1,,
apostatebrokenmaskpickuptimer,Aelrynth,,,Timer for mask pick up,,TRUE,72000,-1,,
apostatefinalecompleted_0910,Aelrynth,,,Apostate Finale timer,,TRUE,72000,-1,set by Emissary of Asheron,
apostatefinalemaskshardpickup,Aelrynth,,,Picked up Apostate Grand Director mask shard,,TRUE,72000,-1,,
apostatefinalestarted_0910,Aelrynth,,,Apostate Finale Started,,FALSE,0,1,set by Emissary of Asheron,
apostatemessageshardpickedup,Aelrynth,,,You have obtained an Apostate Message Shard.,,TRUE,72000,-1,,
apostatenexusflag,Aelrynth,,,Player flagged to enter Apostate Nexus,,FALSE,0,1,set by Ned the Clever,
apostateoverseermaskpickedup,Aelrynth,,,You have obtained a Apostate Overseer Mask.,,TRUE,72000,-1,,
applicationgiven,Aelrynth,,,Turned over the Application Form,,FALSE,0,1,set by Greeter,
arantahboon1,Aelrynth,,,Give Hea Arantah CurseObject1,,TRUE,72000,-1,set by Hea Arantah,
arantahboon2,Aelrynth,,,Give Hea Arantah CurseObject2,,TRUE,72000,-1,set by Hea Arantah,
arantahboon3,Aelrynth,,,Give Hea Arantah CurseObject3,,TRUE,72000,-1,set by Hea Arantah,
arantahboon4,Aelrynth,,,Give Hea Arantah CurseObject4,,TRUE,72000,-1,set by Hea Arantah,
arantahboon5,Aelrynth,,,Give Hea Arantah CurseObject5,,TRUE,72000,-1,set by Hea Arantah,
arantahkill1,Aelrynth,Hunting Aun Ralirea,https://acportalstorm.com/wiki/Hunting_Aun_Ralirea,Give Clay Figurine to Hea Arantah.,PERMANENT - Give Hea Arantah FigurineRalirea,FALSE,0,1,set by Hea Arantah,
arbitratoregggivencomplete,Aelrynth,,,Flagged to locked door inside Colosseum,,FALSE,0,1,set by Master Arbitrator,
arbitratorpackcowgivencomplete,Aelrynth,,,Flagged to use Mad Cow Portal,,FALSE,0,1,set by Master Arbitrator,
arcanumalchemistspoken1,Aelrynth,,,Player has spoken to the Arcanum Alchemist the first time.,,FALSE,0,1,,
arcanumalchemistspoken2,Aelrynth,,,Player has spoken to the Arcanum Alchemist the second time.,,FALSE,0,1,,
arcanumalchemistspoken3,Aelrynth,,,Player has completed the Isparian Arms quest and is starting again.,,FALSE,0,1,,
arcanumfurniturepermission,Aelrynth,,,Writ Nov Quest 3,,TRUE,72000,-1,set by Arcanum Envoy,
arcanumresearchbypass,Aelrynth,,,Player may enter the research facility.,,FALSE,0,1,,
arcticmattekarkillcount,Aelrynth,,,Arctic Mattekar Kill Counter,,TRUE,0,25,set by Enzo Ilario,
arcticmattekarkilltask,Aelrynth,,,Arctic Mattekar Kill Task,,TRUE,72000,-1,set by Enzo Ilario,
areacacademycomplete,Aelrynth,,,Player has finished the last area of the Training Academy.,,FALSE,0,1,set by Sentry,
arikasspoken,Aelrynth,,,Spoken to Arikas,,FALSE,0,1,"set by Arikas, Warden of Knorr",
armoredillohuntingneftetkillcount,Aelrynth,,,Armoredillo Hunting Neftet Kill Counter,,TRUE,0,30,,
armoredillohuntingneftetkilltask,Aelrynth,,,Armoredillo Hunting Neftet Kill Task,,TRUE,72000,-1,,
armoredillokeypickedup,Aelrynth,,,Armoredillo Key Pick Up timer,,TRUE,72000,-1,,
armorofdarknesspickup,Aelrynth,,,quest timer,,TRUE,72000,-1,,
artscraftsalchemyhigh,Aelrynth,,,Player has turned in high alchemy item.,,TRUE,72000,-1,,
artscraftsalchemylow,Aelrynth,,,Player has turned in low alchemy item.,,TRUE,72000,-1,,
artscraftsalchemymid,Aelrynth,,,Player has turned in mid alchemy item.,,TRUE,72000,-1,,
artscraftsalchemyproportional,Aelrynth,,,Player has turned in extreme alchemy item.,,TRUE,72000,-1,,
artscraftscookinghigh,Aelrynth,,,Player has turned in high Cooking item.,,TRUE,72000,-1,,
artscraftscookinglow,Aelrynth,,,Player has turned in low Cooking item.,,TRUE,72000,-1,,
artscraftscookingmid,Aelrynth,,,Player has turned in mid Cooking item.,,TRUE,72000,-1,,
artscraftscookingproportional,Aelrynth,,,Player has turned in extreme Cooking item.,,TRUE,72000,-1,,
artscraftsfletchinghigh,Aelrynth,,,Player has turned in high Fletching item.,,TRUE,72000,-1,,
artscraftsfletchinglow,Aelrynth,,,Player has turned in low Fletching item.,,TRUE,72000,-1,,
artscraftsfletchingmid,Aelrynth,,,Player has turned in mid Fletching item.,,TRUE,72000,-1,,
artscraftsfletchingproportional,Aelrynth,,,Player has turned in extreme Fletching item.,,TRUE,72000,-1,,
ashbaneextremeturnedin,Aelrynth,,,quest timer,,TRUE,72000,-1,set by Leikotha,
ashbaneturnedin,Aelrynth,,,Gave Ashbane to Leikotha.,,TRUE,72000,-1,set by Leikotha,
ashbaneuberturnedin,Aelrynth,,,Gave Superior Ashbane to Leikotha.,,TRUE,72000,-1,set by Leikotha,
asheronemissaryspoken1,Aelrynth,,,Player has visited and conversed with the Emissary after talking to the Arcanum Alchemist.,,FALSE,0,1,,
asheronemissaryspoken2,Aelrynth,,,Player has visited and conversed with the Emissary after talking to the Arcanum Alchemist a swcond time.,,FALSE,0,1,,
asheroninvasionspoken,Aelrynth,,,You have spoken to the Almighty Asheron!,,FALSE,0,1,set by Asheron,
asheronsdeparturejournal,Aelrynth,,,You have turned in Asheron's Depature Journal.,,TRUE,72000,-1,set by Shan Zhen,
askedlacarrafirst,Aelrynth,,,Spoke to Lacarra First,,FALSE,0,1,set by Lacarra Avanthi,
askedzhofirst,Aelrynth,,,Spoke to Zho First,,FALSE,0,1,set by Zho Heishan,
assassinshideout_flag,Aelrynth,,,Access granted to the Assassins Hideout,,FALSE,0,1,set by Barsinni,
assaultvaultaccessgranted0105,Aelrynth,,,You have obtained access to the Royal Sewers!,,TRUE,72000,-1,"set by Phantom, Poltergeist, Restless Spirit and 1 more",
asteliarygem,Aelrynth,,,Asteliary Gem,,TRUE,72000,-1,,
atamarrbronze,Aelrynth,,,Atamarr Bronze Knight flag,,FALSE,0,1,set by Atamarr,
atamarrbronzedone,Aelrynth,,,Atamarr Bronze Cog Knight flag complete,,FALSE,0,1,set by Bronze Gauntlet Knight-Commander,
atamarrcopper,Aelrynth,,,Atamarr Copper Cog Craftmaster flag,,FALSE,0,1,set by Atamarr,
atamarrcopperdone,Aelrynth,,,Atamarr Copper Cog Craftmaster flag complete,,FALSE,0,1,set by Copper Cog Craftsmaster,
atamarrdone,Aelrynth,,,Completed an Atamarr task,,TRUE,72000,-1,set by Atamarr,
atamarriron,Aelrynth,,,AtamarrIron flag,,FALSE,0,1,set by Atamarr,
atamarrirondone,Aelrynth,,,AtamarrIronDone flag complete,,FALSE,0,1,set by Iron Blade Warmaster,
atamarrquest,Aelrynth,,,AtamarrQuest flag,,FALSE,0,1,set by Atamarr,
atamarrsilver,Aelrynth,,,AtamarrSilver flag,,FALSE,0,1,set by Atamarr,
atamarrsilverdone,Aelrynth,,,AtamarrSilverDone flag complete,,FALSE,0,1,set by Silver Scope Spymaster,
atlatlstatuepickup,Aelrynth,,,Player has picked up this weapons and cannot pick up another one for 1 day,,TRUE,72000,-1,,
attribute13days,Aelrynth,,,2 week attribute forgetfulness timer.,,TRUE,1123200,-1,"set by Warden of Lowering Coordination, Warden of Lowering Endurance, Warden of Lowering Focus and 3 more",
attribute6days,Aelrynth,,,1 week attribute forgetfulness timer.,,TRUE,518400,-1,"set by Warden of Lowering Coordination, Warden of Lowering Endurance, Warden of Lowering Focus and 3 more",
attributegems1,Aelrynth,Attribute and Skill Redistribution,https://acportalstorm.com/wiki/Attribute_and_Skill_Redistribution,Attribute gems received counter. See Warden of Lowering Endurance; Warden of Lowering Coordination; Warden of Lowering Strength (among others).,Attribute gems received counter,TRUE,0,7,"set by Warden of Lowering Coordination, Warden of Lowering Endurance, Warden of Lowering Focus and 3 more",
attributegems2,Aelrynth,,,Second attribute gems received counter,,TRUE,0,8,"set by Warden of Lowering Coordination, Warden of Lowering Endurance, Warden of Lowering Focus and 3 more",
attributegems3,Aelrynth,,,Third attribute gems received counter,,TRUE,0,9999999,"set by Warden of Lowering Coordination, Warden of Lowering Endurance, Warden of Lowering Focus and 3 more",
attributeloweringgempickedup,Aelrynth,,,Picked up an attribute lowering gem.,,TRUE,72000,-1,,
attributeraisinggempickedup,Aelrynth,,,Picked up an attribute raising gem.,,TRUE,72000,-1,,
attributereset30day,Aelrynth,,,Used your 30 day attribute reset at Asheron's Castle,,TRUE,2592000,-1,set by Chafulumisa,
audetaungagiven,Aelrynth,,,Aun Shimauri will give players permission to enter the Palenqual dungeon only once per month.,,TRUE,72000,-1,,
auggemflag,Aelrynth,,,Flagged to Enter Augmentation Realm,,TRUE,518400,-1,,
augmentationblankgemacquired,Aelrynth,,,Blank Aug Gem Pickup Timer,,TRUE,518400,-1,,
augmentationprovinggroundaccess,Aelrynth,,,Flagged to Enter Augmentation Realm,,TRUE,518400,-1,set by Fiun Rehlyun,
augmenteddrudgekillcount,Aelrynth,,,Augmented Drudge Kill Counter,,TRUE,0,40,,
augmenteddrudgekilltask,Aelrynth,,,Augmented Drudge Kill Task,,TRUE,72000,-1,,
augruncaptivefreed,Aelrynth,,,Aug Run Captive Freed,,FALSE,0,1,set by Captive,
aunkiller,Aelrynth,,,Timaru Collector will stamp players who bring him Aun Pendants and refuse to trade with them again.,,TRUE,72000,-1,set by Aun Mareura the Collector,
aunkillerbagsiraluun,Aelrynth,,,This quest flag is obsolete.,,TRUE,72000,-1,,
aunkillerbagsiraluun1,Aelrynth,,,This quest flag is obsolete.,,TRUE,72000,-1,,
aunkillerbagsiraluun2,Aelrynth,,,This quest flag is obsolete.,,TRUE,72000,-1,,
aunkillerbagsiraluun3,Aelrynth,,,This quest flag is obsolete.,,TRUE,72000,-1,,
aunkillerbagsiraluun4,Aelrynth,,,This quest flag is obsolete.,,TRUE,72000,-1,,
aunkillerbagsiraluun5,Aelrynth,,,This quest flag is obsolete.,,TRUE,72000,-1,,
aunkillercarenzipeltburrower,Aelrynth,,,This quest flag is obsolete.,,TRUE,72000,-1,,
aunkillercarenzipeltpouchling,Aelrynth,,,This quest flag is obsolete.,,TRUE,72000,-1,,
aunkillercarenzipeltrabid,Aelrynth,,,This quest flag is obsolete.,,TRUE,72000,-1,,
aunkillercarenzipeltsentry,Aelrynth,,,This quest flag is obsolete.,,TRUE,72000,-1,,
aunkillercarenzipeltstalker,Aelrynth,,,This quest flag is obsolete.,,TRUE,72000,-1,,
aunkillerdrudgecharm,Aelrynth,,,This quest flag is obsolete.,,TRUE,72000,-1,,
aunkillerfeatherssiraluun,Aelrynth,,,This quest flag is obsolete.,,TRUE,72000,-1,,
aunkillergolemheartforest,Aelrynth,,,This quest flag is obsolete.,,TRUE,72000,-1,,
aunkillergolemheartmud,Aelrynth,,,This quest flag is obsolete.,,TRUE,72000,-1,,
aunkillergolemheartsand,Aelrynth,,,This quest flag is obsolete.,,TRUE,72000,-1,,
aunkillergolemheartvapor,Aelrynth,,,This quest flag is obsolete.,,TRUE,72000,-1,,
aunkillergolemheartwater,Aelrynth,,,This quest flag is obsolete.,,TRUE,72000,-1,,
aunkillerolthoiclaw,Aelrynth,,,This quest flag is obsolete.,,TRUE,72000,-1,,
aunkillerpendantaun,Aelrynth,,,This quest flag is obsolete.,,TRUE,72000,-1,,
aunkillersiraluunclawlittoral,Aelrynth,,,This quest flag is obsolete.,,TRUE,72000,-1,,
aunkillersiraluunclawmarsh,Aelrynth,,,This quest flag is obsolete.,,TRUE,72000,-1,,
aunkillersiraluunclawstrand,Aelrynth,,,This quest flag is obsolete.,,TRUE,72000,-1,,
aunkillersiraluunclawtidal,Aelrynth,,,This quest flag is obsolete.,,TRUE,72000,-1,,
aunkillersiraluunclawtimber,Aelrynth,,,This quest flag is obsolete.,,TRUE,72000,-1,,
aunkillerwatergolemheart,Aelrynth,,,This quest flag is obsolete.,,TRUE,72000,-1,,
aunteriona_flag,Aelrynth,,,Player has spoke with Aun Teriona.,,FALSE,0,1,set by Aun Teriona,
aurutisitemupgrade_flag,Aelrynth,,,Player is flagged to have Aurutis upgrade an item from list,,FALSE,0,1,set by Lord Kresovus,
avaricerewarded_0813,Aelrynth,,,quest timer,,FALSE,0,1,set by Aspect of Avarice,
axebattlestatuepickup,Aelrynth,,,Player has picked up this weapons and cannot pick up another one for 1 day,,TRUE,72000,-1,,
axebrogordquest,Aelrynth,,,Axe Brogord Quest,,TRUE,72000,-1,,
axecragstatuepickup,Aelrynth,,,Player has picked up this weapons and cannot pick up another one for 1 day,,TRUE,72000,-1,,
axeofkorogaith,Aelrynth,,,Axe of Korogaith pickup timer,,TRUE,72000,-1,,
axesicklestatuepickup,Aelrynth,,,Player has picked up this weapons and cannot pick up another one for 1 day,,TRUE,72000,-1,,
ayanbaqurmoarsmencomplete_0508,Aelrynth,,,Player has completed the Ayan Baqur portion of Moarsmen on the Shores,,TRUE,72000,-1,set by Guard Bey,
azaxiscritterskilled,Aelrynth,,,Player has killed a creature found in Azaxis,,TRUE,0,-1,set by Azaxis Event Watcher,
babythrungus1,Aelrynth,,,babythrungus1 flag,,FALSE,0,1,set by Baby Thrungus,
babythrungus2,Aelrynth,,,babythrungus2 flag,,FALSE,0,1,set by Baby Thrungus,
babythrungus3,Aelrynth,,,babythrungus3 flag,,FALSE,0,1,set by Baby Thrungus,
babythrungus4,Aelrynth,,,babythrungus4 flag,,FALSE,0,1,set by Baby Thrungus,
babythrungus5,Aelrynth,,,babythrungus5 flag,,FALSE,0,1,set by Baby Thrungus,
babythrungus6,Aelrynth,,,babythrungus6 flag,,FALSE,0,1,set by Baby Thrungus,
backtunnelsaccess,Aelrynth,,,Access to the Back Tunnels dungeon granted,,FALSE,0,1,set by Jedeth Eckhart,
bagpuzzleblackbagcorrect,Aelrynth,,,You picked the correct contents for the black bag.,,TRUE,72000,-1,"set by Bag labeled ""Black""",
bagpuzzlecangethintmarble,Aelrynth,,,You can get a hint marble.,,TRUE,72000,-1,set by Instructions,
bagpuzzlefailed,Aelrynth,,,You picked the wrong contents for one of the bags.,,TRUE,72000,-1,"set by Bag labeled ""Black"", Bag labeled ""Mixed"", Bag labeled ""White""",
bagpuzzlemixedbagcorrect,Aelrynth,,,You picked the correct contents for the mixed bag.,,TRUE,72000,-1,"set by Bag labeled ""Mixed""",
bagpuzzleperforming,Aelrynth,,,You are performing the three bag puzzle.,,TRUE,72000,-1,,
bagpuzzlepickbagvariant1,Aelrynth,,,You have varient 1 of the bag puzzle.,,TRUE,72000,-1,set by Instructions,
bagpuzzlepickbagvariant2,Aelrynth,,,You have varient 2 of the bag puzzle.,,TRUE,72000,-1,set by Instructions,
bagpuzzlesolved,Aelrynth,,,You've compleated the Clutch of Kings three bags puzzle.,,TRUE,72000,-1,"set by Bag labeled ""Black"", Bag labeled ""Mixed"", Bag labeled ""White""",
bagpuzzlewhitebagcorrect,Aelrynth,,,You picked the correct contents for the white bag.,,TRUE,72000,-1,"set by Bag labeled ""White""",
banderlinghauntemblemacquired0105,Aelrynth,,,Player has picked up Stone Emblem,,TRUE,72000,-1,,
banderlinghauntgemacquired0105,Aelrynth,,,Player has picked up Murky Gem,,TRUE,72000,-1,,
banderlinghauntoilystoneacquired0105,Aelrynth,,,Player has picked up the Oily Stone.,,TRUE,72000,-1,,
banderlinghauntringacquired0105,Aelrynth,,,Player has picked up Ring of Vines,,TRUE,72000,-1,,
banderlingmacehead,Aelrynth,,,Banderling Mace Head,,TRUE,72000,-1,,
banderlingmaceshaft,Aelrynth,,,Banderling Mace Shaft,,TRUE,72000,-1,,
banditblades,Aelrynth,,,Bandits' Blazing Blades,,TRUE,72000,-1,set by MacNiall the Unruled,
bandittranscription,Aelrynth,,,Bandit Frore Transcription,,TRUE,72000,-1,,
banishedcreaturekillcount,Aelrynth,,,Banished Creature Kill Counter,,TRUE,0,10,,
banishedcreaturekilltask,Aelrynth,,,Banished Creature Kill Task,,TRUE,72000,-1,,
barbaricmukkirlordhead_pickup,Aelrynth,,,Player has picked up Barbaric Mukkir Nest-lord's Head.,,TRUE,72000,-1,,
barbedfletchingtool,Aelrynth,,,Barbed Fletching Tool,,TRUE,72000,-1,,
barkoswaldtaken,Aelrynth,,,Took the bark,,TRUE,72000,-1,,
bartenderfound1111,Aelrynth,,,Player talked to bartender greeter,,FALSE,0,1,"set by A'shadieeyah, Benjirou, Buckminster and 1 more",
bdcquidityingotpurified,Aelrynth,,,Purified the BDC Quiddity Ingot,,TRUE,72000,-1,set by Vat of Olthoi Jelly,
beachfortmoarsmencomplete_0508,Aelrynth,,,Player has completed the Beach Fort portion of Moarsmen on the Shores,,TRUE,72000,-1,set by Guard Al'Zira,
beacongemobtained,Aelrynth,,,Cooldown for obtaining another beacon gem,,TRUE,72000,-1,set by Elena Du Furza,
belindakilltasksstart,Aelrynth,,,Player has started Belindas Kill Tasks,,FALSE,0,1,set by Belinda du Loc,
bellowsnewbiepickedup,Aelrynth,,,Player has found the Blacksmith's bellows.,,FALSE,0,1,,
bellowsnewbieturnedin,Aelrynth,,,Player has turned in the Blacksmith's bellows.,,FALSE,0,1,set by Academy Blacksmith,
benefactionnuhmudiragiven,Aelrynth,,,This quest flag is obsolete.,,TRUE,72000,-1,,
benekniffiskillcount,Aelrynth,,,Benek Niffis Kill Counter,,TRUE,0,50,set by Colista Fluress,
benekniffiskilltask,Aelrynth,,,Benek Niffis Kill Task,,TRUE,72000,-1,set by Colista Fluress,
bestoweralchemy1,Aelrynth,,,Apothecary,,FALSE,0,1,"set by Darsida al-Qawa, Eluard the Namer, Jaizen Tan",
bestoweralchemy2,Aelrynth,,,Alchemist,,FALSE,0,1,"set by Darsida al-Qawa, Eluard the Namer, Jaizen Tan",
bestoweraxe1,Aelrynth,,,Axe Warrior,,FALSE,0,1,"set by Darsida al-Qawa, Eluard the Namer, Jaizen Tan",
bestoweraxe2,Aelrynth,,,Skullsplitter,,FALSE,0,1,"set by Darsida al-Qawa, Eluard the Namer, Jaizen Tan",
bestowerbasepiece,Aelrynth,,,The base piece for the Bestowers' Guild skill puzzle.,,TRUE,72000,-1,,
bestowerbow1,Aelrynth,,,Sharpshooter,,FALSE,0,1,"set by Darsida al-Qawa, Eluard the Namer, Jaizen Tan",
bestowerbow2,Aelrynth,,,Deadeye,,FALSE,0,1,"set by Darsida al-Qawa, Eluard the Namer, Jaizen Tan",
bestowercooking1,Aelrynth,,,Chef,,FALSE,0,1,"set by Darsida al-Qawa, Eluard the Namer, Jaizen Tan",
bestowercooking2,Aelrynth,,,Iron Chef,,FALSE,0,1,"set by Darsida al-Qawa, Eluard the Namer, Jaizen Tan",
bestowercreature1,Aelrynth,,,Creature Enchantment Adept,,FALSE,0,1,"set by Darsida al-Qawa, Eluard the Namer, Jaizen Tan",
bestowercreature2,Aelrynth,,,Evoker,,FALSE,0,1,"set by Darsida al-Qawa, Eluard the Namer, Jaizen Tan",
bestowerdagger1,Aelrynth,,,Dagger Fighter,,FALSE,0,1,"set by Darsida al-Qawa, Eluard the Namer, Jaizen Tan",
bestowerdagger2,Aelrynth,,,Slicer,,FALSE,0,1,"set by Darsida al-Qawa, Eluard the Namer, Jaizen Tan",
bestowerfletching1,Aelrynth,,,Fletcher,,FALSE,0,1,"set by Darsida al-Qawa, Eluard the Namer, Jaizen Tan",
bestowerfletching2,Aelrynth,,,MasterFletcher,,FALSE,0,1,"set by Darsida al-Qawa, Eluard the Namer, Jaizen Tan",
bestoweritem1,Aelrynth,,,Item Enchantment Adept,,FALSE,0,1,"set by Darsida al-Qawa, Eluard the Namer, Jaizen Tan",
bestoweritem2,Aelrynth,,,Artifex,,FALSE,0,1,"set by Darsida al-Qawa, Eluard the Namer, Jaizen Tan",
bestowerlife1,Aelrynth,,,Life Magic Adept,,FALSE,0,1,"set by Darsida al-Qawa, Eluard the Namer, Jaizen Tan",
bestowerlife2,Aelrynth,,,Theurgist,,FALSE,0,1,"set by Darsida al-Qawa, Eluard the Namer, Jaizen Tan",
bestowermace1,Aelrynth,,,Mace Warrior,,FALSE,0,1,"set by Darsida al-Qawa, Eluard the Namer, Jaizen Tan",
bestowermace2,Aelrynth,,,Skullcrusher,,FALSE,0,1,"set by Darsida al-Qawa, Eluard the Namer, Jaizen Tan",
bestowerspear1,Aelrynth,,,Spear Warrior,,FALSE,0,1,"set by Darsida al-Qawa, Eluard the Namer, Jaizen Tan",
bestowerspear2,Aelrynth,,,Impaler,,FALSE,0,1,"set by Darsida al-Qawa, Eluard the Namer, Jaizen Tan",
bestowerstaff1,Aelrynth,,,Staff Warrior,,FALSE,0,1,"set by Darsida al-Qawa, Eluard the Namer, Jaizen Tan",
bestowerstaff2,Aelrynth,,,Master of Staves,,FALSE,0,1,"set by Darsida al-Qawa, Eluard the Namer, Jaizen Tan",
bestowersword1,Aelrynth,,,Swordfighter,,FALSE,0,1,"set by Darsida al-Qawa, Eluard the Namer, Jaizen Tan",
bestowersword2,Aelrynth,,,Duelist,,FALSE,0,1,"set by Darsida al-Qawa, Eluard the Namer, Jaizen Tan",
bestowerthrownweapons1,Aelrynth,,,Ballisteer,,FALSE,0,1,"set by Darsida al-Qawa, Eluard the Namer, Jaizen Tan",
bestowerthrownweapons2,Aelrynth,,,Projectilist,,FALSE,0,1,"set by Darsida al-Qawa, Eluard the Namer, Jaizen Tan",
bestowerunarmed1,Aelrynth,,,Unarmed Brawler,,FALSE,0,1,"set by Darsida al-Qawa, Eluard the Namer, Jaizen Tan",
bestowerunarmed2,Aelrynth,,,Pugilist,,FALSE,0,1,"set by Darsida al-Qawa, Eluard the Namer, Jaizen Tan",
bestowerwar1,Aelrynth,,,War Magic Adept,,FALSE,0,1,"set by Darsida al-Qawa, Eluard the Namer, Jaizen Tan",
bestowerwar2,Aelrynth,,,Warlock,,FALSE,0,1,"set by Darsida al-Qawa, Eluard the Namer, Jaizen Tan",
bestowerxbow1,Aelrynth,,,Sniper,,FALSE,0,1,"set by Darsida al-Qawa, Eluard the Namer, Jaizen Tan",
bestowerxbow2,Aelrynth,,,Sureshot,,FALSE,0,1,"set by Darsida al-Qawa, Eluard the Namer, Jaizen Tan",
bestowmentnuhmudiragiven,Aelrynth,,,This quest flag is obsolete.,,TRUE,72000,-1,,
bethelcompleted,Aelrynth,,,Bethel of Butterflies once players have brought the amulet to Aun Papileona he will stamp them so he will not send them on the quest again for one week.,,TRUE,72000,-1,set by Aun Papileona,
bethelcompleted02,Aelrynth,,,Bethel of Butterflies players may pick the key off the boss monster only once a week,,TRUE,72000,-1,,
blackboulder,Aelrynth,,,Picked up Black Boulder/Blackfire Atlan Stone,,TRUE,72000,-1,,
blackcoralgolemkillcount,Aelrynth,,,Black Coral Golem Kill Counter,,TRUE,0,20,,
blackcoralgolemkilltask,Aelrynth,,,Black Coral Golem Kill Task,,TRUE,72000,-1,,
blackdeathcatacombsquidditywait,Aelrynth,,,Completed Black Death Catacombs Quiddity Seed Quest,,TRUE,72000,-1,set by Emissary of Asheron,
blackferahsvault_start,Aelrynth,,,Player has access to Black Ferahs Vault,,FALSE,0,1,set by Varetha,
blackmarketadvancementwait,Aelrynth,,,Cooldown for Black Market Advancement Gem,,TRUE,72000,-1,set by Ilnorra Denasta,
blackmarketagedlegendarykeywait,Aelrynth,,,Cooldown for Black Market Legendary Key Purchase,,TRUE,72000,-1,"set by Consolata, Digby",
blackmarketblackcoralgolemkilltask,Aelrynth,,,Black Coral Golem Kill Task,,TRUE,0,20,set by Chiriko,
blackmarketblackcoralgolemkilltaskwait,Aelrynth,,,Black Coral Golem Kill Task Wait,,TRUE,72000,-1,set by Chiriko,
blackmarketblightedcoralgolemkilltask,Aelrynth,,,Blighted Coral Golem Kill Task,,TRUE,0,20,set by Hanzo,
blackmarketblightedcoralgolemkilltaskwait,Aelrynth,,,Blighted Coral Golem Kill Task Wait,,TRUE,72000,-1,set by Hanzo,
blackspearbufftimer,Aelrynth,,,Player has used on of the Black Spears,,TRUE,72000,-1,"set by Black Spear of Mukkir Strength, Black Spear of Ruschk Protection, Black Spear of Shadow Renewal",
blackspearicetotem_pickup,Aelrynth,,,Player has picked up the Black Spear Ice Totem,,TRUE,72000,-1,,
blackspearicetotemcompleted,Aelrynth,,,Player has completed the Black Spear Ice Totem Quest,,TRUE,72000,-1,"set by Arialle du Bellenesse, Kalakh",
blackspearicetotemstarted,Aelrynth,,,Player has started the Black Spear Ice Totem Quest,,FALSE,0,1,"set by Arialle du Bellenesse, Kalakh",
blackspeartemple_flag,Aelrynth,,,Access granted to the Black Spear Temple,,FALSE,0,1,set by Lord Pyrovor,
blackspeartempleupperlevel_flag,Aelrynth,,,Access granted to the Black Spear Temple Upper Levels,,FALSE,0,1,set by Melaverre,
blacktotemshard_pickup,Aelrynth,,,Player has picked up the Black Totem Shard,,TRUE,72000,-1,,
blacktotemtemple_flag,Aelrynth,,,Access granted to the Black Totem Temple,,FALSE,0,1,set by Black Totem Gateway,
blankaug,Aelrynth,,,Blank Aug Gem Pickup Timer,,TRUE,518400,-1,,
blankaugluminancetimer_0511,Aelrynth,,,Cooldown timer for Augmentation Gem turn-in,,TRUE,1209600,-1,set by Nalicana,
blessedcavecompleted_0912,Aelrynth,,,quest timer,,TRUE,72000,-1,set by Shah-hi,
blessedcavereachedend,Aelrynth,,,quest timer,,TRUE,72000,-1,set by Spirit of Bist'elle,
blessedcavestarted_0912,Aelrynth,,,quest timer,,FALSE,0,1,set by Shah-hi,
blessedmoarsmankillcount,Aelrynth,,,Blessed Moarsman Kill Counter,,TRUE,0,50,,
blessedmoarsmankilltask,Aelrynth,,,Blessed Moarsman Kill Task,,TRUE,72000,-1,,
blightedcoralgolemkillcount,Aelrynth,,,Blighted Coral Golem Kill Counter,,TRUE,0,20,,
blightedcoralgolemkilltask,Aelrynth,,,Blighted Coral Golem Kill Task,,TRUE,72000,-1,,
blightlordlairwait1008,Aelrynth,,,Player wait time for Blight Lord Lairs.,,TRUE,72000,-1,"set by A'mun Altar, Aerlinthe Altar, Esper Altar and 3 more",
bloodgemblueacquired0805,Aelrynth,,,Ricardo's Blood Gem - Blue,,TRUE,72000,-1,,
bloodgemquestcompleted0805,Aelrynth,,,Ricardo's Blood Gem Complete,,TRUE,72000,-1,set by Ricardo,
bloodjewelhighpickedup,Aelrynth,,,Player has collected the high Blood Jewel.,,TRUE,72000,-1,,
bloodjewellowpickedup,Aelrynth,,,Player has collected the low Blood Jewel.,,TRUE,72000,-1,,
bloodjewelmidpickedup,Aelrynth,,,Player has collected the mid Blood Jewel.,,TRUE,72000,-1,,
bloodmouthmawrepeat,Aelrynth,,,Player has turned in a Bloodmouth Maw at least once.,,FALSE,0,1,set by Merwart Pelagurg,
bloodpuzzlecompleted,Aelrynth,,,You've compleated the Clutch of Kings blood puzzle.,,TRUE,72000,-1,set by Sacrificial Statue,
bloodstonefactorycompleted_0211,Aelrynth,,,Completed Bloodstone Invesigation,,TRUE,72000,-1,set by Sir Donovan,
bloodstonefactorykeypickup,Aelrynth,,,quest timer,,TRUE,72000,-1,,
bloodstonefactorylargetomepickup,Aelrynth,,,quest timer,,TRUE,72000,-1,,
bloodstonefactorystarted_0211,Aelrynth,,,Started Bloodstone Investigation,,FALSE,0,1,set by Sir Donovan,
blueblanketgivencomplete,Aelrynth,,,Flagged to use Arena of Pumpkin King,,TRUE,72000,-1,set by Arena of the Pumpkin King,
bluefacepaintturnin,Aelrynth,,,Player turned in Blue Face Paint,,FALSE,0,1,,
bluefireinfusion,Aelrynth,,,Blue Fire SOLL Infusion,,TRUE,72000,-1,,
blueprintsburunfort,Aelrynth,,,You have picked up the Burun Ingress Fort Blueprints.,,TRUE,72000,-1,,
bonecrunchkeypickuptimer,Aelrynth,,,Player has picked up Bonecrunchs Key,,TRUE,72000,-1,,
boneylumpoffleshpickuptimer,Aelrynth,,,Picked up Boney Lump of Flesh,,TRUE,72000,-1,checked by Niccolo De Luca,
book100paths7quest,Aelrynth,,,Book 100 Paths Quest,,TRUE,518400,-1,,
bookcasenoir1,Aelrynth,,,You've moved the bookcase.,,TRUE,5400,-1,set by Bookcase,
bookercelquest,Aelrynth,,,Retreive Ercel's Book,,TRUE,72000,-1,,
bookfalatacotway,Aelrynth,,,Player has received a copy of the Falatacot Way.,,TRUE,72000,-1,set by Living Tome,
bookkouquest,Aelrynth,,,Book Kou Quest,,TRUE,72000,-1,,
booknoir1,Aelrynth,,,You've looked at Jake's journal.,,TRUE,5400,-1,set by Open Journal,
bookturnedin,Aelrynth,,,Turned in book to Olcris.,,FALSE,0,1,"set by Olcris, Nuhmudira's Student",
boshboshslayertokenpickuptimer,Aelrynth,,,Player has picked up Bosh Bosh Slayer Token,,TRUE,72000,-1,,
bosshelmacquired0205,Aelrynth,,,You looted the Salvaging Helm.,,TRUE,72000,-1,,
bosstokenacquired0205,Aelrynth,,,You acquired a token denoting you the Sezzherei Slayer!,,TRUE,72000,-1,,
bowstatuepickup,Aelrynth,,,Player has picked up this weapons and cannot pick up another one for 1 day,,TRUE,72000,-1,,
boygrubcompletedquest,Aelrynth,,,Has the player completed the quest?,,TRUE,72000,-1,set by Putiputipuh,
boygrubfedwrongapple,Aelrynth,,,Has the player fed an apple to the grub without first being infested?,,TRUE,72000,-1,set by Putiputipuh,
boygrubfoundapple,Aelrynth,,,Has the player found an apple as far as Tekapuapuh knows?,,TRUE,72000,-1,"set by Putiputipuh, Tekapuapuh",
boygrubgaveahna,Aelrynth,,,Has the player given Tekapuapuh an Ahna?,,TRUE,72000,-1,set by Tekapuapuh,
boygrubgavepah,Aelrynth,,,Has the player given Tekapuapuh a Pan?,,TRUE,72000,-1,set by Tekapuapuh,
boygrubgotbow,Aelrynth,,,Has the player been given the Panaq bow?,,TRUE,72000,-1,set by Tekapuapuh,
boygrubinfested,Aelrynth,,,Has the player used the Infested cistern?,,TRUE,72000,-1,set by Olthoi Cistern,
boygrubstartedquest,Aelrynth,,,Has the player started the quest?,,TRUE,72000,-1,set by Tekapuapuh,
boygrubtookahna,Aelrynth,,,Has the player picked up an Ahna?,,TRUE,72000,-1,,
boygrubtooknaq,Aelrynth,,,Has the player picked up a Naq?,,TRUE,72000,-1,,
boygrubtookpah,Aelrynth,,,Has the player picked up a Pan?,,TRUE,72000,-1,,
braceletebuillantpickup,Aelrynth,Elemental Bracelets,,Player has picked up Ebuillant Bracelet,,TRUE,72000,-1,,
braceletfrigidpickup,Aelrynth,Elemental Bracelets,,Player has picked up Frigid Bracelet,,TRUE,72000,-1,,
braceletgalvanicpickup,Aelrynth,Elemental Bracelets,,Player has picked up Galvanic Bracelet,,TRUE,72000,-1,,
braceletincalescentpickup,Aelrynth,Elemental Bracelets,,Player has picked up Incalescent Bracelet,,TRUE,72000,-1,,
braceletloueiquest,Aelrynth,,,Bracelet Lou Ei Quest,,TRUE,72000,-1,,
braceletofpassage,Aelrynth,,,Wearing Bracelet Of Passage,,FALSE,0,1,set by Bracelet of Passage,
braidmansionruincompleted_1111,Aelrynth,,,Completed Braid Mansion Ruin (Lou Ka's Stolen Items),,TRUE,72000,-1,set by Lou Ka,
brewmasterback,Aelrynth,,,Brew Master Quest Pickup Timer Back,,TRUE,72000,-1,,
brewmastercover,Aelrynth,,,Brew Master Quest Pickup Timer Cover,,TRUE,72000,-1,,
brewmasterpages,Aelrynth,,,Brew Master Quest Pickup Timer Pages,,TRUE,72000,-1,,
brewmasterspine,Aelrynth,,,Brew Master Quest Pickup Timer Spine,,TRUE,72000,-1,,
brightaetheriumorefragmentpickedup,Aelrynth,,,You have obtained a Bright Aetherium Ore Fragment.,,TRUE,72000,-1,,
brilliantshardgiven,Aelrynth,,,Brilliant Shard given to Rhujun,,FALSE,0,1,set by Rhujun,
brokenkeyringmartine,Aelrynth,,,Player has picked up the Broken Singularity Keyring,,TRUE,72000,-1,,
brokenkeyteethmartine,Aelrynth,,,Player has been picked up the Broken Singularity Key Teeth,,TRUE,72000,-1,,
brokenoccultusseal,Aelrynth,,,Broken Occultus Seal,,FALSE,0,1,set by Balior,
brokenoccultussealgiven,Aelrynth,,,Broken Occultus Seal given,,FALSE,0,1,set by Roderick,
bronzegauntlettrooperkillcount,Aelrynth,,,kill count,,TRUE,0,25,set by Lieutenant Grenlin,
bronzegauntlettrooperkilltask,Aelrynth,,,kill task timer,,TRUE,72000,-1,set by Lieutenant Grenlin,
broodmatroncarapacepickedup,Aelrynth,,,You have obtained a Brood Matron Carapace.,,TRUE,72000,-1,,
broodmatronclawpickedup,Aelrynth,,,You have obtained a Brood Matron Claw.,,TRUE,72000,-1,,
broodmatroncrestpickedup,Aelrynth,,,You have obtained a Brood Matron Crest.,,TRUE,72000,-1,,
broodmatronpincerpickedup,Aelrynth,,,You have obtained a Brood Matron Pincer.,,TRUE,72000,-1,,
broodmotheronedead,Aelrynth,,,BroodMotherOneDead,,FALSE,0,1,set by Brood Mother,
broodmothersreckblue42,Aelrynth,,,Brood Mothers Riddle,,FALSE,0,1,set by Statue,
broodmothersreckgreen117,Aelrynth,,,Brood Mothers Riddle,,FALSE,0,1,set by Statue,
broodmothersreckred78,Aelrynth,,,Brood Mothers Riddle,,FALSE,0,1,set by Statue,
broodmotherthreedead,Aelrynth,,,BroodMotherThreeDead,,FALSE,0,1,set by Brood Mother,
broodmothertwodead,Aelrynth,,,BroodMotherTwoDead,,FALSE,0,1,set by Brood Mother,
broodmotherzerodead,Aelrynth,,,BroodMotherZeroDead,,FALSE,0,1,set by Brood Mother,
broodpincerpickup,Aelrynth,,,quest timer,,TRUE,72000,-1,,
broodubeaten,Aelrynth,,,You've beaten Broodu.,,FALSE,0,1,checked by Guard Hamdyn,
brooducomplete,Aelrynth,,,You've completed the Broodu quest.,,TRUE,72000,-1,set by Guard Hamdyn,
broodukilled,Aelrynth,,,You killed Broodu.,,FALSE,0,1,set by Guard Hamdyn,
browerkbeaten,Aelrynth,,,You've beaten Browerk.,,FALSE,0,1,checked by Guard Haigh,
browerkcomplete,Aelrynth,,,You've completed the Browerk quest.,,TRUE,72000,-1,set by Guard Haigh,
browerkkilled,Aelrynth,,,You killed Browerk.,,FALSE,0,1,set by Guard Haigh,
btmcompleted_0513,Aelrynth,,,quest timer,,TRUE,72000,-1,set by Virindi Delegate,
btmpickup_0513,Aelrynth,,,quest timer,,TRUE,72000,-1,,
btmstarted_0513,Aelrynth,,,quest timer,,FALSE,0,1,set by Virindi Delegate,
buadreninvokinggiven,Aelrynth,,,Player has received the magic Buadren from Tikakhe.,,FALSE,0,1,set by Aun Tikakhe,
bucketadja,Aelrynth,,,Adja Well Bucket,,TRUE,72000,-1,,
bucketsbalancedcomplete,Aelrynth,,,Bits for completed Buckets in Trial of Mind,,TRUE,0,31,checked by Pillar of the Mind,
bulbofharvests_flag,Aelrynth,,,Player has completed Harvesting the Bulb of Mornings quest.,,FALSE,0,1,set by Kaltus,
bulbofharvestsseedgiven,Aelrynth,,,Player has been given the Seed of Essence.,,FALSE,0,1,set by Bulb of Harvests,
bulbofmornings_flag,Aelrynth,,,Player has completed Releasing the Light quest.,,FALSE,0,1,set by Shah-hi,
bulbofmorningsseedgiven,Aelrynth,,,Player has been given the Seed of Essence.,,FALSE,0,1,set by Bulb of Mornings,
bulboftwilight_flag,Aelrynth,,,Player has completed Harvesting the Bulb of Harvests quest.,,FALSE,0,1,set by Adrenkus,
bunnygardenletter,Aelrynth,,,This quest flag is obsolete.,,TRUE,2400,-1,,
bunnygardensafeguard,Aelrynth,,,This quest flag is obsolete.,,TRUE,1200,-1,,
bunnymastercompletedquest,Aelrynth,,,This quest flag is obsolete.,,TRUE,72000,-1,,
bunnymasterquest1,Aelrynth,,,This quest flag is obsolete.,,TRUE,1800,-1,,
bunnymasterquest2,Aelrynth,,,This quest flag is obsolete.,,TRUE,1800,-1,,
bunnymasterquest3,Aelrynth,,,This quest flag is obsolete.,,TRUE,1800,-1,,
bunnymasterquest4,Aelrynth,,,This quest flag is obsolete.,,TRUE,1800,-1,,
bunnyslippergiven,Aelrynth,,,CragstoneSlipperCrafter stamps players with this questflag after giving them SlipperBunny or SlipperBunnyWhite,,TRUE,72000,-1,set by William Witty,
burflagged(gem),Aelrynth,,,One of three flags for 1-79 Portal to Bur,,FALSE,0,1,set by Bretself the Translator,
burflagged(metal),Aelrynth,,,One of three flags for 1-79 Portal to Bur,,FALSE,0,1,set by Felscuda,
burflagged(motes),Aelrynth,Asheron's Trail,https://acportalstorm.com/wiki/Asheron's_Trail,One of three flags for 1-79 Portal to Bur. See Golem Warden of Metos.,One of three flags for 1-79 Portal to Bur,FALSE,0,1,set by Golem Warden of Metos,
burflagged(permanent),Aelrynth,,,You can take the portal to Bur.,,FALSE,0,1,set by Shan Zhen,
buriedalivecompleted1212,Aelrynth,,,Picked up Blazing Shard,,TRUE,72000,-1,,
buriedalivestarted1212,Aelrynth,,,Started Crystal Core Quest,,FALSE,0,1,set by David,
burnjasboardturninrepeat,Aelrynth,,,Player has already turned in 1 Burnjas Board with nails,,FALSE,0,1,set by Jarvis Hammerstone,
burrecall_repeat,Aelrynth,,,Player has completed Bur Recall at least once,,FALSE,0,1,set by Oswent the Pale,
burrecall_start,Aelrynth,,,Player is flagged for Bur Recall portion of lockbox,,FALSE,0,1,set by Oswent the Pale,
burrecall_wait,Aelrynth,,,Wait timer for Bur Recall,,TRUE,72000,-1,set by Oswent the Pale,
buruncontact,Aelrynth,,,You have learned that the Renegades mean to make contact with the Burun.,,FALSE,0,1,set by A Cluttered Table,
buruningressdirelands,Aelrynth,,,You can now enter the Burun temple in the Direlands.,,FALSE,0,1,set by Translator Aun Laokhe,
burunliberator_repeat,Aelrynth,,,Player has completed Burun Liberator Quest once,,FALSE,0,1,set by Scout Leader Tmauruk,
burunliberator_start,Aelrynth,,,Player has started Burun Liberator Quest,,FALSE,0,1,set by Scout Leader Tmauruk,
burunliberator_wait,Aelrynth,,,Player wait timer for Burun Liberator Quest,,TRUE,72000,-1,set by Scout Leader Tmauruk,
caligaegis,Aelrynth,,,Caliginous Aegis,,TRUE,518400,-1,,
caliginousbethelcomplete_0511,Aelrynth,,,Handed Refulgent Bracelet to Aurten Rhell,,TRUE,72000,-1,set by Aurten Rhell,
callingstonegiven,Aelrynth,,,Turned over the Calling Stone,,FALSE,0,1,"set by Greeter, Society Greeter",
cameraguardspoken1,Aelrynth,,,Camera Guard has spoken once,,FALSE,0,1,set by Guard,
cameraguardspoken2,Aelrynth,,,Camera Guard has spoken twice,,FALSE,0,1,set by Guard,
cameraguardspoken3,Aelrynth,,,CameraGuard has spoken thrice,,FALSE,0,1,set by Guard,
campentemarrecompleted,Aelrynth,,,Head of Baron Entemarre quest completed,,TRUE,1123200,-1,set by Hashina,
campentemarrestarted,Aelrynth,,,Head of Baron Entemarre quest started,,FALSE,0,1,set by Hashina,
canaccessqueenlairrot2,Aelrynth,,,wearing ring lets you go in lair,,FALSE,0,1,"set by Crystal Ring of Protection, Crystal Ring of Quickness, Scintillating Crystal Ring and 1 more",
candlerunfailwait,Aelrynth,,,Cooldown for Candle Run failed attempt,,TRUE,900,-1,set by Hoshino Kiri,
candlerunprogress,Aelrynth,,,Candle Run progress tracker and timer,,TRUE,30,5,"set by First Enchanted Candle, Hoshino Kiri, Second Enchanted Candle and 1 more",
candlerunwait,Aelrynth,,,Cooldown for Candle Run rewards,,TRUE,518400,-1,set by Hoshino Kiri,
canentergerainerefuge,Aelrynth,,,Flagged to enter Geraine's Hosts dungeons.,,FALSE,0,1,set by Mhoire Soldier,
canenterlordkastellarslab,Aelrynth,,,Flagged to enter Lord Kastellar's Lab,,FALSE,0,1,set by Sir Donovan,
canentersclavustempledoor,Aelrynth,,,Flagged to use Sclavus Temple Lord Test,,FALSE,0,1,set by Coral Hollow,
canpickupcorruptedmanashard,Aelrynth,,,Player can pick up Corrupted Mana Shard,,FALSE,0,1,"set by Arturus of the Eldrytch Web, Ayesha of the Radiant Blood, Kirina of the Celestial Hand",
canpickuplargecorruptedmanashard,Aelrynth,,,Player can pick up Large Corrupted Mana Shard for Deru Quest.,,FALSE,0,1,set by Aun Kimintari,
canpickupsilverantoken,Aelrynth,,,Player can pick up a Silveran Token,,FALSE,0,1,"set by Jathaq al-Nishadina, Varlanna",
caocaofirstspeak,Aelrynth,,,TBD,,FALSE,0,1,,
caocaoright,Aelrynth,,,Correct answer on Cao Cao,,FALSE,0,1,set by Cao Cao,
capacademypickup,Aelrynth,,,Player has picked up the Academy Cap,,FALSE,0,1,checked by Samuel,
capplewine,Aelrynth,,,Allowed to pickup Cove Apple Wine,,FALSE,0,1,set by Lubziklan al-Luq,
captive100gwi1205,Aelrynth,,,Started Glenden Wood Invasion Mid quest,,FALSE,0,1,set by Captain Sovano,
captive130gwi1205,Aelrynth,,,Started Glenden Wood Invasion High quest,,FALSE,0,1,set by Captain Anrayl,
captive80gwi1205,Aelrynth,,,Started Glenden Wood Invasion Low quest,,FALSE,0,1,set by Captain Nyino,
captivetalk100,Aelrynth,,,Started Glenden Wood Invasion Mid quest,,FALSE,0,1,set by Captive,
captivetalk180,Aelrynth,,,Started Glenden Wood Invasion High quest,,FALSE,0,1,set by Captive,
captivetalk80,Aelrynth,,,Started Glenden Wood Invasion Low quest,,FALSE,0,1,set by Captive,
carenziplaguestarted,Aelrynth,,,Player count down timer for Diseased Livers.,,TRUE,7200,-1,"set by Diseased Carenzi Stalker Liver, Diseased Carnivorous Carenzi Liver, Diseased Feral Carenzi Liver and 3 more",
carenzirace,Aelrynth,,,Started a Race,,TRUE,900,-1,set by Carenzi Race Bookie,
carenziracebetterr1,Aelrynth,,,Bet on Racer 1,,FALSE,0,1,set by Carenzi Racer,
carenziracebetterr2,Aelrynth,,,Bet on Racer 2,,FALSE,0,1,set by Carenzi Racer,
carenziracebetterr3,Aelrynth,,,Bet on Racer 3,,FALSE,0,1,set by Carenzi Racer,
carenziracebetterr4,Aelrynth,,,Bet on Racer 4,,FALSE,0,1,set by Carenzi Racer,
carenziracebetterr5,Aelrynth,,,Bet on Racer 5,,FALSE,0,1,set by Carenzi Racer,
carenziracebetterr6,Aelrynth,,,Bet on Racer 6,,FALSE,0,1,set by Carenzi Racer,
carenziracebetterr7,Aelrynth,,,Bet on Racer 7,,FALSE,0,1,set by Carenzi Racer,
carenziracebetterr8,Aelrynth,,,Bet on Racer 8,,FALSE,0,1,set by Carenzi Racer,
carenziracecup,Aelrynth,,,Won the Carenzi Cup,,FALSE,0,1,set by Carenzi Race Bookie,
carenziracermoves,Aelrynth,,,Total of moves for a racer to reach finish line in Carenzi Race,,TRUE,0,60,set by Carenzi Racer,
carenziracewins,Aelrynth,,,Total Carenzi Race Wins,,TRUE,0,-1,set by Carenzi Race Bookie,
carloloreviamontianmages001acquired0205,Aelrynth,,,You picked up page 1 of Carlo di Cenza's journal.,,TRUE,72000,-1,,
carloloreviamontianmages007acquired0205,Aelrynth,,,You picked up page 7 of Carlo di Cenza's journal.,,TRUE,72000,-1,,
carloloreviamontianmagesbindingacquired0205,Aelrynth,,,You picked up Carlo di Cenza's book binding.,,TRUE,72000,-1,,
carpwing,Aelrynth,,,Player has picked up a Carpenter Wasp wing in the Academy,,FALSE,0,1,,
cartilageofoldscratchy_pickup,Aelrynth,,,Player has picked up Cartilage of Old Scratchy,,TRUE,72000,-1,,
casinovipportalaccess,Aelrynth,,,Access Pass for Casino VIP Portals,,TRUE,300,-1,"set by Carenzi Race Bookie, Monster Fight Bookie",
caulnalaincrystal,Aelrynth,,,Caulnalain Crystal,,TRUE,72000,-1,,
cavepenguinegg,Aelrynth,,,Picked up Cave Penguin Egg,,TRUE,72000,-1,,
cavernenchantedmnemosynesfound,Aelrynth,,,Enchanted Mnemosynes Found Bits,,TRUE,0,15,checked by Menhir,
celestialhandmember,Aelrynth,,,Player is a member of Celestial Hand,,FALSE,0,1,set by Kirina of the Celestial Hand,
centralhiveportalok,Aelrynth,,,Kill special Eviscerator in Mt Elyrii Wastland Hive or N Dam to go through the portal to Royal Hive,,TRUE,5400,-1,set by Olthoi Eviscerator,
cestusstatuepickup,Aelrynth,,,Player has picked up this weapons and cannot pick up another one for 1 day,,TRUE,72000,-1,,
championbullgarabet,Aelrynth,,,Player bet on Champion Bullgara,,FALSE,0,1,set by Champion Bulgara,
championkillquest1,Aelrynth,,,Kill Aun Ralirea,,TRUE,72000,-1,set by Aun Ralirea,
championkillquest2,Aelrynth,,,Kill Hea Temenua,,TRUE,72000,-1,set by Hea Temenua,
championquest01,Aelrynth,,,Pick up KeyKarenua - opens the Hea Raiders' chest,,TRUE,72000,-1,,
championquest02,Aelrynth,,,Pick up VirindiScalpelBlade,,TRUE,72000,-1,,
championquest03,Aelrynth,,,Pick up VirindiScalpelHilt,,TRUE,72000,-1,,
championquest04,Aelrynth,,,Pick up CropTuperea1,,TRUE,72000,-1,,
championquest05,Aelrynth,,,Pick up CropTuperea2,,TRUE,72000,-1,,
championquest06,Aelrynth,,,Pick up ExquisiteElariBowString,,TRUE,72000,-1,,
championquest07,Aelrynth,,,Pick up ExquisiteElariBowHaft,,TRUE,72000,-1,,
changedsurveyorsettings,Aelrynth,,,You played with the surveyor's equipment! Bad person!,,TRUE,72000,-1,set by Surveying Device,
changinggearscompleted_0813,Aelrynth,,,quest timer,,TRUE,72000,-1,set by Ilte Krongal,
changinggearsstarted_0813,Aelrynth,,,quest timer,,FALSE,0,1,set by Ilte Krongal,
charmdolloct01,Aelrynth,,,Pyreal Doll Charm,,TRUE,72000,-1,,
chasingoswalddungeonflag,Aelrynth,,,Chasing Oswald dungeon flagged,,FALSE,0,1,set by Huntsman of Silyun,
chasingoswaldruschkicehold,Aelrynth,,,Chasing Oswald Ruschk Ice Hold flagged,,FALSE,0,1,set by Huntsman of Silyun,
chasingoswaldviamontprison,Aelrynth,,,Chasing Oswald Viamont Prison flagged,,FALSE,0,1,set by Huntsman of Silyun,
chdscompletedonce0608,Aelrynth,,,Player stamp for first completion of Harlunes Diplomacy.,,FALSE,0,1,set by Roderick,
chdsfalatacotcharm0608,Aelrynth,,,Player wait timer for Harlunes Diplomacy.,,TRUE,72000,-1,set by Roderick,
chdsrepeat0608,Aelrynth,,,Player stamp for repeat completions of Harlunes Diplomacy.,,FALSE,0,1,set by Roderick,
chdsstarted0608,Aelrynth,,,Player has started Harlunes Diplomacy.,,FALSE,0,1,set by Roderick,
chdsstatuecharged0608,Aelrynth,,,NPC stamp for Falatacot Warden Statues.,,FALSE,0,1,set by Falatacot Warden Statue,
chestblackmarrowburningtower0205,Aelrynth,,,You have opened this chest already.,,TRUE,72000,-1,,
chestblackmarrowcaulcano0205,Aelrynth,,,You have opened this chest already.,,TRUE,72000,-1,,
chestblackmarrowcauloasis0205,Aelrynth,,,You have opened this chest already.,,TRUE,72000,-1,,
chestblackmarrowfloatingbridge0205,Aelrynth,,,You have opened this chest already.,,TRUE,72000,-1,,
chestblackmarrowfloatingtower0205,Aelrynth,,,You have opened this chest already.,,TRUE,72000,-1,,
chestblackmarrowgatewaydemesne0205,Aelrynth,,,You have opened this chest already.,,TRUE,72000,-1,,
chestblackmarrowgatewaylurza0205,Aelrynth,,,You have opened this chest already.,,TRUE,72000,-1,,
chestblackmarrowgatewayshemza0205,Aelrynth,,,You have opened this chest already.,,TRUE,72000,-1,,
chestblackmarrownightmaregate0205,Aelrynth,,,You have opened this chest already.,,TRUE,72000,-1,,
chestblackmarrowtunneloflove0205,Aelrynth,,,You have opened this chest already.,,TRUE,72000,-1,,
chestburuppercatacomb1,Aelrynth,Upper Catacombs,,You have opened this chest already.,,TRUE,72000,-1,,
chestburuppercatacomb2,Aelrynth,Upper Catacombs,,You have opened this chest already.,,TRUE,72000,-1,,
chestburuppercatacomb3,Aelrynth,Upper Catacombs,,You have opened this chest already.,,TRUE,72000,-1,,
chestburuppercatacomb4,Aelrynth,Upper Catacombs,,You have opened this chest already.,,TRUE,72000,-1,,
chestburuppercatacomb5,Aelrynth,Upper Catacombs,,You have opened this chest already.,,TRUE,72000,-1,,
chestburuppercatacomb6,Aelrynth,Upper Catacombs,,You have opened this chest already.,,TRUE,72000,-1,,
chestchorizite48745,Aelrynth,,,You have opened this chest already.,,TRUE,72000,-1,,
chestchorizite48757,Aelrynth,,,quest timer,,TRUE,72000,-1,,
chestchorizite48759,Aelrynth,,,quest timer,,TRUE,72000,-1,,
chestchorizite48760,Aelrynth,,,You have opened this chest already.,,TRUE,72000,-1,,
chestchorizite48766,Aelrynth,,,quest timer,,TRUE,72000,-1,,
chestchorizite48767,Aelrynth,,,quest timer,,TRUE,72000,-1,,
chestchorizite48773,Aelrynth,,,Used Chorizite Chest in Count Phainors Tomb,,TRUE,72000,-1,,
chestchorizite48824,Aelrynth,,,You have opened this chest already.,,TRUE,72000,-1,,
chestchorizite48913,Aelrynth,,,Used Chorizite Chest in Foundry of Izexi.,,TRUE,72000,-1,,
chestchorizite51280,Aelrynth,,,Used Chorizite Chest in Virindi Edifice,,TRUE,72000,-1,,
chestchorizite51327,Aelrynth,,,Used Chorizite Chest in Hive Warrior Mound,,TRUE,72000,-1,,
chestchorizite51427,Aelrynth,,,You have opened this chest already.,,TRUE,72000,-1,,
chestchorizite51643,Aelrynth,,,Used Chorizite Chest in Rynthid Access,,TRUE,72000,-1,,
chestchorizite51662,Aelrynth,,,Used Chorizite Chest in Rynthid Foundry,,TRUE,72000,-1,,
chestchorizite51687,Aelrynth,,,Used Chorizite Chest in Fear Factory,,TRUE,72000,-1,,
chestchorizite72060,Aelrynth,,,Used Chorizite Chest in Bah'Ktar Tower,,TRUE,72000,-1,,
chestchorizite72061,Aelrynth,,,Used Chorizite Chest in Rynthid Genesis,,TRUE,72000,-1,,
chestchorizite72137,Aelrynth,,,Used Chorizite Chest in Virindi Edifice,,TRUE,72000,-1,,
chestchorizite72153,Aelrynth,,,Used Chorizite Chest in Presk's Bunker,,TRUE,72000,-1,,
chestchorizite72171,Aelrynth,,,Used Chorizite Chest in Curator of Torment's Study,,TRUE,72000,-1,,
chestchorizite72172,Aelrynth,,,Used Chorizite Chest in Catacombs of Torment,,TRUE,72000,-1,,
chestchorizite72326,Aelrynth,,,quest timer,,TRUE,72000,-1,,
chestchorizite72526,Aelrynth,,,quest timer,,TRUE,72000,-1,,
chestchorizite72616,Aelrynth,,,quest timer,,TRUE,72000,-1,,
chestchorizite72698,Aelrynth,,,Used Chorizite Chest in Hive Eviscerator Burrow,,TRUE,72000,-1,,
chestchorizite73155,Aelrynth,,,quest timer,,TRUE,72000,-1,,
chestchorizite87509,Aelrynth,,,Used Chorizite Chest in Four Corners.,,TRUE,72000,-1,,
chestchorizite87566,Aelrynth,,,Used Chorizite Chest in Third Sister.,,TRUE,72000,-1,,
chestquestaubereanmap,Aelrynth,,,Opened a ChestQuest,,TRUE,72000,-1,,
chestquestcoinattachment,Aelrynth,,,Opened a ChestQuest,,TRUE,72000,-1,,
chestquestdarkmonolith,Aelrynth,,,Opened a ChestQuest,,TRUE,72000,-1,,
chestquestdarktowers,Aelrynth,,,Opened a ChestQuest,,TRUE,72000,-1,,
chestquestdeepcaverns,Aelrynth,,,Opened a ChestQuest,,TRUE,72000,-1,,
chestquestdrudgefight,Aelrynth,,,Opened a ChestQuest,,TRUE,72000,-1,,
chestquestgibbering,Aelrynth,,,Opened a ChestQuest,,TRUE,72000,-1,,
chestquestlairhomunculus,Aelrynth,,,Opened a ChestQuest,,TRUE,72000,-1,,
chestquestlittlestniffis1204,Aelrynth,,,You have opened the Littlest Niffis chest!,,TRUE,72000,-1,,
chestquestlockedextreme,Aelrynth,,,Opened a ChestQuestLockedExtreme.,,TRUE,72000,-1,,
chestquestlockedextremepoia,Aelrynth,,,Opened a ChestQuestLockedExtreme.,,TRUE,72000,-1,,
chestquestlockedextremepoib,Aelrynth,,,Opened a ChestQuestLockedExtreme.,,TRUE,72000,-1,,
chestquestlockedextremepoic,Aelrynth,,,Opened a ChestQuestLockedExtreme.,,TRUE,72000,-1,,
chestquestlockedextremepoid,Aelrynth,,,Opened a ChestQuestLockedExtreme.,,TRUE,72000,-1,,
chestquestlockedextremepoie,Aelrynth,,,Opened a ChestQuestLockedExtreme.,,TRUE,72000,-1,,
chestquestlockedextremepoif,Aelrynth,,,Opened a ChestQuestLockedExtreme.,,TRUE,72000,-1,,
chestquestlockedextremepoig,Aelrynth,,,Opened a ChestQuestLockedExtreme.,,TRUE,72000,-1,,
chestquestlockedhigh,Aelrynth,,,Opened a ChestQuestLockedHigh.,,TRUE,72000,-1,,
chestquestlockedhighpoia,Aelrynth,,,Opened a ChestQuestLockedHigh.,,TRUE,72000,-1,,
chestquestlockedhighpoib,Aelrynth,,,Opened a ChestQuestLockedHigh.,,TRUE,72000,-1,,
chestquestlockedhighpoic,Aelrynth,,,Opened a ChestQuestLockedHigh.,,TRUE,72000,-1,,
chestquestlockedhighpoid,Aelrynth,,,Opened a ChestQuestLockedHigh.,,TRUE,72000,-1,,
chestquestlockedhighpoie,Aelrynth,,,Opened a ChestQuestLockedHigh.,,TRUE,72000,-1,,
chestquestlockedhighpoif,Aelrynth,,,Opened a ChestQuestLockedHigh.,,TRUE,72000,-1,,
chestquestlockedhighpoig,Aelrynth,,,Opened a ChestQuestLockedHigh.,,TRUE,72000,-1,,
chestquestlockedlow,Aelrynth,,,Opened a ChestQuestLockedLow.,,TRUE,72000,-1,,
chestquestlockedlowgolemmound,Aelrynth,,,Opened a ChestQuestLockedLowGolemMound.,,TRUE,72000,-1,,
chestquestlockedlowlichhut,Aelrynth,,,Opened a ChestQuestLockedLowLichHut.,,TRUE,72000,-1,,
chestquestlockedlowpoia,Aelrynth,,,Opened a ChestQuestLockedLow.,,TRUE,72000,-1,,
chestquestlockedlowpoib,Aelrynth,,,Opened a ChestQuestLockedLow.,,TRUE,72000,-1,,
chestquestlockedlowpoic,Aelrynth,,,Opened a ChestQuestLockedLow.,,TRUE,72000,-1,,
chestquestlockedlowpoid,Aelrynth,,,Opened a ChestQuestLockedLow.,,TRUE,72000,-1,,
chestquestlockedlowpoie,Aelrynth,,,Opened a ChestQuestLockedLow.,,TRUE,72000,-1,,
chestquestlockedlowpoif,Aelrynth,,,Opened a ChestQuestLockedLow.,,TRUE,72000,-1,,
chestquestlockedlowpoig,Aelrynth,,,Opened a ChestQuestLockedLow.,,TRUE,72000,-1,,
chestquestlockedlowratnest,Aelrynth,,,Opened a ChestQuestLockedLowRatNest.,,TRUE,72000,-1,,
chestquestlockedmid,Aelrynth,,,Opened a ChestQuestLockedMid.,,TRUE,72000,-1,,
chestquestlockedmidbanderlingbandittower,Aelrynth,,,Opened a ChestQuestLockedMidBanderlingBanditTower.,,TRUE,72000,-1,,
chestquestlockedmiddaiklos,Aelrynth,,,Opened a ChestQuestLockedMidDaiklos.,,TRUE,72000,-1,,
chestquestlockedmidhilltopdrudgetower,Aelrynth,,,Opened a ChestQuestLockedMidHilltopDrudgeTower.,,TRUE,72000,-1,,
chestquestlockedmidholtburgruin,Aelrynth,,,Opened a ChestQuestLockedMidHoltburgRuin.,,TRUE,72000,-1,,
chestquestlockedmidmushroomaltar,Aelrynth,,,Opened a ChestQuestLockedMidMushroomAltar.,,TRUE,72000,-1,,
chestquestlockedmidpoia,Aelrynth,,,Opened a ChestQuestLockedMid.,,TRUE,72000,-1,,
chestquestlockedmidpoib,Aelrynth,,,Opened a ChestQuestLockedMid.,,TRUE,72000,-1,,
chestquestlockedmidpoic,Aelrynth,,,Opened a ChestQuestLockedMid.,,TRUE,72000,-1,,
chestquestlockedmidpoid,Aelrynth,,,Opened a ChestQuestLockedMid.,,TRUE,72000,-1,,
chestquestlockedmidpoie,Aelrynth,,,Opened a ChestQuestLockedMid.,,TRUE,72000,-1,,
chestquestlockedmidpoif,Aelrynth,,,Opened a ChestQuestLockedMid.,,TRUE,72000,-1,,
chestquestlockedmidpoig,Aelrynth,,,Opened a ChestQuestLockedMid.,,TRUE,72000,-1,,
chestquestlockednewbiepoia,Aelrynth,,,Opened a ChestQuestLockedNewbie.,,TRUE,72000,-1,,
chestquestlockednewbiepoib,Aelrynth,,,Opened a ChestQuestLockedNewbie.,,TRUE,72000,-1,,
chestquestlockednewbiepoic,Aelrynth,,,Opened a ChestQuestLockedNewbie.,,TRUE,72000,-1,,
chestquestlockednewbiepoid,Aelrynth,,,Opened a ChestQuestLockedNewbie.,,TRUE,72000,-1,,
chestquestlockednewbiepoie,Aelrynth,,,Opened a ChestQuestLockedNewbie.,,TRUE,72000,-1,,
chestquestlockednewbiepoif,Aelrynth,,,Opened a ChestQuestLockedNewbie.,,TRUE,72000,-1,,
chestquestlockednewbiepoig,Aelrynth,,,Opened a ChestQuestLockedNewbie.,,TRUE,72000,-1,,
chestquestrelic,Aelrynth,,,Opened a ChestQuest,,TRUE,72000,-1,,
chestquestrestingplace,Aelrynth,,,Opened a ChestQuest,,TRUE,72000,-1,,
chestquestunlockedhigh,Aelrynth,,,Opened a ChestQuestUnlockedHigh.,,TRUE,72000,-1,,
chestquestunlockedhighpoia,Aelrynth,,,Opened a ChestQuestUnlockedHigh.,,TRUE,72000,-1,,
chestquestunlockedhighpoib,Aelrynth,,,Opened a ChestQuestUnlockedHigh.,,TRUE,72000,-1,,
chestquestunlockedhighpoic,Aelrynth,,,Opened a ChestQuestUnlockedHigh.,,TRUE,72000,-1,,
chestquestunlockedhighpoid,Aelrynth,,,Opened a ChestQuestUnlockedHigh.,,TRUE,72000,-1,,
chestquestunlockedhighpoie,Aelrynth,,,Opened a ChestQuestUnlockedHigh.,,TRUE,72000,-1,,
chestquestunlockedhighpoif,Aelrynth,,,Opened a ChestQuestUnlockedHigh.,,TRUE,72000,-1,,
chestquestunlockedhighpoig,Aelrynth,,,Opened a ChestQuestUnlockedHigh.,,TRUE,72000,-1,,
chestquestunlockedlow,Aelrynth,,,Opened a ChestQuestUnlockedLow.,,TRUE,72000,-1,,
chestquestunlockedlowdaiklos,Aelrynth,,,Opened a ChestQuestUnlockedLowDaiklos.,,TRUE,72000,-1,,
chestquestunlockedlowdrudgehideout,Aelrynth,,,Opened a ChestQuestUnlockedLowDrudgeHideout.,,TRUE,72000,-1,,
chestquestunlockedlowdungeonfern,Aelrynth,,,Opened a ChestQuestUnlockedLowDungeonFern.,,TRUE,72000,-1,,
chestquestunlockedlowhedgedplatform,Aelrynth,,,Opened a ChestQuestUnlockedLowHedgedPlatform.,,TRUE,72000,-1,,
chestquestunlockedlowpoia,Aelrynth,,,Opened a ChestQuestUnlockedLow.,,TRUE,72000,-1,,
chestquestunlockedlowpoib,Aelrynth,,,Opened a ChestQuestUnlockedLow.,,TRUE,72000,-1,,
chestquestunlockedlowpoic,Aelrynth,,,Opened a ChestQuestUnlockedLow.,,TRUE,72000,-1,,
chestquestunlockedlowpoid,Aelrynth,,,Opened a ChestQuestUnlockedLow.,,TRUE,72000,-1,,
chestquestunlockedlowpoie,Aelrynth,,,Opened a ChestQuestUnlockedLow.,,TRUE,72000,-1,,
chestquestunlockedlowpoif,Aelrynth,,,Opened a ChestQuestUnlockedLow.,,TRUE,72000,-1,,
chestquestunlockedlowpoig,Aelrynth,,,Opened a ChestQuestUnlockedLow.,,TRUE,72000,-1,,
chestquestunlockedlowratnest,Aelrynth,,,Opened a ChestQuestUnlockedLowRatNest.,,TRUE,72000,-1,,
chestquestunlockedmid,Aelrynth,,,Opened a ChestQuestUnlockedMid.,,TRUE,72000,-1,,
chestquestunlockedmidpoia,Aelrynth,,,Opened a ChestQuestUnlockedMid.,,TRUE,72000,-1,,
chestquestunlockedmidpoib,Aelrynth,,,Opened a ChestQuestUnlockedMid.,,TRUE,72000,-1,,
chestquestunlockedmidpoic,Aelrynth,,,Opened a ChestQuestUnlockedMid.,,TRUE,72000,-1,,
chestquestunlockedmidpoid,Aelrynth,,,Opened a ChestQuestUnlockedMid.,,TRUE,72000,-1,,
chestquestunlockedmidpoie,Aelrynth,,,Opened a ChestQuestUnlockedMid.,,TRUE,72000,-1,,
chestquestunlockedmidpoif,Aelrynth,,,Opened a ChestQuestUnlockedMid.,,TRUE,72000,-1,,
chestquestunlockedmidpoig,Aelrynth,,,Opened a ChestQuestUnlockedMid.,,TRUE,72000,-1,,
chestquestunlockednewbiepoia,Aelrynth,,,Opened a ChestQuestUnlockedNewbie.,,TRUE,72000,-1,,
chestquestunlockednewbiepoib,Aelrynth,,,Opened a ChestQuestUnlockedNewbie.,,TRUE,72000,-1,,
chestquestunlockednewbiepoic,Aelrynth,,,Opened a ChestQuestUnlockedNewbie.,,TRUE,72000,-1,,
chestquestunlockednewbiepoid,Aelrynth,,,Opened a ChestQuestUnlockedNewbie.,,TRUE,72000,-1,,
chestquestunlockednewbiepoie,Aelrynth,,,Opened a ChestQuestUnlockedNewbie.,,TRUE,72000,-1,,
chestquestunlockednewbiepoif,Aelrynth,,,Opened a ChestQuestUnlockedNewbie.,,TRUE,72000,-1,,
chestquestunlockednewbiepoig,Aelrynth,,,Opened a ChestQuestUnlockedNewbie.,,TRUE,72000,-1,,
chestquestwizardsblade,Aelrynth,,,Opened a ChestQuest,,TRUE,72000,-1,,
chestsawatobanditfort,Aelrynth,,,Timer for the Old Runed Chest at Sawato Bandit Fort,,TRUE,72000,-1,,
chiefgrogbashbet,Aelrynth,,,Player bet on Chief Grogbash,,FALSE,0,1,set by Chief Grogbash,
chitinrot1,Aelrynth,,,Player picked up OlthoiChitin.,,TRUE,72000,-1,,
chorizitea,Aelrynth,,,Chorizite Refined A,,TRUE,57600,-1,set by Feruza ibn Salaq,
choriziteb,Aelrynth,,,Chorizite Refined B,,TRUE,57600,-1,set by Feruza ibn Salaq,
chorizitec,Aelrynth,,,Chorizite Refined C,,TRUE,57600,-1,set by Feruza ibn Salaq,
chunkyore_turnins,Aelrynth,,,Turn in amount for Chunky Ore Collection,,TRUE,0,5,set by Mine Foreman,
chunkyore_wait,Aelrynth,,,Wait timer for Chunky Ore Collection,,TRUE,72000,-1,set by Mine Foreman,
claudecount,Aelrynth,,,Player turned in a reflection in Claude's Mind.,,TRUE,0,-1,set by Claude the Archmage,
claudegotreflection,Aelrynth,,,Human got its reflection in Claude's Mind.,,FALSE,0,1,set by Human,
claudekillcount,Aelrynth,,,Player killed an Elite shadow in Claude's Mind.,,TRUE,0,-1,set by Claude Witnessing History Stopgap,
clawofthehopeslayerfirstrun,Aelrynth,,,Stamped on first turn in of Claw of the Hopeslayer,,FALSE,0,1,set by Aun Aemaua,
clawofthehopeslayerpickuptimer,Aelrynth,,,Picked up Claw of the Hopeslayer,,TRUE,72000,-1,,
cleansingthethronestart_1209,Aelrynth,,,quest timer,,FALSE,0,1,set by Shade of Antemy,
cleansingthethronewaiting_1209,Aelrynth,,,quest timer,,TRUE,72000,-1,set by Shade of Antemy,
climbedviridianderu,Aelrynth,,,quest timer,,FALSE,0,1,set by Doriathazaar,
clonekillerextreme,Aelrynth,,,Player has killed a extreme replica statue and can enter the low statue dungeon.,,FALSE,0,1,,
clonekillerhigh,Aelrynth,,,Player has killed a high replica statue and can enter the low statue dungeon.,,FALSE,0,1,,
clonekillerlow,Aelrynth,,,Player has killed a low replica statue and can enter the low statue dungeon.,,FALSE,0,1,,
clonekillermid,Aelrynth,,,Player has killed a midreplica statue and can enter the low statue dungeon.,,FALSE,0,1,,
cluecardpickedup,Aelrynth,,,You have picked up the clue card.,,TRUE,72000,-1,,
clutchkingscomplete,Aelrynth,,,You've killed all six Burun Kings.,,TRUE,72000,-1,set by Guard Devon,
codedtanadascrollpickup,Aelrynth,,,quest timer,,TRUE,72000,-1,,
coffinquestlockedlowholtburgdungeon,Aelrynth,,,Opened a CoffinQuestLockedLowHoltburgDungeon.,,TRUE,72000,-1,,
coilbanderling,Aelrynth,,,Player has picked up a banderling coil and cannot pick up another for 1 day.,,TRUE,72000,-1,,
coilbanderlinggiven,Aelrynth,,,Player has given this coil and cannot give another for one day.,,TRUE,72000,-1,set by Arcanum Researcher,
coilbenten,Aelrynth,,,Player has picked up a Ben Ten coil and cannot pick up another for 1 day.,,TRUE,72000,-1,,
coilbentengiven,Aelrynth,,,Player has given this coil and cannot give another for one day.,,TRUE,72000,-1,set by Arcanum Researcher,
coilsclavus,Aelrynth,,,Player has picked up a Sclavus coil and cannot pick up another for 1 day.,,TRUE,72000,-1,,
coilsclavusgiven,Aelrynth,,,Player has given this coil and cannot give another for one day.,,TRUE,72000,-1,set by Arcanum Researcher,
coilskeleton,Aelrynth,,,Player has picked up a Skeleton coil and cannot pick up another for 1 day.,,TRUE,72000,-1,,
coilskeletongiven,Aelrynth,,,Player has given this coil and cannot give another for one day.,,TRUE,72000,-1,set by Arcanum Researcher,
coilthorsten,Aelrynth,,,Player has picked up a Thorsten coil and cannot pick up another for 1 day.,,TRUE,72000,-1,,
coilthorstengiven,Aelrynth,,,Player has given this coil and cannot give another for one day.,,TRUE,72000,-1,set by Arcanum Researcher,
coilzharalim,Aelrynth,,,Player has picked up a Zharalim coil and cannot pick up another for 1 day.,,TRUE,72000,-1,,
coilzharalimgiven,Aelrynth,,,Player has given this coil and cannot give another for one day.,,TRUE,72000,-1,set by Arcanum Researcher,
coinattachmentpickup,Aelrynth,,,You've picked up the Coin of Attachment,,FALSE,0,1,,
colierminetreasurekey,Aelrynth,,,The Treasure Key for Colier Mine,,TRUE,72000,-1,,
collectoralchemyalulow,Aelrynth,,,You have turned in a Low alchemy arts&crafts item.,,TRUE,72000,-1,set by Apprentice Alchemist,
collectoralchemyalumid,Aelrynth,,,You have turned in a Mid alchemy arts&crafts item.,,TRUE,72000,-1,set by Journeyman Alchemist,
collectoralchemyalunewbie,Aelrynth,,,You have turned in a newbie alchemy arts&crafts item.,,TRUE,72000,-1,set by Apprentice Alchemist,
collectoralchemyghalow,Aelrynth,,,You have turned in a Low alchemy arts&crafts item.,,TRUE,72000,-1,set by Apprentice Alchemist,
collectoralchemyghamid,Aelrynth,,,You have turned in a Mid alchemy arts&crafts item.,,TRUE,72000,-1,set by Journeyman Alchemist,
collectoralchemyghanewbie,Aelrynth,,,You have turned in a newbie alchemy arts&crafts item.,,TRUE,72000,-1,set by Apprentice Alchemist,
collectoralchemysholow,Aelrynth,,,You have turned in a Low alchemy arts&crafts item.,,TRUE,72000,-1,set by Apprentice Alchemist,
collectoralchemyshomid,Aelrynth,,,You have turned in a Mid alchemy arts&crafts item.,,TRUE,72000,-1,set by Journeyman Alchemist,
collectoralchemyshonewbie,Aelrynth,,,You have turned in a newbie alchemy arts&crafts item.,,TRUE,72000,-1,set by Apprentice Alchemist,
collectorcookingalulow,Aelrynth,,,You have turned in a Low cooking arts&crafts item.,,TRUE,72000,-1,set by Apprentice Cook,
collectorcookingalumid,Aelrynth,,,You have turned in a Mid cooking arts&crafts item.,,TRUE,72000,-1,set by Journeyman Cook,
collectorcookingalunewbie,Aelrynth,,,You have turned in a newbie cooking arts&crafts item.,,TRUE,72000,-1,set by Apprentice Cook,
collectorcookingghalow,Aelrynth,,,You have turned in a Low cooking arts&crafts item.,,TRUE,72000,-1,set by Apprentice Cook,
collectorcookingghamid,Aelrynth,,,You have turned in a Mid cooking arts&crafts item.,,TRUE,72000,-1,set by Journeyman Cook,
collectorcookingghanewbie,Aelrynth,,,You have turned in a newbie cooking arts&crafts item.,,TRUE,72000,-1,set by Apprentice Cook,
collectorcookingsholow,Aelrynth,,,You have turned in a Low cooking arts&crafts item.,,TRUE,72000,-1,set by Apprentice Cook,
collectorcookingshomid,Aelrynth,,,You have turned in a Mid cooking arts&crafts item.,,TRUE,72000,-1,set by Journeyman Cook,
collectorcookingshonewbie,Aelrynth,,,You have turned in a newbie cooking arts&crafts item.,,TRUE,72000,-1,set by Apprentice Cook,
collectorfletchingalulow,Aelrynth,,,You have turned in a Low fletching arts&crafts item.,,TRUE,72000,-1,set by Apprentice Fletcher,
collectorfletchingalumid,Aelrynth,,,You have turned in a Mid fletching arts&crafts item.,,TRUE,72000,-1,set by Journeyman Fletcher,
collectorfletchingalunewbie,Aelrynth,,,You have turned in a newbie fletching arts&crafts item.,,TRUE,72000,-1,set by Apprentice Fletcher,
collectorfletchingghalow,Aelrynth,,,You have turned in a Low fletching arts&crafts item.,,TRUE,72000,-1,set by Apprentice Fletcher,
collectorfletchingghamid,Aelrynth,,,You have turned in a Mid fletching arts&crafts item.,,TRUE,72000,-1,set by Journeyman Fletcher,
collectorfletchingghanewbie,Aelrynth,,,You have turned in a newbie fletching arts&crafts item.,,TRUE,72000,-1,set by Apprentice Fletcher,
collectorfletchingsholow,Aelrynth,,,You have turned in a Low fletching arts&crafts item.,,TRUE,72000,-1,set by Apprentice Fletcher,
collectorfletchingshomid,Aelrynth,,,You have turned in a Mid fletching arts&crafts item.,,TRUE,72000,-1,set by Journeyman Fletcher,
collectorfletchingshonewbie,Aelrynth,,,You have turned in a newbie fletching arts&crafts item.,,TRUE,72000,-1,set by Apprentice Fletcher,
coloarenacooldownactive,Aelrynth,,,Cooldown Active for a Colo Arena,,FALSE,0,1,"set by Arena Five Statue, Arena Four Statue, Arena One Statue and 2 more",
coloarenafiveaccess,Aelrynth,,,Access to Colo Arena Five,,TRUE,3600,-1,"set by Advanced Colosseum Arena, Arena Five Statue, Colosseum Arena and 1 more",
coloarenafiveboot,Aelrynth,,,Boot Timer for Colo Arena Five,,TRUE,3588,-1,set by Arena Five Statue,
coloarenafivewait,Aelrynth,,,Cooldown for Colo Arena Five,,TRUE,10,-1,set by Master Arbitrator,
coloarenafouraccess,Aelrynth,,,Access to Colo Arena Four,,TRUE,3600,-1,"set by Advanced Colosseum Arena, Arena Four Statue, Colosseum Arena and 1 more",
coloarenafourboot,Aelrynth,,,Boot Timer for Colo Arena Four,,TRUE,3588,-1,set by Arena Four Statue,
coloarenafourwait,Aelrynth,,,Cooldown for Colo Arena Four,,TRUE,10,-1,set by Master Arbitrator,
coloarenaoneaccess,Aelrynth,,,Access to Colo Arena One,,TRUE,3600,-1,"set by Advanced Colosseum Arena, Arena One Statue, Colosseum Arena and 1 more",
coloarenaoneboot,Aelrynth,,,Boot Timer for Colo Arena One,,TRUE,3588,-1,set by Arena One Statue,
coloarenaonewait,Aelrynth,,,Cooldown for Colo Arena One,,TRUE,10,-1,set by Master Arbitrator,
coloarenaroomstarted,Aelrynth,,,Arena Bell has started the first wave in a Colo Arena,,FALSE,0,1,set by Arena Bell,
coloarenathreeaccess,Aelrynth,,,Access to Colo Arena Three,,TRUE,3600,-1,"set by Advanced Colosseum Arena, Arena Three Statue, Colosseum Arena and 1 more",
coloarenathreeboot,Aelrynth,,,Boot Timer for Colo Arena Three,,TRUE,3588,-1,set by Arena Three Statue,
coloarenathreewait,Aelrynth,,,Cooldown for Colo Arena Three,,TRUE,10,-1,set by Master Arbitrator,
coloarenatwoaccess,Aelrynth,,,Access to Colo Arena Two,,TRUE,3600,-1,"set by Advanced Colosseum Arena, Arena Two Statue, Colosseum Arena and 1 more",
coloarenatwoboot,Aelrynth,,,Boot Timer for Colo Arena Two,,TRUE,3588,-1,set by Arena Two Statue,
coloarenatwowait,Aelrynth,,,Cooldown for Colo Arena Two,,TRUE,10,-1,set by Master Arbitrator,
coloarenawait,Aelrynth,,,Cooldown for a Colo Arena,,TRUE,60,-1,"set by Arena Five Statue, Arena Four Statue, Arena One Statue and 2 more",
colocritterskilled,Aelrynth,,,Player has killed a creature found in a Colo Arena,,TRUE,0,-1,"set by Colo Final Room Coordinator, Colo Room Coordinator",
colofinalroomwavespassed,Aelrynth,,,Player has passed a wave in the final room of a Colo Arena,,TRUE,0,5,set by Colo Final Room Coordinator,
colonextwavearmed,Aelrynth,,,Arena Bell is preparing to start a new wave in a Colo Arena,,FALSE,0,1,"set by Colo Final Room Coordinator, Colo Room Coordinator",
color10completed,Aelrynth,,,Player Beat (and used exit portal) Colo Arena Room 10,,FALSE,0,1,checked by Master Arbitrator,
color11completed,Aelrynth,,,Player Beat (and used exit portal) Colo Arena Room 11,,FALSE,0,1,checked by Master Arbitrator,
color12completed,Aelrynth,,,Player Beat (and used exit portal) Colo Arena Room 12,,FALSE,0,1,checked by Master Arbitrator,
color13completed,Aelrynth,,,Player Beat (and used exit portal) Colo Arena Room 13,,FALSE,0,1,checked by Master Arbitrator,
color14completed,Aelrynth,,,Player Beat (and used exit portal) Colo Arena Room 14,,FALSE,0,1,checked by Master Arbitrator,
color15completed,Aelrynth,,,Player Beat (and used exit portal) Colo Arena Room 15,,FALSE,0,1,checked by Master Arbitrator,
color16completed,Aelrynth,,,Player Beat (and used exit portal) Colo Arena Room 16,,FALSE,0,1,checked by Master Arbitrator,
color17completed,Aelrynth,,,Player Beat (and used exit portal) Colo Arena Room 17,,FALSE,0,1,checked by Master Arbitrator,
color18completed,Aelrynth,,,Player Beat (and used exit portal) Colo Arena Room 18,,FALSE,0,1,checked by Master Arbitrator,
color1completed,Aelrynth,,,Player Beat (and used exit portal) Colo Arena Room 1,,FALSE,0,1,checked by Master Arbitrator,
color2completed,Aelrynth,,,Player Beat (and used exit portal) Colo Arena Room 2,,FALSE,0,1,checked by Master Arbitrator,
color3completed,Aelrynth,,,Player Beat (and used exit portal) Colo Arena Room 3,,FALSE,0,1,checked by Master Arbitrator,
color4completed,Aelrynth,,,Player Beat (and used exit portal) Colo Arena Room 4,,FALSE,0,1,checked by Master Arbitrator,
color5completed,Aelrynth,,,Player Beat (and used exit portal) Colo Arena Room 5,,FALSE,0,1,checked by Master Arbitrator,
color6completed,Aelrynth,,,Player Beat (and used exit portal) Colo Arena Room 6,,FALSE,0,1,checked by Master Arbitrator,
color7completed,Aelrynth,,,Player Beat (and used exit portal) Colo Arena Room 7,,FALSE,0,1,checked by Master Arbitrator,
color8completed,Aelrynth,,,Player Beat (and used exit portal) Colo Arena Room 8,,FALSE,0,1,checked by Master Arbitrator,
color9completed,Aelrynth,,,Player Beat (and used exit portal) Colo Arena Room 9,,FALSE,0,1,checked by Master Arbitrator,
coloredportal,Aelrynth,,,Player counter for how many portals entered in Rynthid Assessment.,,TRUE,0,4,"set by Blue Portal, Green Portal, Orange Portal and 3 more",
coloredportal1blue,Aelrynth,,,Player flag for colored portal in Rynthid Assessment.,,FALSE,0,1,set by Blue Portal,
coloredportal1green,Aelrynth,,,Player flag for colored portal in Rynthid Assessment.,,FALSE,0,1,set by Green Portal,
coloredportal1orange,Aelrynth,,,Player flag for colored portal in Rynthid Assessment.,,FALSE,0,1,set by Orange Portal,
coloredportal1red,Aelrynth,,,Player flag for colored portal in Rynthid Assessment.,,FALSE,0,1,set by Red Portal,
coloredportal1white,Aelrynth,,,Player flag for colored portal in Rynthid Assessment.,,FALSE,0,1,set by White Portal,
coloredportal1yellow,Aelrynth,,,Player flag for colored portal in Rynthid Assessment.,,FALSE,0,1,set by Yellow Portal,
coloredportal2blue,Aelrynth,,,Player flag for colored portal in Rynthid Assessment.,,FALSE,0,1,set by Blue Portal,
coloredportal2green,Aelrynth,,,Player flag for colored portal in Rynthid Assessment.,,FALSE,0,1,set by Green Portal,
coloredportal2orange,Aelrynth,,,Player flag for colored portal in Rynthid Assessment.,,FALSE,0,1,set by Orange Portal,
coloredportal2red,Aelrynth,,,Player flag for colored portal in Rynthid Assessment.,,FALSE,0,1,set by Red Portal,
coloredportal2white,Aelrynth,,,Player flag for colored portal in Rynthid Assessment.,,FALSE,0,1,set by White Portal,
coloredportal2yellow,Aelrynth,,,Player flag for colored portal in Rynthid Assessment.,,FALSE,0,1,set by Yellow Portal,
coloredportal3blue,Aelrynth,,,Player flag for colored portal in Rynthid Assessment.,,FALSE,0,1,set by Blue Portal,
coloredportal3green,Aelrynth,,,Player flag for colored portal in Rynthid Assessment.,,FALSE,0,1,set by Green Portal,
coloredportal3orange,Aelrynth,,,Player flag for colored portal in Rynthid Assessment.,,FALSE,0,1,set by Orange Portal,
coloredportal3red,Aelrynth,,,Player flag for colored portal in Rynthid Assessment.,,FALSE,0,1,set by Red Portal,
coloredportal3white,Aelrynth,,,Player flag for colored portal in Rynthid Assessment.,,FALSE,0,1,set by White Portal,
coloredportal3yellow,Aelrynth,,,Player flag for colored portal in Rynthid Assessment.,,FALSE,0,1,set by Yellow Portal,
coloredportal4blue,Aelrynth,,,Player flag for colored portal in Rynthid Assessment.,,FALSE,0,1,set by Blue Portal,
coloredportal4green,Aelrynth,,,Player flag for colored portal in Rynthid Assessment.,,FALSE,0,1,set by Green Portal,
coloredportal4orange,Aelrynth,,,Player flag for colored portal in Rynthid Assessment.,,FALSE,0,1,set by Orange Portal,
coloredportal4red,Aelrynth,,,Player flag for colored portal in Rynthid Assessment.,,FALSE,0,1,set by Red Portal,
coloredportal4white,Aelrynth,,,Player flag for colored portal in Rynthid Assessment.,,FALSE,0,1,set by White Portal,
coloredportal4yellow,Aelrynth,,,Player flag for colored portal in Rynthid Assessment.,,FALSE,0,1,set by Yellow Portal,
coloredportalleverpull,Aelrynth,,,Player counter for how many levers pulled in Rynthid Assessment.,,TRUE,0,5,"set by Blue Lever, Green Lever, Orange Lever and 3 more",
coloredportalleverpullcompleted,Aelrynth,,,Player flag for completing lever pull successfully in Rynthid Assessment.,,FALSE,0,1,"set by Blue Lever, Green Lever, Orange Lever and 3 more",
colorpuzzleballpickedup,Aelrynth,,,You have picked up a colored ball.,,TRUE,120,-1,,
colorpuzzleblueriddle,Aelrynth,,,You got a riddle from the clue card.,,TRUE,72000,-1,set by Clue Card,
colorpuzzlecompleted,Aelrynth,,,You've compleated the Clutch of Kings color puzzle.,,TRUE,72000,-1,set by Arbiter,
colorpuzzlegreenriddle,Aelrynth,,,You got a riddle from the clue card.,,TRUE,72000,-1,set by Clue Card,
colorpuzzleindigoriddle,Aelrynth,,,You got a riddle from the clue card.,,TRUE,72000,-1,set by Clue Card,
colorpuzzleorangeriddle,Aelrynth,,,You got a riddle from the clue card.,,TRUE,72000,-1,set by Clue Card,
colorpuzzleredriddle,Aelrynth,,,You got a riddle from the clue card.,,TRUE,72000,-1,set by Clue Card,
colorpuzzlevioletriddle,Aelrynth,,,You got a riddle from the clue card.,,TRUE,72000,-1,set by Clue Card,
colorpuzzleyellowriddle,Aelrynth,,,You got a riddle from the clue card.,,TRUE,72000,-1,set by Clue Card,
colosseumboss10xpass,Aelrynth,,,Access timer for Gladiator Diemos Pass,,TRUE,86400,-1,set by Gladiator Diemos,
colosseummedallionofhonorturnin,Aelrynth,,,Player has turned in a Colosseum Medallion of Honor to the Arcanum Mana-smith,,TRUE,1209600,-1,set by Arcanum Mana-smith,
coloticketpayment,Aelrynth,,,Payment Received In Full for Colo Ticket,,TRUE,0,4,set by Colosseum Ticket Vendor,
colowaveinprogress,Aelrynth,,,Arena Bell has started a wave in a Colo Arena,,FALSE,0,1,"set by Colo Final Room Coordinator, Colo Room Coordinator",
colowavespassed,Aelrynth,,,Player has passed a wave in a Colo Arena,,TRUE,0,4,set by Colo Room Coordinator,
completed_gwi100_1205,Aelrynth,,,Completed Glenden Wood Invasion Mid quest,,TRUE,72000,-1,set by Captain Sovano,
completed_gwi130_1205,Aelrynth,,,Completed Glenden Wood Invasion High quest,,TRUE,72000,-1,set by Captain Anrayl,
completed_gwi80_1205,Aelrynth,,,Completed Glenden Wood Invasion Low quest,,TRUE,72000,-1,set by Captain Nyino,
completedcolosseum,Aelrynth,,,Completed Colosseum,,TRUE,0,-1,set by Master Arbitrator,
completedtempleixirzi,Aelrynth,,,Player has defeated the Temple of Ixir Zi.,,TRUE,72000,-1,"set by Crimson Brace of Pain, Crown of Anointed Blood, Ensorcelled Falchion and 4 more",
completedtempleliazk,Aelrynth,,,Player has received a reward for Liazk Itzi's temple.,,TRUE,72000,-1,"set by Bladed Bow of Impaling, Fist of Massacre, Scroll of Acumen of the Conclave and 7 more",
contractquestcounter_0511,Aelrynth,,,Complete contracts from the Contract Brokers for extra rewards,,TRUE,0,35,"set by Alchemy Forge, Aurten Rhell, Camp Blacksmith and 30 more",
contractquestsolves,Aelrynth,,,QuestBits to Tracker Which Level of Broker Contract Quests have been solved,,TRUE,0,127,,
cookingvat1,Aelrynth,,,quest timer,,FALSE,0,1,set by Cooking Vat,
cookingvat2,Aelrynth,,,quest timer,,FALSE,0,1,set by Cooking Vat,
cookingvat3,Aelrynth,,,quest timer,,FALSE,0,1,set by Cooking Vat,
cookingvat4,Aelrynth,,,quest timer,,FALSE,0,1,set by Cooking Vat,
cookingvat5,Aelrynth,,,quest timer,,FALSE,0,1,set by Cooking Vat,
cookingvat6,Aelrynth,,,quest timer,,FALSE,0,1,set by Cooking Vat,
coppercogtrooperkillcount,Aelrynth,,,kill count,,TRUE,0,25,set by Lieutenant Zin,
coppercogtrooperkilltask,Aelrynth,,,kill task timer,,TRUE,72000,-1,set by Lieutenant Zin,
coppergolemkingpinkillcount,Aelrynth,,,Copper Golem Kingpin Kill Counter,,TRUE,0,5,,
coppergolemkingpinkilltask,Aelrynth,,,Copper Golem Kingpin Kill Task,,TRUE,72000,-1,,
copperinvaderlordhelm,Aelrynth,,,Timer for Copper Lord Helm,,TRUE,72000,-1,,
copperknightmedallion,Aelrynth,,,Defense of Zaikhal Medallion Pickup Timer Copper,,TRUE,72000,-1,set by Jun Sawashima,
copperlegionchestkey,Aelrynth,,,Pick Up Key for Copper Chest,,TRUE,72000,-1,,
copperlegiondoorkey,Aelrynth,,,Pick Up Key for Door to Copper Legion,,TRUE,72000,-1,,
coralgolemkillcount,Aelrynth,,,Coral Golem Hunting: Coral Shield,,TRUE,0,50,set by Malrin,
coralgolemviceroykillcount,Aelrynth,,,Coral Golem Viceroy Kill Counter,,TRUE,0,5,,
coralgolemviceroykilltask,Aelrynth,,,Coral Golem Viceroy Kill Task,,TRUE,72000,-1,,
coraltowerblackdead,Aelrynth,,,CoralTowerBlackDead,,FALSE,0,1,set by Coral Tower,
coraltowerbluedead,Aelrynth,,,CoralTowerBlueDead,,FALSE,0,1,set by Coral Tower,
coraltowergreendead,Aelrynth,,,CoralTowerGreenDead,,FALSE,0,1,set by Coral Tower,
coraltowerreddead,Aelrynth,,,CoralTowerRedDead,,FALSE,0,1,set by Coral Tower,
coraltowerwhitedead,Aelrynth,,,CoralTowerWhiteDead,,FALSE,0,1,set by Coral Tower,
corettotestament,Aelrynth,,,Pickup timer on Coretto Testament (Knights of Karlun),,TRUE,72000,-1,checked by Sir Ginazio,
corruptedessencecount,Aelrynth,,,Corrupted Essence Counter,,TRUE,0,100,"set by Francois di Terli, The Deep, Tyrina of Arwic",
corruptedessenceturnintimer,Aelrynth,,,Corrupted Essence Day Timer,,TRUE,86400,-1,"set by Francois di Terli, The Deep, Tyrina of Arwic",
corruptedgravestonekillcount,Aelrynth,,,Corrupted Gravestone Kill Counter,,TRUE,0,6,,
corruptedgravestonekilltask,Aelrynth,,,Corrupted Gravestone Kill Task,,TRUE,72000,-1,,
corruptedharbingerblood_pickup,Aelrynth,,,Player has picked up Corrupted Harbinger Blood.,,TRUE,72000,-1,,
countdardantesnotespickuptimer,Aelrynth,,,Count Dardante's Notes pickup timer,,TRUE,72000,-1,checked by Royal Guard Qumasha,
counterfeitwritcratefakepearls,Aelrynth,,,Counterfeit Writ Quest Crate of Fake Pearls Pickup,,TRUE,72000,-1,,
counterfeitwritstart,Aelrynth,,,Counterfeit Writ Quest On Use Shanrek,,TRUE,72000,-1,set by Shanrek the Forger,
coveapplewine,Aelrynth,,,Trade Alliance Quest Pickup Timer on Cove Apple Wine,,TRUE,72000,-1,,
coveoswaldtaken,Aelrynth,,,Took the poisoned cider,,TRUE,72000,-1,,
coveoswaldulgrim,Aelrynth,,,Ulgrim needs the cider,,TRUE,72000,-1,set by Lubziklan al-Luq,
cowtipcounter,Aelrynth,,,Counter for how many cows Player has tipped,,TRUE,0,300,"set by Cow, Dwennon",
cowtipwait,Aelrynth,,,Cow Tipping Quest cooldown timer,,TRUE,72000,-1,set by Dwennon,
craftershardpickup,Aelrynth,,,Asteliary Crafter's Message Shard pickup timer,,TRUE,72000,-1,,
craftingforgecompleted0710,Aelrynth,,,Completed one of the Crafting Forges,,TRUE,72000,-1,"set by Alchemy Forge, Cooking Forge, Fletching Forge and 2 more",
craftingforgeused1204,Aelrynth,,,you've used any crafting forge,,FALSE,0,1,"set by Alchemy Forge, Cooking Forge, Fletching Forge and 2 more",
crestlugian,Aelrynth,,,Lugian Commander Trophy,,TRUE,72000,-1,,
crimsonbrokenhaft,Aelrynth,,,Crimson Broken Haft,,TRUE,72000,-1,set by Leikotha,
crimsonbrokenhaft2,Aelrynth,,,Crimson Broken Haft 2,,TRUE,72000,-1,set by Kayna bint Iswas,
crimsonrepairedhaft,Aelrynth,,,Crimson Repaired Haft,,TRUE,72000,-1,,
crimsonruby1,Aelrynth,,,Crimson Ruby 1,,TRUE,72000,-1,,
crimsonruby2,Aelrynth,,,Crimson Ruby 2,,TRUE,72000,-1,,
crimsonruby3,Aelrynth,,,Crimson Ruby 3,,TRUE,72000,-1,,
crimsonruby4,Aelrynth,,,Crimson Ruby 4,,TRUE,72000,-1,,
crimsonruby5,Aelrynth,,,Crimson Ruby 5,,TRUE,72000,-1,,
crimsonscarabpickup,Aelrynth,,,quest timer,,TRUE,72000,-1,,
crossedroad,Aelrynth,,,The Chicken has crossed the road.,,FALSE,0,1,"set by Blinded Apparition, Corrupt Gear Sentry, Paradox-touched Olthoi Sentinel and 1 more",
cruciblegivenhiro,Aelrynth,,,This quest flag is obsolete.,,FALSE,0,1,,
cryptcrimsonnightflagged,Aelrynth,,,Flagged to enter Crypt of Crimson Night,,FALSE,0,1,set by Maqudh al Nishadina,
crystalfinalpickup0509,Aelrynth,,,Picked up Crystalline Array Fragment,,TRUE,72000,-1,,
crystalidolneftetkillcount,Aelrynth,,,Crystal Idol Dungeon Kill Counter,,TRUE,0,20,set by Altar of the Black Crystal,
crystalidolneftetkilltask,Aelrynth,,,Crystal Idol Kill Task,,TRUE,72000,-1,set by Altar of the Black Crystal,
crystallineboundwisp,Aelrynth,,,Player has reached the Bound Wisp,,TRUE,72000,-1,,
crystallinekiller,Aelrynth,,,Crystalline Killer,,TRUE,72000,-1,,
crystallinemarker10x,Aelrynth,,,Found 10 Crystalline Markers,,FALSE,0,1,set by Jyotsana,
crystallinemarker15x,Aelrynth,,,Found 15 Crystalline Markers,,FALSE,0,1,set by Jyotsana,
crystallinemarker20x,Aelrynth,,,Found 20 Crystalline Markers,,FALSE,0,1,set by Jyotsana,
crystallinemarker25x,Aelrynth,,,Found 25 Crystalline Markers,,FALSE,0,1,set by Jyotsana,
crystallinemarker5x,Aelrynth,,,Found 5 Crystalline Markers,,FALSE,0,1,set by Jyotsana,
crystallinemarkercounter0109,Aelrynth,,,Crystalline Markers Counter,,TRUE,0,25,set by Crystal,
crystallinemarkersfound,Aelrynth,,,Crystalline Markers Found by Player,,TRUE,0,33554431,,
crystallinemarkerstart,Aelrynth,,,Started Crystalline Markers Quest,,FALSE,0,1,set by Jyotsana,
crystallineshardturnin,Aelrynth,,,Turned in Crystalline Shard,,TRUE,0,20,set by Tokashi Ando,
crystallineshardturninwait,Aelrynth,,,Turned in Crystalline Shard Wait timer,,TRUE,72000,-1,set by Tokashi Ando,
crystallineskilltest10109wait,Aelrynth,,,Found Crystalline Bound Wisp,,TRUE,72000,-1,set by Bound Wisp,
crystallordhuntercomplete,Aelrynth,,,You've received a key from Tahuirea.,,TRUE,172800,-1,set by Aun Tahuirea,
crystalofthedarkislecrystalshardpickuptimer,Aelrynth,,,Picked up Crystal Shard,,TRUE,72000,-1,,
daggerstatuepickup,Aelrynth,,,Player has picked up this weapons and cannot pick up another one for 1 day,,TRUE,72000,-1,,
dainalive,Aelrynth,,,Lady Dain thinks Gareth Dain is dead.,,TRUE,72000,-1,set by Talira Dain,
daindead,Aelrynth,,,Lady Dain knows Gareth Dain is alive.,,TRUE,72000,-1,set by Dalius Kendmar,
damagedshadowstone,Aelrynth,,,Damaged Shadow Stone pickup timer,,TRUE,72000,-1,,
damagedyalainitomepickup,Aelrynth,,,Player has picked up a Damaged Yalaini Tome,,TRUE,72000,-1,,
damenoir1,Aelrynth,,,You've spoken to the dame responsible for the noir quest.,,TRUE,72000,-1,set by Dame Brinna O'Shea,
danbymoarsmencomplete_0508,Aelrynth,,,Player has completed the Danbys Outpost portion of Moarsmen on the Shores,,TRUE,72000,-1,set by Marcus Danby,
darcuschthebarbarianbet,Aelrynth,,,Player bet on Darcusch the Barbarian,,FALSE,0,1,set by Darcusch the Barbarian,
dardantesworkshop_flag,Aelrynth,,,Access granted to Dardantes Workshop,,FALSE,0,1,set by Harkwull the Discreet,
darkapostateshardpickuptimer,Aelrynth,,,Pickup timer for Dark Apostate Shard,,TRUE,3600,-1,,
darkidolscompleted,Aelrynth,,,You've completed the Dark Idols quest.,,TRUE,72000,-1,set by Lighthouse Hermit,
darkisledelivery,Aelrynth,,,Dark Isle Delivery,,TRUE,72000,-1,,
darkisleflagged,Aelrynth,,,Flagged to use Dark Isle portal,,FALSE,0,1,,
darkmonolithreceived,Aelrynth,,,Received a Dark Monolith,,TRUE,72000,-1,set by Dark Monolith,
darkrecordingsstart,Aelrynth,,,quest timer,,FALSE,0,1,set by Black Ferah,
darkspiralbookpickup,Aelrynth,,,Dark Spiral Book Pick Up timer,,TRUE,72000,-1,,
dazzlingshardgiven,Aelrynth,,,Dazzling Shard given to Dmesne,,FALSE,0,1,set by Dmesne,
dcaaccess,Aelrynth,,,Player has paid toll to access Derethian Combat Arena,,FALSE,0,1,set by Derethian Combat Arena Master,
dcadeathstatuecooldown,Aelrynth,,,Player has used the Statue of Death in Derethian Combat Arena,,TRUE,300,-1,set by Statue of Death,
dcadeathstatuetimeout,Aelrynth,,,Player has used the Statue of Death in Derethian Combat Arena,,TRUE,360,-1,set by Statue of Death,
dcalumstatuebitfield,Aelrynth,,,Player has used the Statue of Illuminating Death in Derethian Combat Arena,,TRUE,0,255,,
dcalumstatuecooldown,Aelrynth,,,Player has used the Statue of Illuminating Death in Derethian Combat Arena,,TRUE,30,-1,"set by Statue of Extreme Illumination, Statue of High Illumination, Statue of Illuminating Death",
dcalumstatuetimeout,Aelrynth,,,Player has used the Statue of Illuminating Death in Derethian Combat Arena,,TRUE,60,-1,"set by Statue of Extreme Illumination, Statue of High Illumination, Statue of Illuminating Death",
dcamarksturnedin,Aelrynth,,,Counter for Marks of a Kill turned in,,TRUE,0,-1,"set by Derethian Combat Arena Master, Statue of Death",
deathcap,Aelrynth,,,Deathcap Thrungus Kill Task,,TRUE,72000,-1,,
deathcapkillcount,Aelrynth,,,Deathcap Thrungus Kill Counter,,TRUE,0,25,,
deathcapthrunguskillcount,Aelrynth,,,Deathcap Thrungus Kill Counter,,TRUE,0,25,set by Jiang Li,
deathcapthrunguskilltask,Aelrynth,,,Deathcap Thrungus Kill Task,,TRUE,72000,-1,set by Jiang Li,
deathsallurequestfinished,Aelrynth,,,Death's Allure Timer Flag,,TRUE,72000,-1,set by Hermit,
deathtailfangpickuptimer,Aelrynth,,,Picked up DeathTail Fang,,TRUE,259200,-1,,
decanterofessencesgiven,Aelrynth,,,Need to give all four Essence Decanters to Talar,,TRUE,0,15,,
decanterscollected,Aelrynth,,,Player has collected an essence decanter.,,TRUE,0,10,,
deconstructioncompleted_0213,Aelrynth,,,quest timer,,TRUE,72000,-1,set by Lieutenant Karul,
deconstructionstarted_0213,Aelrynth,,,quest timer,,FALSE,0,1,set by Lieutenant Roothe,
decoratedfalatacotmedallionpickuptimer,Aelrynth,,,Player has picked up Decorated Falatacot Medallion,,TRUE,72000,-1,,
decrepittowercomplete_0511,Aelrynth,,,Handed Refulgent Bracelet to Aurten Rhell,,TRUE,72000,-1,"set by Ufet, Prophet of Blades",
deepcorruptedessencearmorcount,Aelrynth,,,Corrupted Essence turn in counter for Armor Piece,,TRUE,0,-1,set by The Deep,
deepplaces1,Aelrynth,,,You've picked up the first note in Olthoi Tunnels.,,TRUE,72000,-1,,
deepplaces2,Aelrynth,,,You've picked up the second note in Olthoi Tunnels.,,TRUE,72000,-1,,
deepplaces3,Aelrynth,,,You've picked up the third note in Olthoi Tunnels.,,TRUE,72000,-1,,
deepplaces4,Aelrynth,,,You've picked up the fourth note in Olthoi Tunnels.,,TRUE,72000,-1,,
deepplaces5,Aelrynth,,,You've picked up the fifth note in Olthoi Tunnels.,,TRUE,72000,-1,,
deewainattacked_0411,Aelrynth,,,Player attacked Deewain.,,FALSE,0,1,,
deewainbossroomflag,Aelrynth,,,Player has entered Deewains Chamber,,FALSE,0,1,set by Deewain's Chamber,
deewaincompleted0211,Aelrynth,,,Player has turned in Energy Infused Rock,,TRUE,72000,-1,set by Fayza,
deewaingavenote_0411,Aelrynth,,,Player gave note to Deewain.,,FALSE,0,1,,
deewainlegkeypickuptimer,Aelrynth,,,Player has picked up Legendary Key at end of Deewains,,TRUE,72000,-1,,
deewainrocktrophy0211,Aelrynth,,,Player has picked up Energy Infused Rock,,TRUE,72000,-1,,
deewainstarted_0411,Aelrynth,,,Player spoke to Asheron and got note for Deewain .,,FALSE,0,1,,
defeatedbonecrunch,Aelrynth,,,Player has defeated Bonecrunch,,FALSE,0,1,set by Escape Portal,
defeatedibrexijikti,Aelrynth,,,Player has assisted in killing Ibrexi Jikti.,,FALSE,0,1,set by Guardian of the Matriarch's Gaze,
defeatedjexkiki,Aelrynth,,,Player has assisted in killing Jexki Ki.,,FALSE,0,1,set by Guardian of the Matriarch's Gaze,
defeatedkixktixri,Aelrynth,,,Player has assisted in killing Kixkti Xri.,,FALSE,0,1,set by Guardian of the Matriarch's Gaze,
defeatedprodigaldrudgewait,Aelrynth,,,Bonecrunch Wait Timer,,TRUE,72000,-1,set by Jarvis Hammerstone,
defeatedtthuunreward,Aelrynth,,,Summoning Tthuun wait timer.,,TRUE,72000,-1,set by Captain Tulmada,
defeathoshinokeicompleted_0113,Aelrynth,,,quest timer,,TRUE,72000,-1,set by Spirit of Bist'elle,
defeathoshinokeistarted_0113,Aelrynth,,,quest timer,,FALSE,0,1,set by Lord Brem,
defeatingvaeshok,Aelrynth,,,Defeating Vaeshok,,TRUE,72000,-1,,
defenseofzaikhalplatinumshard,Aelrynth,,,Shard of Corcima Pickup Timer - Defense of Zaikhal Platinum,,TRUE,72000,-1,,
defenseofzaikhalroyalblood,Aelrynth,,,Royal Blood Pickup Timer - Defense of Zaikhal Platinum,,TRUE,72000,-1,,
deliveredchrysoberyl,Aelrynth,,,Delivered Chryoberyl,,TRUE,72000,-1,set by Aun Paritea,
deliveredcurebobo_0807,Aelrynth,,,Delivered Cure for Bobo,,TRUE,72000,-1,"set by Oolutanga, the Tusker King",
deliverediolitegem,Aelrynth,,,Delivered the Iolite gem.,,TRUE,72000,-1,set by Aun Paritea,
demonswarmmatroncritterskilled,Aelrynth,,,Player has killed a creature found in Demon Swarm Matron,,TRUE,0,-1,set by Demon Swarm Matron Event Watcher,
depletedaetheriumorecollection,Aelrynth,,,Turned in 10 Depleted Aetherium Ore in Inner Sea Invasion,,TRUE,72000,-1,set by Jin Ato,
dericostchestkey_pickup,Aelrynth,,,Player has picked up Dericost Chest Key,,TRUE,72000,-1,,
dericostlegkeypickuptimer,Aelrynth,,,Picked up Legendary Key in Hidden Treasury,,TRUE,72000,-1,,
dericostquestspawnkilled,Aelrynth,,,Player has killed a critter in Dericost,,TRUE,0,12,,
dericostruinpickup,Aelrynth,,,Dericost Tome Pickup Timer Dericost Ruins Quest,,TRUE,72000,-1,,
dericosttomesgiven,Aelrynth,,,Player has been given the dericost books,,TRUE,72000,-1,set by Bookshelf,
dericostvault_flag,Aelrynth,,,Access granted to the Dericost Vault,,FALSE,0,1,set by Lord Pyrovor,
dericostwave1complete,Aelrynth,,,Player has completed Wave 1,,FALSE,0,1,,
dericostwave2complete,Aelrynth,,,Player has completed Wave 2,,FALSE,0,1,,
dericostwave3complete,Aelrynth,,,Player has completed Wave 3,,FALSE,0,1,,
dericostwave4complete,Aelrynth,,,Player has completed Wave 4,,FALSE,0,1,,
desertareacollectionbracersstart_0511,Aelrynth,,,A'nekshay Bracer,,FALSE,0,1,set by T'ing Setsuko,
desertareacollectionbracerswait_0511,Aelrynth,,,A'nekshay Bracer,,TRUE,72000,-1,set by T'ing Setsuko,
desertareacollectionpayotestart_0511,Aelrynth,,,Prickly Pears,,FALSE,0,1,set by Hammah al Rundik,
desertareacollectionpayotewait_0511,Aelrynth,,,Prickly Pears,,TRUE,72000,-1,set by Hammah al Rundik,
desertareacollectiontabletstart_0511,Aelrynth,,,A'nekshay Bracer,,FALSE,0,1,set by Taylarn bint Tulani,
desertareacollectiontabletwait_0511,Aelrynth,,,A'nekshay Bracer,,TRUE,72000,-1,set by Taylarn bint Tulani,
desertcactuskillcount,Aelrynth,,,Desert Area Cactus Kill Counter,,TRUE,0,6,set by Sir Unell bin Rakke,
desertcactuskilltask,Aelrynth,,,Desert Area Cactus Kill Task,,TRUE,72000,-1,set by Sir Unell bin Rakke,
deservesdarktiderecompense,Aelrynth,,,You deserve the hook-up!,,FALSE,0,1,,
deserveshomecomingflag,Aelrynth,,,You deserve a Homecoming Flag!,,FALSE,0,1,checked by Jalina al-Hajj,
deservesnewyearsgift0105,Aelrynth,,,You deserve a New Year's gift!,,FALSE,0,1,,
deservesrealaidainraiment,Aelrynth,,,Player is able to receive the Realaidain Raiment.,,FALSE,0,1,checked by Adara al-Rajin,
deservesrollbackrecompense0704,Aelrynth,,,You deserve a free level of XP because you lost two days of gameplay on July 25,,FALSE,0,1,,
desolationseainvasionkey_pickup,Aelrynth,,,Pickup timer for Desolation Sea Invasion Key,,TRUE,72000,-1,,
detailmukkirorbnotespickup,Aelrynth,Timer for Gabilles Encoded Notes pickup,,Timer for Gabille's Encoded Notes pickup,Timer for Gabille's Encoded Notes pickup,TRUE,72000,-1,,
deterioratedaegispickup,Aelrynth,,,Picked up the Deteriorated Aegis,,TRUE,72000,-1,,
devastatedwatcherflagged,Aelrynth,,,Flagged to use Devastated Watcher,,FALSE,0,1,set by Devastated Watcher,
devastatedwatchertokengiven,Aelrynth,,,Token given to Devastated Watcher,,FALSE,0,1,set by Devastated Watcher,
deviceroomportalflag,Aelrynth,,,Player has been flagged to use Portal,,FALSE,0,1,,
devourermargulkillcount,Aelrynth,,,Devourer Margul Kill Counter,,TRUE,0,15,,
devourermargulkilltask,Aelrynth,,,Devourer Margul Kill Task,,TRUE,72000,-1,,
direbanderlingtitle,Aelrynth,,,Player has received Dire Champion Banderling Title.,,FALSE,0,1,"set by Aun Javhalrea, the Game Warden",
direchampbanderling,Aelrynth,,,Player has killed Dire Champion Banderling.,,FALSE,0,1,set by Dire Champion Banderling,
direchampdailytokencounter,Aelrynth,,,"Player counter for 100 tokens turned in to Aun Javhalrea, the Game Warden to start wait.",,TRUE,0,100,"set by Aun Javhalrea, the Game Warden",
direchampdirehunttitle,Aelrynth,,,Player has received the title Dire Huntsman.,,FALSE,0,1,"set by Aun Javhalrea, the Game Warden",
direchampdrudge,Aelrynth,,,Player has killed Dire Champion Drudge.,,FALSE,0,1,set by Dire Champion Drudge,
direchampgamewardentitle,Aelrynth,,,Player has received the title Game Warden.,,FALSE,0,1,"set by Aun Javhalrea, the Game Warden",
direchampgolem,Aelrynth,,,Player has killed Dire Champion Golem.,,FALSE,0,1,set by Dire Champion Golem,
direchamphonoraryreatitle,Aelrynth,,,Player has received the title Honorary Rea of the Aun.,,FALSE,0,1,"set by Aun Javhalrea, the Game Warden",
direchamplugian,Aelrynth,,,Player has killed Dire Champion Lugian.,,FALSE,0,1,set by Dire Champion Lugian,
direchampmonouga,Aelrynth,,,Player has killed Dire Champion Monouga.,,FALSE,0,1,set by Dire Champion Monouga,
direchampshadow,Aelrynth,,,Player has killed Dire Champion Shadow.,,FALSE,0,1,set by Dire Champion Shadow,
direchampskeleton,Aelrynth,,,Player has killed Dire Champion Skeleton.,,FALSE,0,1,set by Dire Champion Skeleton,
direchampstart,Aelrynth,,,"Player has spoke to Aun Javhalrea, the Game Warden.",,FALSE,0,1,"set by Aun Javhalrea, the Game Warden",
direchamptoken_first,Aelrynth,,,Player has turned in their first Token.,,FALSE,0,1,"set by Aun Javhalrea, the Game Warden",
direchamptokencounter,Aelrynth,,,"Player counter on tokens turned in to Aun Javhalrea, the Game Warden.",,TRUE,0,100,"set by Aun Javhalrea, the Game Warden",
direchamptokenwait,Aelrynth,,,"Player wait timer for tokens turn in to Aun Javhalrea, the Game Warden.",,TRUE,72000,-1,"set by Aun Javhalrea, the Game Warden",
direchampvirindi,Aelrynth,,,Player has killed Dire Champion Virindi.,,FALSE,0,1,set by Dire Champion Virindi,
diredrudgetitle,Aelrynth,,,Player has received Dire Champion Drudge Title.,,FALSE,0,1,"set by Aun Javhalrea, the Game Warden",
diregolemtitle,Aelrynth,,,Player has received Dire Champion Golem Title.,,FALSE,0,1,"set by Aun Javhalrea, the Game Warden",
direlandqueenkiller,Aelrynth,,,Player assisted in killing a newbie nest.,,FALSE,0,1,,
direlandsminecommandersgemgiven,Aelrynth,,,Given the Direlands Mine Commander's Gem to Qumasha,,FALSE,0,1,set by Royal Guard Qumasha,
direlandsminecommandersgempickuptimer,Aelrynth,,,Direlands Mine Commander's Gem pickup timer,,TRUE,72000,-1,checked by Royal Guard Qumasha,
direlandsnestkiller,Aelrynth,,,Player assisted in killing a newbie nest.,,FALSE,0,1,,
direlugiantitle,Aelrynth,,,Player has received Dire Champion Lugian Title.,,FALSE,0,1,"set by Aun Javhalrea, the Game Warden",
diremattekarkillcount,Aelrynth,,,Dire Mattekar Kill Counter,,TRUE,0,10,set by Fergal the Dire,
diremattekarkilltask,Aelrynth,,,Dire Mattekar Kill Task,,TRUE,72000,-1,set by Fergal the Dire,
diremonougatitle,Aelrynth,,,Player has received Dire Champion Monouga Title.,,FALSE,0,1,"set by Aun Javhalrea, the Game Warden",
direshadowtitle,Aelrynth,,,Player has received Dire Champion Shadow Title.,,FALSE,0,1,"set by Aun Javhalrea, the Game Warden",
direskeletontitle,Aelrynth,,,Player has received Dire Champion Skeleton Title.,,FALSE,0,1,"set by Aun Javhalrea, the Game Warden",
direvirindititle,Aelrynth,,,Player has received Dire Champion Virindi Title.,,FALSE,0,1,"set by Aun Javhalrea, the Game Warden",
diseasedcarnivorousliver_completed,Aelrynth,,,Player has found 15 Diseased Carnivorous Carenzi Livers.,,FALSE,0,1,set by Diseased Carnivorous Carenzi Liver,
diseasedcarnivorousliver_counter,Aelrynth,,,Player Diseased Carnivorous Carenzi Liver Counter.,,TRUE,0,15,set by Diseased Carnivorous Carenzi Liver,
diseasedferalliver_completed,Aelrynth,,,Player has found 30 Diseased Feral Carenzi Livers.,,FALSE,0,1,set by Diseased Feral Carenzi Liver,
diseasedferalliver_counter,Aelrynth,,,Player Diseased Feral Carenzi Liver Counter.,,TRUE,0,30,set by Diseased Feral Carenzi Liver,
diseasedmangyliver_completed,Aelrynth,,,Player has found 20 Diseased Mangy Carenzi Livers.,,FALSE,0,1,set by Diseased Mangy Carenzi Liver,
diseasedmangyliver_counter,Aelrynth,,,Player Diseased Mangy Carenzi Liver Counter.,,TRUE,0,20,set by Diseased Mangy Carenzi Liver,
diseasedpolarliver_completed,Aelrynth,,,Player has found 4 Diseased Polar Carenzi Livers.,,FALSE,0,1,set by Diseased Polar Carenzi Liver,
diseasedpolarliver_counter,Aelrynth,,,Player Diseased Polar Carenzi Liver Counter.,,TRUE,0,5,set by Diseased Polar Carenzi Liver,
diseasedstalkerliver_completed,Aelrynth,,,Player has found 35 Diseased Stalker Carenzi Livers.,,FALSE,0,1,set by Diseased Carenzi Stalker Liver,
diseasedstalkerliver_counter,Aelrynth,,,Player Diseased Stalker Carenzi Liver Counter.,,TRUE,0,35,set by Diseased Carenzi Stalker Liver,
diseasedtaintedliver_completed,Aelrynth,,,Player has found 13 Diseased Tainted Carenzi Livers.,,FALSE,0,1,set by Diseased Tainted Carenzi Liver,
diseasedtaintedliver_counter,Aelrynth,,,Player Diseased Tainted Carenzi Liver Counter.,,TRUE,0,13,set by Diseased Tainted Carenzi Liver,
disgustingseainvasionkey_pickup,Aelrynth,,,Pickup timer for Disgusting Sea Invasion Key,,TRUE,72000,-1,,
distilleryambrosiaquest,Aelrynth,,,Distillery Ambrosia Quest,,TRUE,518400,-1,,
distilleryambrosiaquest2,Aelrynth,,,Distillery Ambrosia Quest,,TRUE,518400,-1,,
distillerydewquest,Aelrynth,,,Distillery Dew Quest,,TRUE,72000,-1,,
distillerynectarquest,Aelrynth,,,Distillery Nectar Quest,,TRUE,518400,-1,,
divinerpheraionskey_pickup,Aelrynth,,,Player has picked up the Diviner Pheraions Key,,TRUE,72000,-1,,
dmesnepyrealbargiven,Aelrynth,,,Pyreal Bar given to Dmesne,,FALSE,0,1,set by Dmesne,
donewithhiypthetoad,Aelrynth,,,Done with Hiyp,,FALSE,0,1,set by Hiyp the Toad,
dravannessencepickup,Aelrynth,,,quest timer,,TRUE,72000,-1,,
drudgehideoutcompleted_1111,Aelrynth,,,Completed the Drudge Hideout Quest,,TRUE,72000,-1,set by Alfrin,
drudgekilltasks_start,Aelrynth,,,Player has started Drudge Kill Tasks,,FALSE,0,1,set by Jarvis Hammerstone,
drudgelurkerkillcount,Aelrynth,,,Drudge Lurker Kill Counter,,TRUE,0,100,,
drudgelurkerkilltask,Aelrynth,,,Drudge Lurker Kill Task,,TRUE,72000,-1,,
drudgeplan_start,Aelrynth,,,Player has started Drudge Plan Quest,,FALSE,0,1,set by Jarvis Hammerstone,
drudgeplan_wait,Aelrynth,,,Player has completed Drudge Plan Quest,,TRUE,72000,-1,set by Jarvis Hammerstone,
drudgepresentraidswait,Aelrynth,,,Player wait timer for Drudge Present Raids,,TRUE,72000,-1,set by Holiday Presents,
drudgeravenerkillcount,Aelrynth,,,Drudge Ravener Kill Counter,,TRUE,0,100,,
drudgeravenerkilltask,Aelrynth,,,Drudge Ravener Kill Task,,TRUE,72000,-1,,
drudgestalkerkillcount,Aelrynth,,,Drudge Stalker Kill Counter,,TRUE,0,100,,
drudgestalkerkilltask,Aelrynth,,,Drudge Stalker Kill Task,,TRUE,72000,-1,,
druggedmeat,Aelrynth,,,quest timer,,FALSE,0,1,"set by Bubba, Shady, Spot",
dryreachprisonbreakquest,Aelrynth,,,Dryreach Prison Break,,TRUE,72000,-1,set by Dansha-Ki,
dulecounter,Aelrynth,,,quest timer,,TRUE,0,6,"set by Black Ferah, Emissary of Asheron, Isin Dule",
duleengineerassassin,Aelrynth,,,quest timer,,FALSE,0,1,set by Isin Dule,
duleinformant,Aelrynth,,,quest timer,,FALSE,0,1,set by Isin Dule,
dulemiddleman,Aelrynth,,,quest timer,,FALSE,0,1,set by Isin Dule,
dullaetheriumcorefragment,Aelrynth,,,Fragment pickup timer,,TRUE,72000,-1,,
easternpedestalshard_pickup,Aelrynth,Player has picked up the Shard of the Eastern Pedestal.,,Player has picked up the Shard of the Eastern Pedestal.,Player has picked up the Shard of the Eastern Pedestal.,TRUE,72000,-1,,
easthamsewerswordpickup1110,Aelrynth,,,Player has picked up the Slimy Broad Sword from the Eastham Sewer,,TRUE,72000,-1,,
eastwatchmoarsmencomplete_0508,Aelrynth,,,Player has completed the Eastwatch portion of Moarsmen on the Shores,,TRUE,72000,-1,set by Francisco the Hunter,
eaterpit,Aelrynth,,,Eater pit flagged,,FALSE,0,1,set by Sir Ginazio,
ebongromniekills,Aelrynth,,,Ebon Gromnie Kill Counter,,TRUE,0,25,set by Afra bint Abbas,
ebongromnietask,Aelrynth,,,Ebon Gromnie Kill Task,,TRUE,72000,-1,set by Afra bint Abbas,
ecortochiseloct01,Aelrynth,,,Ecorto's Chisel,,TRUE,43200,-1,,
efllcentermanafieldused,Aelrynth,,,Used Aligned Mana Stone in EF Lower Level Center Aetheria Mana Field,,FALSE,0,1,set by Aetheria Mana Field,
eflleastmanafieldused,Aelrynth,,,Used Aligned Mana Stone in EF Lower Level East Aetheria Mana Field,,FALSE,0,1,set by Lower Level East Aetheria Mana Field,
efllnorthmanafieldused,Aelrynth,,,Used Aligned Mana Stone in EF Lower Level North Aetheria Mana Field,,FALSE,0,1,set by Lower Level North Aetheria Mana Field,
efllsouthmanafieldused,Aelrynth,,,Used Aligned Mana Stone in EF Lower Level South Aetheria Mana Field,,FALSE,0,1,set by Lower Level South Aetheria Mana Field,
efllwestmanafieldused,Aelrynth,,,Used Aligned Mana Stone in EF Lower Level West Aetheria Mana Field,,FALSE,0,1,set by Lower Level West Aetheria Mana Field,
efmlcentermanafieldused,Aelrynth,,,Used Aligned Mana Stone in EF Middle Level Center Aetheria Mana Field,,FALSE,0,1,set by Aetheria Mana Field,
efmleastmanafieldused,Aelrynth,,,Used Aligned Mana Stone in EF Middle Level East Aetheria Mana Field,,FALSE,0,1,set by Middle Level East Aetheria Mana Field,
efmlnorthmanafieldused,Aelrynth,,,Used Aligned Mana Stone in EF Middle Level North Aetheria Mana Field,,FALSE,0,1,set by Middle Level North Aetheria Mana Field,
efmlsouthmanafieldused,Aelrynth,,,Used Aligned Mana Stone in EF Middle Level South Aetheria Mana Field,,FALSE,0,1,set by Middle Level South Aetheria Mana Field,
efmlwestmanafieldused,Aelrynth,,,Used Aligned Mana Stone in EF Middle Level West Aetheria Mana Field,,FALSE,0,1,set by Middle Level West Aetheria Mana Field,
efulcentermanafieldused,Aelrynth,,,Used Aligned Mana Stone in EF Upper Level Center Aetheria Mana Field,,FALSE,0,1,set by Aetheria Mana Field,
efuleastmanafieldused,Aelrynth,,,Used Aligned Mana Stone in EF Upper Level East Aetheria Mana Field,,FALSE,0,1,set by Upper Level East Aetheria Mana Field,
efulnorthmanafieldused,Aelrynth,,,Used Aligned Mana Stone in EF Upper Level North Aetheria Mana Field,,FALSE,0,1,set by Upper Level North Aetheria Mana Field,
efulsouthmanafieldused,Aelrynth,,,Used Aligned Mana Stone in EF Upper Level South Aetheria Mana Field,,FALSE,0,1,set by Upper Level South Aetheria Mana Field,
efulwestmanafieldused,Aelrynth,,,Used Aligned Mana Stone in EF Upper Level West Aetheria Mana Field,,FALSE,0,1,set by Upper Level West Aetheria Mana Field,
eggretrievalprize,Aelrynth,,,Additional reward counter for Egg Retrieval,,TRUE,0,3,set by Game Coordinator,
eggretrievalprogress,Aelrynth,,,Questbit Tracker for Egg Retrieval,,TRUE,0,255,,
eggretrievalstarted,Aelrynth,,,Timer for Egg Retrieval,,TRUE,180,2,set by Game Coordinator,
eggretrievaltophatwait,Aelrynth,,,Cooldown for Egg Retrieval Top Hat reward,,TRUE,518400,-1,set by Game Coordinator,
eggretrievalwait,Aelrynth,,,Cooldown for Egg Retrieval additional rewards,,TRUE,518400,-1,set by Game Coordinator,
eldrytchwebmember,Aelrynth,,,Player is a member of Eldrytch Web,,FALSE,0,1,set by Arturus of the Eldrytch Web,
electriczenithdead,Aelrynth,,,quest timer,,FALSE,0,1,set by Electric Zenith,
elementalkillcount,Aelrynth,,,Elemental Kill Counter,,TRUE,0,25,,
elementalkilltask,Aelrynth,,,Elemental Kill Task,,TRUE,72000,-1,,
elenabeaconcomplete,Aelrynth,,,Beacon Quest Complete Timer,,TRUE,72000,-1,,
elenagemreceived,Aelrynth,,,Beacon gem received,,FALSE,0,1,,
eleonoranote,Aelrynth,,,Eleonora's Heart Quest - Note Pickup Timer,,TRUE,72000,-1,,
eleonorasheart,Aelrynth,,,Elanora's Heart Quest Pickup Timer,,TRUE,72000,-1,,
elysascouragepickuptimer,Aelrynth,,,Picked up Elysas Courage,,TRUE,72000,-1,,
elysasdeterminationpickuptimer,Aelrynth,,,Picked up Elysas Determination,,TRUE,72000,-1,,
elysashopepickuptimer,Aelrynth,,,Picked up Elysas Hope,,TRUE,72000,-1,,
elysasresolvepickuptimer,Aelrynth,,,Picked up Elysas Resolve,,TRUE,72000,-1,,
emberbrightgiven,Aelrynth,,,Player has received the Bright Ember from Aun Tanua,,FALSE,0,1,,
emberbrightgivennew,Aelrynth,,,Player has received the Bright Ember from Aun Tanua. Created for the March 2004 revision.,,FALSE,0,1,set by Aun Tanua,
emberbrightreceived,Aelrynth,,,Aulakhe has received the Bright Ember,,FALSE,0,1,,
emberbrightreceivednew,Aelrynth,,,Aulakhe has received the Bright Ember,,FALSE,0,1,set by Aun Aulakhe,
emberinvokingpickup,Aelrynth,,,Players can pick up EmberInvoking in 1 month. Added for the March 2004 revision.,,TRUE,72000,-1,,
embossedashenkeypickup,Aelrynth,,,quest timer,,TRUE,72000,-1,,
emotetestdrudgekillerquest,Aelrynth,,,Test Emote Drudge Quest,,TRUE,0,2,"set by Emote Test Drudge, WEventCoordinator",
emotetestnpcquest,Aelrynth,,,Test Emote NPC Quest,,TRUE,30,-1,set by WEventCoordinator,
emotetestportal,Aelrynth,,,Test Emote Portal Quest,,TRUE,30,3,set by Emote Test Portal,
emotetestswordquest,Aelrynth,,,Test Emote Sword Quest,,TRUE,75,3,"set by Test Emote NPC, WEventCoordinator",
empoweredwispskillcount,Aelrynth,,,Empowered Wisps Kill Counter,,TRUE,0,50,,
empoweredwispskilltask,Aelrynth,,,Empowered Wisps Kill Task,,TRUE,72000,-1,,
emptyskinpickedup,Aelrynth,,,You have obtained an empty skin.,,TRUE,72000,-1,,
emptysoul,Aelrynth,,,You've begun the Empty Soul quest.,,FALSE,0,1,"set by Han Rin-Jo, Jojii Adherent",
emptysoulcomplete,Aelrynth,,,You've complete the Empty Soul quest.,,TRUE,72000,-1,set by Honshu Takeda,
emptysoulcrystal,Aelrynth,,,You've received the Crystals for Empty Soul.,,TRUE,72000,-1,set by Crystal Formation,
emptysouldragon,Aelrynth,,,You've been allowed to enter the Dungeon for the Dragon part of Empty Soul.,,FALSE,0,1,"set by Miko Li, Jojii Adherent",
emptysoulfirebird,Aelrynth,,,You've been allowed to enter the Dungeon for the Firebird part of Empty Soul.,,FALSE,0,1,set by Jojii Shrine,
emptysoulorb,Aelrynth,,,You've received the Orb for Empty Soul.,,TRUE,72000,-1,set by Smooth Rocks,
emptysoulshield,Aelrynth,,,You've received the Shield for Empty Soul.,,TRUE,72000,-1,set by Smoldering Brazier,
emptysoulunicorn,Aelrynth,,,You've been allowed to enter the Dungeon for the Unicorn part of Empty Soul.,,FALSE,0,1,set by Jojii Shrine,
emptysoulzen,Aelrynth,,,You are allowed to use the buffing aspect of the Empy Soul reward.,,FALSE,0,1,set by Honshu Takeda,
empyreannotebookpickup,Aelrynth,,,quest timer,,TRUE,72000,-1,,
empyreanportalspacestabilizerhigh_completed,Aelrynth,,,Player wait timer for the high level Empyrean Portalspace Stabilizer Quest.,,TRUE,518400,-1,set by Emissary of Asheron,
empyreanportalspacestabilizerhigh_start,Aelrynth,,,Player has started the high level Empyrean Portalspace Stabilizer Quest.,,FALSE,0,1,set by Emissary of Asheron,
empyreanportalspacestabilizerlow_completed,Aelrynth,,,Player wait timer for the low level Empyrean Portalspace Stabilizer Quest.,,TRUE,518400,-1,set by Emissary of Asheron,
empyreanportalspacestabilizerlow_start,Aelrynth,,,Player has started the low level Empyrean Portalspace Stabilizer Quest.,,FALSE,0,1,set by Emissary of Asheron,
empyreanportalspacestabilizermid_completed,Aelrynth,,,Player wait timer for the mid level Empyrean Portalspace Stabilizer Quest.,,TRUE,518400,-1,set by Emissary of Asheron,
empyreanportalspacestabilizermid_start,Aelrynth,,,Player has started the mid level Empyrean Portalspace Stabilizer Quest.,,FALSE,0,1,set by Emissary of Asheron,
empyreanrescuecompleted_1010,Aelrynth,,,Player has completed the Empyrean Rescue Quest,,TRUE,72000,-1,set by Emissary of Asheron,
empyreanrescuestarted_0910,Aelrynth,,,Player has started the Empyrean Rescue Quest,,FALSE,0,1,set by Emissary of Asheron,
empyreanscalemailshirt,Aelrynth,,,Empyrean Scalemail Shirt,,TRUE,72000,-1,,
empyreansunstone_pickup,Aelrynth,,,Player has picked up the Empyrean Sun Stone,,TRUE,72000,-1,,
enameledfalatacotmedallionpickuptimer,Aelrynth,,,Player has picked up Enameled Falatacot Medallion,,TRUE,72000,-1,,
enchantedmnemosynesfound,Aelrynth,,,Enchanted Mnemosynes Found Bits,,TRUE,0,1023,checked by Sir Learth,
endowmentnuhmudiragiven,Aelrynth,,,This quest flag is obsolete.,,TRUE,72000,-1,,
engorgedbloodstoneshardpickuptimer,Aelrynth,,,Pickup timer for Engorged Bloodstone Shard,,TRUE,72000,-1,,
engorgedeaterjaw,Aelrynth,,,Engorged Eater Jaw,,TRUE,72000,-1,checked by Clemenza,
engravedashenkeypickuptimer,Aelrynth,,,Picked up Engraved Ashen Key,,TRUE,72000,-1,,
engravedfalatacotmedallionpickuptimer,Aelrynth,,,Player has picked up Engraved Falatacot Medallion,,TRUE,72000,-1,,
enhancingmucor_repeat,Aelrynth,,,Player has completed the Enhancing Mucor Quest before,,FALSE,0,1,set by Ley Line,
enhancingmucor_start,Aelrynth,,,Player has started the Enhancing Mucor Quest,,FALSE,0,1,"set by Torgluuk, High Shaman of Kor-Gursha",
enhancingmucor_wait,Aelrynth,,,Enhancing Mucor Quest Wait Timer,,TRUE,72000,-1,set by Ley Line,
enlightenedcelestialhandmaster,Aelrynth,,,Player is an enlightened former master of Celestial Hand,,FALSE,0,1,checked by Promotions Officer,
enlightenedeldrytchwebmaster,Aelrynth,,,Player is an enlightened former master of Eldrytch Web,,FALSE,0,1,checked by Promotions Officer,
enlightenedmastersmedallion_pickup,Aelrynth,,,Player has picked up Enlightened Masters Medallion,,TRUE,72000,-1,,
enlightenedradiantbloodmaster,Aelrynth,,,Player is an enlightened former master of Radiant Blood,,FALSE,0,1,checked by Promotions Officer,
enricoaugmentation,Aelrynth,,,Pickup timer for Augmentation Text,,TRUE,72000,-1,,
enricoaugmentationletterturnin,Aelrynth,,,Player has turned in Augmentation letter.,,FALSE,0,1,set by Enrico di Bellenesse,
enricosbetrayalcomplete_0511,Aelrynth,,,Contract Repeat Timer for Enricos Betrayal,,TRUE,72000,-1,set by Enrico di Bellenesse,
enricouncle,Aelrynth,,,Pickup timer for To My Dear Uncle,,TRUE,72000,-1,,
enricouncleletterturnin,Aelrynth,,,Player has turned in To My Dear Uncle letter.,,FALSE,0,1,set by Enrico di Bellenesse,
enricowarning,Aelrynth,,,Pickup timer for A Warning,,TRUE,72000,-1,,
enricowarningletterturnin,Aelrynth,,,Player has turned in A Warning letter.,,FALSE,0,1,set by Enrico di Bellenesse,
enterbattledungeon,Aelrynth,,,You've entered a battle dungeon.,,TRUE,1800,-1,set by Small Creepy Statue,
enterburuncatacombs,Aelrynth,,,You can now enter the Burun catacombs and fight Morgluuk.,,FALSE,0,1,set by Captain K'rank,
enterelementalcaverns,Aelrynth,,,HemmikTheSlyNPC grants access to the Elemental Caverns.,,FALSE,0,1,set by Hemmik the Sly,
enterharbingerissk,Aelrynth,,,Issk said you can enter the dungeon.,,FALSE,0,1,set by Issk,
enterharbingervincadi,Aelrynth,,,Vincadi said you can enter the dungeon.,,FALSE,0,1,set by Vincadi,
eodcompleted_1013,Aelrynth,,,quest timer,,TRUE,72000,-1,set by Aun Ol'tra,
eodkeypickup_1013,Aelrynth,,,quest timer,,TRUE,72000,-1,,
eodstarted_1013,Aelrynth,,,quest timer,,FALSE,0,1,set by Aun Ol'tra,
erqlegkeypickuptimer,Aelrynth,,,Pickup timer for Legendary Key at the end of Empyrean Rescue Quest,,TRUE,72000,-1,,
escapecompleted_0213,Aelrynth,,,Escape Spirit of Janthef,,TRUE,72000,-1,set by Spirit of Janthef,
escapestarted_0213,Aelrynth,,,Escape Janthef Started,,FALSE,0,1,set by Nekshla,
esperminecommandersgemgiven,Aelrynth,,,Given the Esper Mine Commander's Gem to Qumasha,,FALSE,0,1,set by Royal Guard Qumasha,
esperminecommandersgempickuptimer,Aelrynth,,,Esper Mine Commander's Gem pickup timer,,TRUE,72000,-1,,
essencebraceletreceived,Aelrynth,,,Player has received the Bracelet of Dark Essence,,TRUE,72000,-1,set by Magically Sealed Dais,
essencelockused,Aelrynth,,,Used Essence Lock,,FALSE,0,1,set by Essence Lock,
essenceofartificepickup,Aelrynth,,,Essence of Artifice pickup timer,,TRUE,72000,-1,,
essenceofenchantmentpickup,Aelrynth,,,Essence of Enchantment pickup timer,,TRUE,72000,-1,,
essenceofstrifepickup,Aelrynth,,,Essence of Strife pickup timer,,TRUE,72000,-1,,
essenceofverdancypickup,Aelrynth,,,Essence of Verdancy pickup timer,,TRUE,72000,-1,,
essencerecovered,Aelrynth,,,Player has gotten essence from the essence font.,,FALSE,0,1,,
eventbanderlingkiller,Aelrynth,,,Player has killed this event boss,,FALSE,0,1,"checked by Bhab, Arcanum Tinkerer",
eventbentenkiller,Aelrynth,,,Player has killed this event boss,,FALSE,0,1,"checked by Bhab, Arcanum Tinkerer",
eventdrudgekiller,Aelrynth,,,Player has killed this event boss,,FALSE,0,1,"checked by Bhab, Arcanum Tinkerer",
eventgolemkiller,Aelrynth,,,Player has killed this event boss,,FALSE,0,1,"checked by Bhab, Arcanum Tinkerer",
eventgrievverkiller,Aelrynth,,,Player has killed this event boss,,FALSE,0,1,"checked by Bhab, Arcanum Tinkerer",
eventgromniekiller,Aelrynth,,,Player has killed this event boss,,FALSE,0,1,"checked by Bhab, Arcanum Tinkerer",
eventhighsclavuskiller,Aelrynth,,,Player has killed this event boss,,FALSE,0,1,"checked by Bhab, Arcanum Tinkerer",
eventhighskeletonkiller,Aelrynth,,,Player has killed this event boss,,FALSE,0,1,"checked by Bhab, Arcanum Tinkerer",
eventkiller,Aelrynth,,,Player has killed one of the Event Statues.,,FALSE,0,1,checked by Arcanum Researcher,
eventmidsclavuskiller,Aelrynth,,,Player has killed this event boss,,FALSE,0,1,"checked by Bhab, Arcanum Tinkerer",
eventmidskeletonkiller,Aelrynth,,,Player has killed this event boss,,FALSE,0,1,"checked by Bhab, Arcanum Tinkerer",
eventmosswartkiller,Aelrynth,,,Player has killed this event boss,,FALSE,0,1,"checked by Bhab, Arcanum Tinkerer",
eventreedsharkkiller,Aelrynth,,,Player has killed this event boss,,FALSE,0,1,"checked by Bhab, Arcanum Tinkerer",
eventshadowkiller,Aelrynth,,,Player has killed this event boss,,FALSE,0,1,"checked by Bhab, Arcanum Tinkerer",
eventthorstenkiller,Aelrynth,,,Player has killed this event boss,,FALSE,0,1,"checked by Bhab, Arcanum Tinkerer",
eventtumerokkiller,Aelrynth,,,Player has killed this event boss,,FALSE,0,1,"checked by Bhab, Arcanum Tinkerer",
eventvirindikiller,Aelrynth,,,Player has killed this event boss,,FALSE,0,1,"checked by Bhab, Arcanum Tinkerer",
eventzharalimkiller,Aelrynth,,,Player has killed this event boss,,FALSE,0,1,"checked by Bhab, Arcanum Tinkerer",
evilmazeparchment1,Aelrynth,,,Evil Maze Parchment 1 Quest,,TRUE,72000,-1,,
experimentalshadowstonepickuptimer,Aelrynth,,,Picked up Experimental Shadow Stone,,TRUE,72000,-1,,
explorationmarkerscratercrasherfound,Aelrynth,,,Amount of Crater Crasher Exploration Markers found.,,TRUE,0,5,set by Exploration Marker,
explorationmarkersdaredevilfound,Aelrynth,,,Amount of Daredevil Exploration Markers found.,,TRUE,0,5,set by Exploration Marker,
explorationmarkersfound,Aelrynth,,,Amount of Exploration Markers found.,,TRUE,0,100,set by Exploration Marker,
explorationmarkersfoundingroupa,Aelrynth,,,Amount of Group A Exploration Markers found.,,TRUE,0,1023,,
explorationmarkersfoundingroupb,Aelrynth,,,Amount of Group B Exploration Markers found.,,TRUE,0,1023,,
explorationmarkersfoundingroupc,Aelrynth,,,Amount of Group C Exploration Markers found.,,TRUE,0,1023,,
explorationmarkersfoundingroupd,Aelrynth,,,Amount of Group D Exploration Markers found.,,TRUE,0,1023,,
explorationmarkersfoundingroupe,Aelrynth,,,Amount of Group E Exploration Markers found.,,TRUE,0,1023,,
explorationmarkersfoundingroupf,Aelrynth,,,Amount of Group F Exploration Markers found.,,TRUE,0,1023,,
explorationmarkersfoundingroupg,Aelrynth,,,Amount of Group G Exploration Markers found.,,TRUE,0,1023,,
explorationmarkersfoundingrouph,Aelrynth,,,Amount of Group H Exploration Markers found.,,TRUE,0,1023,,
explorationmarkersfoundingroupi,Aelrynth,,,Amount of Group I Exploration Markers found.,,TRUE,0,1023,,
explorationmarkersfoundingroupj,Aelrynth,,,Amount of Group J Exploration Markers found.,,TRUE,0,1023,,
explorationmarkersgroups,Aelrynth,,,Group of Exploration Markers found.,,TRUE,0,1023,checked by Sean the Speedy,
explorationmarkersmountainclimberfound,Aelrynth,,,Amount of Mountain Climber Exploration Markers found.,,TRUE,0,5,set by Exploration Marker,
explorationmarkerspartygoerfound,Aelrynth,,,Amount of Party-Goer Exploration Markers found.,,TRUE,0,5,set by Exploration Marker,
explorationmarkersskydiverfound,Aelrynth,,,Amount of Sky Diver Exploration Markers found.,,TRUE,0,5,set by Exploration Marker,
explorationmarkersspelunkerfound,Aelrynth,,,Amount of Spelunker Exploration Markers found.,,TRUE,0,5,set by Exploration Marker,
explorationmarkersthemes,Aelrynth,,,Theme Group of Exploration Markers found.,,TRUE,0,63,,
extremeaerfallestaffobtained,Aelrynth,,,quest timer,,TRUE,72000,-1,,
eyekiviklirhaven1,Aelrynth,,,You've used the Eye.,,TRUE,60,-1,set by Eye of the Watcher,
eyekiviklirhaven2,Aelrynth,,,You've used the Eye.,,TRUE,60,-1,set by Eye of the Watcher,
eyekiviklirhaven3,Aelrynth,,,You've used the Eye.,,TRUE,60,-1,set by Eye of the Watcher,
eyekiviklirhaven4,Aelrynth,,,You've used the Eye.,,TRUE,60,-1,set by Eye of the Watcher,
eyekiviklirtrial1,Aelrynth,,,You've used the Eye.,,TRUE,30,-1,set by Eye of the Watcher,
eyekiviklirtrial2,Aelrynth,,,You've used the Eye.,,TRUE,30,-1,set by Eye of the Watcher,
eyekiviklirtrial3,Aelrynth,,,You've used the Eye.,,TRUE,30,-1,set by Eye of the Watcher,
eyekiviklirtrial4,Aelrynth,,,You've used the Eye.,,TRUE,30,-1,set by Eye of the Watcher,
eyekiviklirtrialarena,Aelrynth,,,You've completed the Kivik Lir Combat Trial.,,TRUE,900,-1,set by Guardian of the Arena,
eyekiviklirtrialjump,Aelrynth,,,You've completed the Kivik Lir Agility Trial.,,TRUE,900,-1,set by Eye of the Heights,
eyekiviklirtriallogic,Aelrynth,,,You've completed the Kivik Lir Logic Trial.,,TRUE,900,-1,set by Eye of the Watcher,
facesmukkircomplete1005,Aelrynth,,,Completed Faces of Mukkir quest,,TRUE,72000,-1,set by Qath al-Haddash,
facesmukkircontractcomplete,Aelrynth,Contract Completed for Faces of Mukkir quest,,Contract Completed for Faces of Mukkir quest,,FALSE,0,1,,
facesmukkirnotes1005,Aelrynth,,,Portal flagging for Faces of Mukkir dungeons,,FALSE,0,1,set by Qath al-Haddash,
fachubbanderlingcamp,Aelrynth,,,PERMANENT - FC Quarter Staff of Fire Quest,,FALSE,0,1,set by Warden,
fachubbanderlingcampportal_flag,Aelrynth,,,Player is flagged to use the Banderling Camp portal,,FALSE,0,1,set by Warden,
fachubbellig,Aelrynth,,,PERMANENT - FC Hammer of Lightning Quest,,FALSE,0,1,set by Warden,
fachubbelligportal_flag,Aelrynth,,,Player is flagged to use the Bellig portal,,FALSE,0,1,set by Warden,
fachubblackmire,Aelrynth,,,PERMANENT - FC Blackmire Lore Quest,,FALSE,0,1,set by Warden,
fachubblackmireportal_flag,Aelrynth,,,Player is flagged to use the Blackmire portal,,FALSE,0,1,set by Warden,
fachubcastle,Aelrynth,,,PERMANENT - FC Crown of Bone Quest,,FALSE,0,1,set by Warden,
fachubcastleportal_flag,Aelrynth,,,Player is flagged to use the Castle of Baron Nuvillus portal,,FALSE,0,1,set by Warden,
fachubcatacombs,Aelrynth,,,PERMANENT - FC Mi Krau-Li's Improved Jitte Quest,,FALSE,0,1,set by Warden,
fachubcatacombsportal_flag,Aelrynth,,,Player is flagged to use the Catacombs of the Forgotten portal,,FALSE,0,1,set by Warden,
fachubcolier,Aelrynth,,,PERMANENT - FC Colier Mines Quest,,FALSE,0,1,set by Warden,
fachubcolierportal_flag,Aelrynth,,,Player is flagged to use the Colier portal,,FALSE,0,1,set by Warden,
fachubdangerouscatacombs,Aelrynth,,,PERMANENT - FC Tibri's Fire Spear Quest,,FALSE,0,1,set by Mosswart Warden,
fachubdangerouscatacombsportal_flag,Aelrynth,,,Player is flagged to use the Dangerous Cave portal,,FALSE,0,1,set by Mosswart Warden,
fachubdryreach,Aelrynth,,,PERMANENT - FC Dryreach Resure Quest,,FALSE,0,1,set by Warden,
fachubdryreachportal_flag,Aelrynth,,,Player is flagged to use the Dyreach portal,,FALSE,0,1,set by Warden,
fachubeastham,Aelrynth,,,PERMANENT - FC Mace of the Explorer Quest,,FALSE,0,1,set by Warden,
fachubeasthamportals_flag,Aelrynth,,,Player is flagged to use the portals in the Eastham wing of Facility Hub,,FALSE,0,1,set by Warden,
fachubfledgemasterscamp,Aelrynth,,,PERMANENT - FC Fledgemaster's Tusk Quest,,FALSE,0,1,set by Warden,
fachubfledgemasterscampportal_flag,Aelrynth,,,Player is flagged to use the Fledgemasters Camp portal,,FALSE,0,1,set by Warden,
fachubfolthid,Aelrynth,,,PERMANENT - FC Dagger of Tikola Quest,,FALSE,0,1,set by Warden,
fachubfolthidportal_flag,Aelrynth,,,Player is flagged to use the Folthid Estate portal,,FALSE,0,1,set by Warden,
fachubglendenwood,Aelrynth,,,PERMANENT - FC Glenden Wood Dungeon Quest,,FALSE,0,1,set by Warden,
fachubglendenwoodportal_flag,Aelrynth,,,Player is flagged to use the Glenden Wood portal,,FALSE,0,1,set by Warden,
fachubgreenmiregrave,Aelrynth,,,PERMANENT - FC Green Mire Grave Quest,,FALSE,0,1,set by Warden,
fachubgreenmiregraveportal_flag,Aelrynth,,,Player is flagged to use the Green Mire Grave portal,,FALSE,0,1,set by Warden,
fachubhallsofhelm,Aelrynth,,,PERMANENT - FC Halls of the Helm Quest,,FALSE,0,1,set by Warden,
fachubhallsofhelmportal_flag,Aelrynth,,,Player is flagged to use the Halls of the Helm portal,,FALSE,0,1,set by Warden,
fachubhauntedmansion,Aelrynth,,,PERMANENT - FC Haunted Mansion Quest,,FALSE,0,1,set by Aun Warden,
fachubhauntedmansionportal_flag,Aelrynth,,,Player is flagged to use the Haunted Mansion portal,,FALSE,0,1,set by Aun Warden,
fachubhuntersleap,Aelrynth,,,PERMANENT - FC Hunter's Leap Quest,,FALSE,0,1,set by Warden,
fachubhuntersleapportal_flag,Aelrynth,,,Player is flagged to use the Hunters Leap portal,,FALSE,0,1,set by Warden,
fachubmitemaze,Aelrynth,,,PERMANENT - FC Branith's Stolen Possessions Quest,,FALSE,0,1,set by Warden,
fachubmitemazeportal_flag,Aelrynth,,,Player is flagged to use the Mite Maze portal,,FALSE,0,1,set by Warden,
fachubmosswartcamp,Aelrynth,,,PERMANENT - FC Mosswart Ice Tachi Quest,,FALSE,0,1,set by Warden,
fachubmosswartcampportal_flag,Aelrynth,,,Player is flagged to use Mosswart Camp portal,,FALSE,0,1,set by Warden,
fachubmountainsewer,Aelrynth,,,PERMANENT - FC Mountain Sewer Quest,,FALSE,0,1,set by Warden,
fachubmountainsewerportal_flag,Aelrynth,,,Player is flagged to use the Mountain Sewer portal,,FALSE,0,1,set by Warden,
fachubskeletonfort,Aelrynth,,,PERMANENT - FC Jacob's Axe Quest,,FALSE,0,1,set by Warden,
fachubskeletonfortportal_flag,Aelrynth,,,Player is flagged to use the Skeleton Fort portal,,FALSE,0,1,set by Warden,
fachubsuntik,Aelrynth,,,PERMANENT - FC Acid Axe Quest,,FALSE,0,1,set by Warden,
fachubsuntikportal_flag,Aelrynth,,,Player is flagged to use the Suntik portal,,FALSE,0,1,set by Warden,
fachubtrothyrsrest,Aelrynth,,,PERMANENT - FC Trothyr's Rest Quest,,FALSE,0,1,set by Warden,
fachubtrothyrsrestportal_flag,Aelrynth,,,Player is flagged to use the Trothyrs Rest portal,,FALSE,0,1,set by Warden,
faciltyhubfound_1111,Aelrynth,,,Facilty Hub found,,FALSE,0,1,set by Facility Hub Portal Gem,
falatacotchestkey_pickup,Aelrynth,,,Player has picked up Falatacot Chest Key,,TRUE,72000,-1,,
falatacotdepotquest_completed,Aelrynth,,,Player has completed the Falatacot Depot Quest,,TRUE,72000,-1,set by Neelic,
falatacotdepotquest_started,Aelrynth,,,Player has started the Falatacot Depot Quest,,FALSE,0,1,set by Neelic,
falatacotmagicresistance,Aelrynth,,,Teachings of the Falatacot,,FALSE,0,1,set by Fanzen San the Translator,
falatacotmedallion_start,Aelrynth,,,Player has started Falatacot Medallion Quest,,FALSE,0,1,set by Gruuk'lar,
falatacotmedallion_wait,Aelrynth,,,Player wait timer for turning in Falatacot Medallion,,TRUE,72000,-1,set by Gruuk'lar,
falatacotsoultrap_pickup,Aelrynth,,,Player has picked up Falatacot Soul Trap,,TRUE,72000,-1,,
falatacottome_pickup,Aelrynth,,,Player has picked up the Falatacot Tome,,TRUE,72000,-1,,
falatacotvault_flag,Aelrynth,,,Access granted to the Falatacot Vault,,FALSE,0,1,set by Abbess Zik'Lir,
falatcotreports,Aelrynth,,,Falatcot Reports Collected Adept Society,,TRUE,72000,-1,,
fallencreaturekillcount,Aelrynth,,,Fallen Creature Kill Counter,,TRUE,0,10,,
fallencreaturekilltask,Aelrynth,,,Fallen Creature Kill Task,,TRUE,72000,-1,,
fearfactorycache,Aelrynth,,,quest timer,,TRUE,72000,-1,,
fearfactorycompleted_0813,Aelrynth,,,quest timer,,TRUE,72000,-1,set by Geilla,
fearfactoryreleased_0813,Aelrynth,,,quest counter,,TRUE,0,5,"set by Geilla, Shadow Captive",
fearfactorystarted_0813,Aelrynth,,,quest timer,,FALSE,0,1,set by Geilla,
feb01clquest1,Aelrynth,,,Unkindled Thaumaturgic Girth,,TRUE,72000,-1,set by Eaushi the Trainer,
feb01clquest10,Aelrynth,,,Right Mario Boot,,TRUE,72000,-1,,
feb01clquest11,Aelrynth,,,Sasalia's Key,,TRUE,72000,-1,,
feb01clquest2,Aelrynth,,,Unkindled Thaumaturgic Leggings,,TRUE,72000,-1,set by Eaushi the Trainer,
feb01clquest3,Aelrynth,,,Unkindled Thaumaturgic Coat,,TRUE,72000,-1,set by Eaushi the Trainer,
feb01clquest4,Aelrynth,,,Sunstone Geode,,TRUE,72000,-1,,
feb01clquest5,Aelrynth,,,Organic Acid Vial,,TRUE,72000,-1,,
feb01clquest6,Aelrynth,,,Lightweight Tome,,TRUE,72000,-1,,
feb01clquest7,Aelrynth,,,Left Mario Boot,,TRUE,72000,-1,,
feb01clquest8,Aelrynth,,,Globe of Auberean,,TRUE,72000,-1,set by Eaushi the Trainer,
feb01clquest9,Aelrynth,,,Titan Mana Charge,,TRUE,72000,-1,,
fellowmagicdefense4,Aelrynth,,,You found a fellowship magic defense spell.,,TRUE,72000,-1,,
fellowmagicdefense5,Aelrynth,,,You found a fellowship magic defense spell.,,TRUE,72000,-1,,
fellowmagicdefense6,Aelrynth,,,You found a fellowship magic defense spell.,,TRUE,72000,-1,,
fellowmagicdefense7,Aelrynth,,,You found a fellowship magic defense spell.,,TRUE,72000,-1,,
fellowmeleedefense4,Aelrynth,,,You found a fellowship melee defense spell.,,TRUE,72000,-1,,
fellowmeleedefense5,Aelrynth,,,You found a fellowship melee defense spell.,,TRUE,72000,-1,,
fellowmeleedefense6,Aelrynth,,,You found a fellowship melee defense spell.,,TRUE,72000,-1,,
fellowmeleedefense7,Aelrynth,,,You found a fellowship melee defense spell.,,TRUE,72000,-1,,
fellowmissiledefense4,Aelrynth,,,You found a fellowship melee defense spell.,,TRUE,72000,-1,,
fellowmissiledefense5,Aelrynth,,,You found a fellowship melee defense spell.,,TRUE,72000,-1,,
fellowmissiledefense6,Aelrynth,,,You found a fellowship melee defense spell.,,TRUE,72000,-1,,
fellowmissiledefense7,Aelrynth,,,You found a fellowship melee defense spell.,,TRUE,72000,-1,,
fellowshipcrystallordslayerquest,Aelrynth,,,Your fellowhsip has killed a Crystal Lord.,,TRUE,169200,-1,set by Crystal Lord,
fenmalaincrystal,Aelrynth,,,Fenmalain Crystal,,TRUE,72000,-1,,
findmumiyahdevicestart,Aelrynth,,,Flagged to Find Mumiyah Device,,FALSE,0,1,set by Mu-miyah Device,
findmumiyahdevicewait,Aelrynth,,,Mumiyah Device Wait,,TRUE,72000,-1,set by Nephthys,
finemetalscrapspickup,Aelrynth,,,FineMetalScraps Timer,,TRUE,72000,-1,,
finishednoir1,Aelrynth,,,You've completed the first noir quest.,,TRUE,72000,-1,set by Dame Brinna O'Shea,
fireworksused0105,Aelrynth,,,You've set off some New Years fireworks.,,TRUE,90,-1,"set by Fireworks, Wedding Fireworks Launcher",
firezenithdead,Aelrynth,,,quest timer,,FALSE,0,1,set by Fire Zenith,
firstcontact_firstcompletion,Aelrynth,First completion of the First Contact quest,,First completion of the First Contact quest,,FALSE,0,1,,
firstcontact_threedocumentsgiven,Aelrynth,,,Three documents given to Translator Aun Laokhe,,TRUE,0,3,set by Translator Aun Laokhe,
firstcontactcomplete_0511,Aelrynth,,,First Contact quest cooldown timer,,TRUE,72000,-1,set by Translator Aun Laokhe,
firstlieutenantinsigniapickup,Aelrynth,,,quest timer,,TRUE,72000,-1,,
firstsistercompleted_1012,Aelrynth,,,Player has completed Harvesting the Bulb of Mornings quest.,,TRUE,72000,-1,set by Kaltus,
firstsisterstarted_1012,Aelrynth,,,Player has started Harvesting the Bulb of Mornings quest.,,FALSE,0,1,set by Kaltus,
firstspawncomplete,Aelrynth,,,Player has killed first Spawn,,FALSE,0,1,,
firsttalkwithroderick,Aelrynth,,,Player stamp after first talk with Roderick.,,FALSE,0,1,set by Roderick,
firstyanshimatronkill,Aelrynth,,,First Completion of Yanshi Tunnels quest,,FALSE,0,1,set by Royal Guard Adrana,
fishcounter,Aelrynth,,,Number of Minnows turned in.,,TRUE,0,100,set by Fishing Hole,
fishingdelay,Aelrynth,,,Player must wait for fishing delay to expire before fishing again.,,TRUE,5,-1,set by Fishing Hole,
fishlargecounter,Aelrynth,,,Number of Minnows turned in.,,TRUE,0,300,set by Fishing Hole,
fiunhealingmachinecompleted_0511,Aelrynth,,,Assembled Healing Machine Turn-in to Scorus,,TRUE,72000,-1,set by Scorus,
fiunhealingmachinestarted_0511,Aelrynth,,,StartFiunHealingMachine flagged,,FALSE,0,1,set by Scorus,
flaggedcellsblackbook,Aelrynth,,,Flagging for entering the Cells of the Black Book dungeon,,FALSE,0,1,set by Hassha,
flaggedmoarsmancity,Aelrynth,,,FlaggedMoarsmanCity,,FALSE,0,1,"set by Gamri Nightshade, Istonia Charson, Philonius Porbandar",
fledgemastertusk,Aelrynth,,,Fledge Master's Tusk Quest,,TRUE,72000,-1,checked by Seneschal Dalmour,
fledgemastertuskrepeat,Aelrynth,,,Player has completed Fledgemaster Tusk once.,,FALSE,0,1,set by Seneschal Dalmour,
floesharkkillcount,Aelrynth,,,Floeshark Kill Counter,,TRUE,0,50,set by Ryuichi Tai,
floesharkkilltask,Aelrynth,,,Floeshark Kill Task,,TRUE,72000,-1,set by Ryuichi Tai,
flyingmachineplansacquired0105,Aelrynth,,,Player has picked up the Flying Machine Plans.,,TRUE,72000,-1,,
focusingstone,Aelrynth,,,Focusing Stone from Mines of Despair,,TRUE,72000,-1,,
focusingstoneimbued,Aelrynth,,,Imbued Focusing Stone from Mines of Despair,,TRUE,72000,-1,,
folthidshardpickup,Aelrynth,,,Ancient Shard of Metal picked up from a Large Chest.,,TRUE,72000,-1,,
forgeessencegiven1204,Aelrynth,,,You've given any forge essence to any crafting forge,,FALSE,0,1,"set by Alchemy Forge, Cooking Forge, Fletching Forge and 2 more",
forgeessencenorthacquired1204,Aelrynth,,,You have picked up the Northern Forge Essence,,TRUE,72000,-1,,
forgeessencesouthacquired1204,Aelrynth,,,You have picked up the Southern Forge Essence,,TRUE,72000,-1,,
forgeessencewestacquired1204,Aelrynth,,,You have picked up the Western Forge Essence,,TRUE,72000,-1,,
forgeessencexprewardreceived0105,Aelrynth,,,You handed a Western Forge Essence to an Agent of the Arcanum.,,FALSE,0,1,,
forger'shideoutportal,Aelrynth,,,Forger's Hideout Portal Flag - 1 week,,TRUE,518400,-1,set by Shanrek the Forger,
forgetfulness13days,Aelrynth,,,2 week skill forgetfulness timer.,,TRUE,1123200,-1,"set by Alchemy Warden of Forgetfulness, Arcane Lore Warden of Forgetfulness, Armor Tinkering Warden of Forgetfulness and 35 more",
forgetfulness20days,Aelrynth,,,3 week skill forgetfulness timer.,,TRUE,1728000,-1,"set by Alchemy Warden of Forgetfulness, Arcane Lore Warden of Forgetfulness, Armor Tinkering Warden of Forgetfulness and 35 more",
forgetfulness6days,Aelrynth,Attribute and Skill Redistribution,https://acportalstorm.com/wiki/Attribute_and_Skill_Redistribution,1 week skill forgetfulness timer. See Run Warden of Forgetfulness; Salvaging Warden of Forgetfulness; Heavy Weapons Warden of Forgetfulness (among others).,1 week skill forgetfulness timer.,TRUE,518400,-1,"set by Alchemy Warden of Forgetfulness, Arcane Lore Warden of Forgetfulness, Armor Tinkering Warden of Forgetfulness and 35 more",
forgetfulnessgems1,Aelrynth,Attribute and Skill Redistribution,https://acportalstorm.com/wiki/Attribute_and_Skill_Redistribution,First Forgetfulness gems received counter. See Summoning Warden of Forgetfulness; Alchemy Warden of Forgetfulness; Void Magic Warden of Forgetfulness (among others).,First Forgetfulness gems received counter,TRUE,0,3,"set by Alchemy Warden of Forgetfulness, Arcane Lore Warden of Forgetfulness, Armor Tinkering Warden of Forgetfulness and 35 more",
forgetfulnessgems2,Aelrynth,Attribute and Skill Redistribution,https://acportalstorm.com/wiki/Attribute_and_Skill_Redistribution,Second Forgetfulness gems received counter. See Dirty Fighting Warden of Forgetfulness; Dual Wield Warden of Forgetfulness; Recklessness Warden of Forgetfulness (among others).,Second Forgetfulness gems received counter,TRUE,0,3,"set by Alchemy Warden of Forgetfulness, Arcane Lore Warden of Forgetfulness, Armor Tinkering Warden of Forgetfulness and 35 more",
forgetfulnessgems3,Aelrynth,,,Third Forgetfulness gems received counter,,TRUE,0,7,"set by Alchemy Warden of Forgetfulness, Arcane Lore Warden of Forgetfulness, Armor Tinkering Warden of Forgetfulness and 35 more",
forgetfulnessgems4,Aelrynth,,,Fourth Forgetfulness gems received counter,,TRUE,0,9999999,"set by Alchemy Warden of Forgetfulness, Arcane Lore Warden of Forgetfulness, Armor Tinkering Warden of Forgetfulness and 35 more",
forgevaultkeypickuptimer,Aelrynth,,,Picked up Forge Vault Key,,TRUE,72000,-1,,
formacademypickup,Aelrynth,,,Player must wait 30 seconds to pick up another Academy Form,,TRUE,30,-1,,
fortunecounter,Aelrynth,,,How many Lucky Numbers did you get?,,TRUE,0,3,set by Jojii Shrine,
fossilizedbone_pickup,Aelrynth,,,Player has picked up the Fossilized Bone.,,TRUE,72000,-1,,
found9jestermarkers,Aelrynth,,,Found 9 Jester Markers,,TRUE,0,10,"set by Jester, Jester's Marker",
foundjestermarker1,Aelrynth,,,Found Jester Marker,,TRUE,72000,-1,set by Jester's Marker,
foundjestermarker10,Aelrynth,,,Found Jester Marker,,TRUE,72000,-1,set by Jester's Marker,
foundjestermarker2,Aelrynth,,,Found Jester Marker,,TRUE,72000,-1,set by Jester's Marker,
foundjestermarker3,Aelrynth,,,Found Jester Marker,,TRUE,72000,-1,set by Jester's Marker,
foundjestermarker4,Aelrynth,,,Found Jester Marker,,TRUE,72000,-1,set by Jester's Marker,
foundjestermarker5,Aelrynth,,,Found Jester Marker,,TRUE,72000,-1,set by Jester's Marker,
foundjestermarker6,Aelrynth,,,Found Jester Marker,,TRUE,72000,-1,set by Jester's Marker,
foundjestermarker7,Aelrynth,,,Found Jester Marker,,TRUE,72000,-1,set by Jester's Marker,
foundjestermarker8,Aelrynth,,,Found Jester Marker,,TRUE,72000,-1,set by Jester's Marker,
foundjestermarker9,Aelrynth,,,Found Jester Marker,,TRUE,72000,-1,set by Jester's Marker,
foundryofizexicompleted_1212,Aelrynth,,,Player wait timer for Foundry of Izexi.,,TRUE,72000,-1,set by Fahneph,
foundryofizexistarted_1212,Aelrynth,,,Player has started Foundry of Izexi Quest.,,FALSE,0,1,set by Fahneph,
foundseanthespeedy,Aelrynth,,,Sean the Speedy found.,,FALSE,0,1,set by Sean the Speedy,
fourcornerscompleted_1113,Aelrynth,,,Player has completed the Four Corners quest.,,TRUE,72000,-1,set by El'Yst Maggann,
fourcornersrecluseflag_1113,Aelrynth,,,Player flag for Sanctuary of the Recluse.,,FALSE,0,1,set by El'Yst Maggann,
fourcornersstarted_1113,Aelrynth,,,Player has started the Four Corners quest.,,TRUE,72000,-1,set by El'Yst Maggann,
fragofyajasarmpickuptimer,Aelrynth,,,Player has picked up Fragment of Yajas Arm,,TRUE,72000,-1,,
francoiscorruptedessencearmorcount,Aelrynth,,,Corrupted Essence turn in counter for Armor Piece,,TRUE,0,-1,set by Francois di Terli,
freebooteradvancementwait,Aelrynth,,,Cooldown for Freebooter Advancement Gem,,TRUE,72000,-1,set by Lormish Littlefinger,
freebooterkilltask0809,Aelrynth,,,Prison Moarsman Kill Task,,TRUE,0,20,set by Avarin,
freebooterkilltaskboss10809,Aelrynth,,,Large Ardant Moarsman Kill Task,,FALSE,0,1,set by Avarin,
freebooterkilltaskboss1wait0809,Aelrynth,,,Large Ardant Moarsman Kill Task,,TRUE,72000,-1,set by Avarin,
freebooterkilltaskboss20809,Aelrynth,,,Large Blessed Moarsman Kill Task,,FALSE,0,1,set by Avarin,
freebooterkilltaskboss2wait0809,Aelrynth,,,Large Blessed Moarsman Kill Task,,TRUE,72000,-1,set by Avarin,
freebooterkilltaskboss30809,Aelrynth,,,Large Verdant Moarsman Kill Task,,FALSE,0,1,set by Avarin,
freebooterkilltaskboss3wait0809,Aelrynth,,,Verdant Moarsman Kill Task,,TRUE,72000,-1,set by Avarin,
freebooterkilltaskwait0809,Aelrynth,,,Prison Moarsman Kill Task,,TRUE,72000,-1,set by Avarin,
freebooterluminancewait,Aelrynth,,,Cooldown for Freebooter Luminance Gem,,TRUE,72000,-1,set by Calhoun,
freedbrontynnthorstenarmor,Aelrynth,,,Player has freed Brontynn Marshad,,TRUE,72000,-1,set by Brontynn Marshad,
freedjester,Aelrynth,,,quest flag,,FALSE,0,1,set by Jester,
freedtempleexarch,Aelrynth,,,quest timer,,TRUE,72000,-1,set by Freed Temple Exarch,
frostgolemkillcount,Aelrynth,,,Frost Golem Kill Counter,,TRUE,0,20,set by George,
frostgolemkilltask,Aelrynth,,,Frost Golem Kill Task,,TRUE,72000,-1,set by George,
frostzenithdead,Aelrynth,,,quest timer,,FALSE,0,1,set by Frost Zenith,
frozenblackcrystal_pickup,Aelrynth,,,Player has picked up the Frozen Black Crystal,,TRUE,72000,-1,,
frozencrystalkillcount,Aelrynth,,,Frozen Crystal Kill Counter,,TRUE,0,4,set by Boone,
frozencrystalkilltask,Aelrynth,,,Frozen Crystal Kill Task,,TRUE,72000,-1,set by Boone,
frozendreadkillcount,Aelrynth,,,Frozen Dread Kill Counter,,TRUE,0,10,set by Kumiko,
frozendreadkilltask,Aelrynth,,,Frost Dread Kill Task,,TRUE,72000,-1,set by Kumiko,
frozenfortresslabaccess_0513,Aelrynth,,,Flagged to enter Frozen Lab,,FALSE,0,1,set by Frozen Fortress Laboratory Attunement Shard (Level 180+),
frozenfortresslabcompleted_0513,Aelrynth,,,You have obtained a experimental bloodstone shadr.,,TRUE,72000,-1,,
frozenfortresstestinggroundsaccess_0513,Aelrynth,,,Flagged to enter Testing Grounds,,FALSE,0,1,set by Frozen Fortress Testing Grounds Attunement Shard (Level 180+),
frozenfortresstestinggroundscompleted_0513,Aelrynth,,,Frost Fortress Test Kill Task Timer,,TRUE,72000,-1,set by Prototype Bloodstone,
frozenfortresstestinggroundskilltask_0513,Aelrynth,,,Frozen Fortress Kill Counter,,TRUE,0,20,set by Prototype Bloodstone,
frozenpresentpickuptimer,Aelrynth,Picked up Frozen Present,,Picked up Frozen Present,,TRUE,72000,-1,,
frozenwightkillcount,Aelrynth,,,Frozen Wight Kill Count,,TRUE,0,20,set by Leilah,
frozenwightkilltask,Aelrynth,,,Frozen Wight Kill Task,,TRUE,72000,-1,set by Leilah,
frozenwightlaircomplete1111,Aelrynth,,,You have obtained a Wardley Reward.,,TRUE,72000,-1,set by Halvor,
frozenwightlairtrophy1111,Aelrynth,,,You have obtained a Wardley belonging.,,TRUE,72000,-1,,
furgalmushroomstarted,Aelrynth,,,Player has talked to Furgal,,FALSE,0,1,set by Furgal,
furgalmushroomturninmax,Aelrynth,,,Player handed in 200 Mushrooms to Furgal,,FALSE,0,1,set by Furgal,
furgalmushroomturnins,Aelrynth,,,Player stamp for handing in Mushrooms to Furgal,,TRUE,0,200,,
gaerlanatlatl,Aelrynth,,,Player has received the corresponding reward.,,FALSE,0,1,set by Gaerlan's Phylacteric Prison,
gaerlanbow,Aelrynth,,,Player has received the corresponding reward.,,FALSE,0,1,set by Gaerlan's Phylacteric Prison,
gaerlanbracelet,Aelrynth,,,Player has received the corresponding reward.,,FALSE,0,1,set by Gaerlan's Phylacteric Prison,
gaerlanbreastplate,Aelrynth,,,Player has received the corresponding reward.,,FALSE,0,1,set by Gaerlan's Phylacteric Prison,
gaerlancestus,Aelrynth,,,Player has received the corresponding reward.,,FALSE,0,1,set by Gaerlan's Phylacteric Prison,
gaerlancirclet,Aelrynth,,,Player has received the corresponding reward.,,FALSE,0,1,set by Gaerlan's Phylacteric Prison,
gaerlancrit,Aelrynth,,,Player has gone through the portal to the inner sanctum.,,TRUE,72000,-1,checked by Gaerlan's Phylacteric Prison,
gaerlancrossbow,Aelrynth,,,Player has received the corresponding reward.,,FALSE,0,1,set by Gaerlan's Phylacteric Prison,
gaerlandagger,Aelrynth,,,Player has received the corresponding reward.,,FALSE,0,1,set by Gaerlan's Phylacteric Prison,
gaerlandefeated,Aelrynth,,,Player has finished the Gaerlan quest and can receive a reward.,,TRUE,72000,-1,set by Gaerlan's Phylacteric Prison,
gaerlanfight,Aelrynth,,,Unused questflag,,TRUE,3600,-1,,
gaerlankiller,Aelrynth,,,Player has gone through the portal to the inner sanctum.,,TRUE,72000,-1,set by Gaerlan,
gaerlanlife,Aelrynth,,,Player has received the corresponding reward.,,FALSE,0,1,set by Gaerlan's Phylacteric Prison,
gaerlanmace,Aelrynth,,,Player has received the corresponding reward.,,FALSE,0,1,set by Gaerlan's Phylacteric Prison,
gaerlannecklace,Aelrynth,,,Player has received the corresponding reward.,,FALSE,0,1,set by Gaerlan's Phylacteric Prison,
gaerlanpreamble,Aelrynth,,,Player has given the ornate seal to the ornate pillar,,FALSE,0,1,set by Ornate Pillar,
gaerlanquest,Aelrynth,,,Player has started the Gaerlan Quest.,,FALSE,0,1,checked by Asheron's Platinum Golem,
gaerlanring,Aelrynth,,,Player has received the corresponding reward.,,FALSE,0,1,set by Gaerlan's Phylacteric Prison,
gaerlanshield,Aelrynth,,,Player has received the corresponding reward.,,FALSE,0,1,set by Gaerlan's Phylacteric Prison,
gaerlanspear,Aelrynth,,,Player has received the corresponding reward.,,FALSE,0,1,set by Gaerlan's Phylacteric Prison,
gaerlanstaff,Aelrynth,,,Player has received the corresponding reward.,,FALSE,0,1,set by Gaerlan's Phylacteric Prison,
gaerlanstave,Aelrynth,,,Player has received the corresponding reward.,,FALSE,0,1,,
gaerlansword,Aelrynth,,,Player has received the corresponding reward.,,FALSE,0,1,set by Gaerlan's Phylacteric Prison,
gaerlanswordturnin,Aelrynth,,,Player can only turn in the sword 1 time every 1 days,,TRUE,72000,-1,"set by Agent Dravos, Agent of the Arcanum",
gaerlanwar1,Aelrynth,,,Player has received the War reward.,,FALSE,0,1,set by Gaerlan's Phylacteric Prison,
gaerlanwar2,Aelrynth,,,Player has received the War 2 reward.,,FALSE,0,1,,
gaerlanwar3,Aelrynth,,,Player has received the War 3 reward.,,FALSE,0,1,,
gaerlanwar4,Aelrynth,,,Player has received the War 4 reward.,,FALSE,0,1,,
gaerlanwarhammer,Aelrynth,,,Player has received the corresponding reward.,,FALSE,0,1,set by Gaerlan's Phylacteric Prison,
galaeraldagger,Aelrynth,,,Galaeral Dagger,,TRUE,72000,-1,,
garaktarsblood_pickup,Aelrynth,,,Player has picked up Garaktars Blood,,TRUE,72000,-1,,
gardensofmenileshflag,Aelrynth,,,Flag for Gardens of Menilesh,,FALSE,0,1,"set by Lacarra Avanthi, Zho Heishan",
gatekeepersflagcomplete,Aelrynth,,,Flagged to use GateKeepers portal,,FALSE,0,1,set by Shemza,
gatewatcherdefeated,Aelrynth,,,Defeated Gate Watcher,,FALSE,0,1,set by Gate Watcher,
gauntletarena1ch,Aelrynth,,,Player/fellow stamp for Arena 1 access in Gauntlet.,,TRUE,3600,-1,"set by Gauntlet Arena One Statue, Master of the Gauntlet",
gauntletarena1ew,Aelrynth,,,Player/fellow stamp for Arena 1 access in Gauntlet.,,TRUE,3600,-1,"set by Gauntlet Arena One Statue, Master of the Gauntlet",
gauntletarena1rb,Aelrynth,,,Player/fellow stamp for Arena 1 access in Gauntlet.,,TRUE,3600,-1,"set by Gauntlet Arena One Statue, Master of the Gauntlet",
gauntletarena2ch,Aelrynth,,,Player/fellow stamp for Arena 2 access in Gauntlet.,,TRUE,3600,-1,"set by Gauntlet Arena Two Statue, Master of the Gauntlet",
gauntletarena2ew,Aelrynth,,,Player/fellow stamp for Arena 2 access in Gauntlet.,,TRUE,3600,-1,"set by Gauntlet Arena Two Statue, Master of the Gauntlet",
gauntletarena2rb,Aelrynth,,,Player/fellow stamp for Arena 2 access in Gauntlet.,,TRUE,3600,-1,"set by Gauntlet Arena Two Statue, Master of the Gauntlet",
gauntletarenaboot,Aelrynth,,,NPC cooldown for Booter event.,,TRUE,3588,-1,"set by Gauntlet Arena One Statue, Gauntlet Arena Two Statue",
gauntletarenacooldownactive,Aelrynth,,,NPC flag for Gauntlet cooldown.,,FALSE,0,1,"set by Gauntlet Arena One Statue, Gauntlet Arena Two Statue",
gauntletarenawait,Aelrynth,,,NPC flag for Gauntlet wait.,,TRUE,10,-1,"set by Gauntlet Arena One Statue, Gauntlet Arena Two Statue",
gauntletbossgromnuschampion_flag,Aelrynth,,,Player flag for Gauntlet Boss Gromnus Champion.,,FALSE,0,1,set by Master of the Gauntlet,
gauntletbossholcha_flag,Aelrynth,,,Player flag for Gauntlet Boss Holcha.,,FALSE,0,1,set by Gauntlet Stage 11,
gauntletbosstremborh_flag,Aelrynth,,,Player flag for Gauntlet Boss Tremb Orh.,,FALSE,0,1,set by Gauntlet Stage 9,
gauntletrewardwait,Aelrynth,,,Player claimed rewards in Gauntlet.,,TRUE,72000,-1,set by Master of the Gauntlet,
gauntletsacademypickup,Aelrynth,,,Player has picked up the Academy Gauntlets,,FALSE,0,1,checked by Samuel,
gauntletstage0complete,Aelrynth,,,Player entered the Gauntlet.,,FALSE,0,1,set by Gauntlet Arena,
gauntletstage10complete,Aelrynth,,,Player completed Stage 10 in Gauntlet.,,FALSE,0,1,checked by Master of the Gauntlet,
gauntletstage11complete,Aelrynth,,,Player completed Stage 11 in Gauntlet.,,FALSE,0,1,checked by Master of the Gauntlet,
gauntletstage12complete,Aelrynth,,,Player completed Stage 12 in Gauntlet.,,FALSE,0,1,checked by Master of the Gauntlet,
gauntletstage1complete,Aelrynth,,,Player completed Stage 1 in Gauntlet.,,FALSE,0,1,checked by Master of the Gauntlet,
gauntletstage2complete,Aelrynth,,,Player completed Stage 2 in Gauntlet.,,FALSE,0,1,checked by Master of the Gauntlet,
gauntletstage3complete,Aelrynth,,,Player completed Stage 3 in Gauntlet.,,FALSE,0,1,checked by Master of the Gauntlet,
gauntletstage4complete,Aelrynth,,,Player completed Stage 4 in Gauntlet.,,FALSE,0,1,set by Gauntlet Stage 5,
gauntletstage5a_flag,Aelrynth,,,Player flag for Stage 5 A.,,FALSE,0,1,set by Gauntlet Stage 5,
gauntletstage5b_flag,Aelrynth,,,Player flag for Stage 5 B.,,FALSE,0,1,set by Gauntlet Stage 5,
gauntletstage5complete,Aelrynth,,,Player completed Stage 5 in Gauntlet.,,FALSE,0,1,checked by Master of the Gauntlet,
gauntletstage5myquest,Aelrynth,,,NPC quest for room dividing in 5..,,FALSE,0,1,set by Gauntlet Stage 5,
gauntletstage6complete,Aelrynth,,,Player completed Stage 6 in Gauntlet.,,FALSE,0,1,checked by Master of the Gauntlet,
gauntletstage7complete,Aelrynth,,,Player completed Stage 7 in Gauntlet.,,FALSE,0,1,checked by Master of the Gauntlet,
gauntletstage8complete,Aelrynth,,,Player completed Stage 8 in Gauntlet.,,FALSE,0,1,checked by Master of the Gauntlet,
gauntletstage9complete,Aelrynth,,,Player completed Stage 9 in Gauntlet.,,FALSE,0,1,checked by Master of the Gauntlet,
gauntletwinscounter,Aelrynth,,,Player stamp for wins in Gauntlet.,,TRUE,0,-1,set by Master of the Gauntlet,
gavecoloredstoneexcess,Aelrynth,,,Handed in too many Colored Stones in Trial of the Mind,,TRUE,0,3,"set by Bag of Stones, Bucket",
gavecresttonanoc,Aelrynth,,,Picked up note,,TRUE,72000,-1,"set by Nanoc, Basher of Bugs",
gavecresttonarg,Aelrynth,,,Picked up note,,TRUE,72000,-1,set by Narg,
gaveeastgateharmoniccrystal,Aelrynth,,,Player has turned in East Gate Harmonic Crystal,,FALSE,0,1,set by Emissary of Asheron,
gaveevilcouch,Aelrynth,Frest Greelving's Haunted Mansion,https://acportalstorm.com/wiki/Frest_Greelving's_Haunted_Mansion,Player was given the Evil Couch. See Frest Greelving.,Player was given the Evil Couch,TRUE,72000,-1,set by Frest Greelving,
gavefemurtodanta,Aelrynth,,,Picked up note,,TRUE,72000,-1,set by Pincer Danta,
gavegeraineheart1,Aelrynth,,,quest timer,,TRUE,72000,-1,set by Mhoire Soldier,
gavegeraineheart2,Aelrynth,,,quest timer,,TRUE,72000,-1,set by Mhoire Soldier,
gavegeraineheart3,Aelrynth,,,quest timer,,TRUE,72000,-1,set by Mhoire Soldier,
gavegeraineheart4,Aelrynth,,,quest timer,,TRUE,72000,-1,set by Mhoire Soldier,
gavegeraineheart5,Aelrynth,,,quest timer,,TRUE,72000,-1,set by Mhoire Soldier,
gavegeraineheart6,Aelrynth,,,quest timer,,TRUE,72000,-1,set by Mhoire Soldier,
gavegeraineheart7,Aelrynth,,,quest timer,,TRUE,72000,-1,set by Mhoire Soldier,
gavehooganblueprints,Aelrynth,,,Player has gave Hoogan the Blueprints,,FALSE,0,1,set by Hoogan,
gavehooganshovel,Aelrynth,,,Player has gave Hoogan the Shovel,,FALSE,0,1,set by Hoogan,
gavejailerpyramid,Aelrynth,,,quest timer,,TRUE,72000,-1,set by Jailer,
gavejesterletter,Aelrynth,,,quest timer,,FALSE,0,1,set by Wall,
gaveleathertonanoc,Aelrynth,,,Picked up note,,TRUE,72000,-1,"set by Nanoc, Basher of Bugs",
gaveletterthorstenarmor1,Aelrynth,,,Player has given this letter in exchange for xp,,TRUE,72000,-1,set by Glysander Cartoth,
gaveletterthorstenarmor2,Aelrynth,,,Player has given this letter in exchange for xp,,TRUE,72000,-1,set by Glysander Cartoth,
gaveletterthorstenarmor3,Aelrynth,,,Player has given this letter in exchange for xp,,TRUE,72000,-1,set by Glysander Cartoth,
gaveletterthorstenarmor4,Aelrynth,,,Player has given this letter in exchange for xp,,TRUE,72000,-1,set by Glysander Cartoth,
gaveletterthorstenarmor4copy,Aelrynth,,,Player has given this letter in exchange for xp,,TRUE,72000,-1,set by Glysander Cartoth,
gaveletterthorstenarmor5,Aelrynth,,,Player has given this letter in exchange for xp,,TRUE,72000,-1,set by Glysander Cartoth,
gavenbucketredstone,Aelrynth,,,Red Stone hand in Trial of the Mind,,TRUE,0,3,set by Bucket,
gavenbucketwhitestone,Aelrynth,,,White Stone hand in Trial of the Mind,,TRUE,0,4,set by Bucket,
gavenbucketyellowstone,Aelrynth,,,Yellow Stone hand in Trial of the Mind,,TRUE,0,3,set by Bucket,
gavenorthgateharmoniccrystal,Aelrynth,,,Player has turned in North Gate Harmonic Crystal,,FALSE,0,1,set by Emissary of Asheron,
gavenotethorstenarmor1,Aelrynth,,,Player has been given the note for Brontynn,,TRUE,72000,-1,set by Glysander Cartoth,
gaveolthoiscoutnote1,Aelrynth,,,Turned in a note,,TRUE,72000,-1,,
gaveolthoiscoutnote2,Aelrynth,,,Turned in a note,,TRUE,72000,-1,,
gaveolthoiscoutnote3,Aelrynth,,,Turned in a note,,TRUE,72000,-1,,
gaveolthoiscoutnote4,Aelrynth,,,Turned in a note,,TRUE,72000,-1,,
gaveolthoiscoutnote5,Aelrynth,,,Turned in a note,,TRUE,72000,-1,,
gaveolthoiscoutnote6,Aelrynth,,,Turned in a note,,TRUE,72000,-1,,
gaveolthoiscoutnote7,Aelrynth,,,Turned in a note,,TRUE,72000,-1,,
gaveolthoiscoutnote8,Aelrynth,,,Turned in a note,,TRUE,72000,-1,set by Scout Luzumin Abigwei,
gavepleadingletter,Aelrynth,,,quest timer,,FALSE,0,1,set by Lord Cynreft Mhoire,
gaveredstone,Aelrynth,,,Red Stone hand in Trial of the Mind,,TRUE,0,3,set by Bag of Stones,
gavesbucketredstone,Aelrynth,,,Red Stone hand in Trial of the Mind,,TRUE,0,3,set by Bucket,
gavesbucketwhitestone,Aelrynth,,,White Stone hand in Trial of the Mind,,TRUE,0,4,,
gavesbucketyellowstone,Aelrynth,,,Yellow Stone hand in Trial of the Mind,,TRUE,0,3,set by Bucket,
gavestabclawtodanta,Aelrynth,,,Picked up note,,TRUE,72000,-1,set by Pincer Danta,
gavetuningfork,Aelrynth,,,quest timer,,TRUE,72000,-1,"set by Aun Aanaua, Aun Gehaua, Aun Kahmaula and 2 more",
gaveunframedderethmap,Aelrynth,,,Player has given unframed Dereth Map to Gharu Furniture Master.,,FALSE,0,1,set by Jordan Ibn'Ikia,
gavewestgateharmoniccrystal,Aelrynth,,,Player has turned in West Gate Harmonic Crystal,,FALSE,0,1,set by Emissary of Asheron,
gavewhitestone,Aelrynth,,,White Stone hand in Trial of the Mind,,TRUE,0,4,set by Bag of Stones,
gavewoodtonarg,Aelrynth,,,Picked up note,,TRUE,72000,-1,set by Narg,
gaveyellowstone,Aelrynth,,,Yellow Stone hand in Trial of the Mind,,TRUE,0,3,set by Bag of Stones,
gayalily,Aelrynth,,,First Snow Lily turned in to Fiun Gaya,,FALSE,0,1,set by Fiun Gaya,
gearallcorepickup,Aelrynth,,,quest timer,,TRUE,72000,-1,,
geardrudge,Aelrynth,,,Player has picked up a Drudge Gear and cannot pick up another for 1 day.,,TRUE,72000,-1,,
geardrudgegiven,Aelrynth,,,Player has given this gear and cannot give another for one day.,,TRUE,72000,-1,set by Arcanum Researcher,
geargromnie,Aelrynth,,,Player has picked up a Gromnie Gear and cannot pick up another for 1 day.,,TRUE,72000,-1,,
geargromniegiven,Aelrynth,,,Player has given this gear and cannot give another for one day.,,TRUE,72000,-1,set by Arcanum Researcher,
gearknightconstructioncompletedkaytin,Aelrynth,,,Max gear knight parts handed to Kaytin,,FALSE,0,1,set by Kaytin,
gearknightconstructioncompletedtakahume,Aelrynth,,,Max gear knight parts handed to Takahume,,FALSE,0,1,set by Master Craftsman Takahume,
gearknightconstructionturninskaytin,Aelrynth,,,Number of gear knight parts handed to Kaytin,,TRUE,0,200,set by Kaytin,
gearknightconstructionturninstakahume,Aelrynth,,,Number of gear knight parts handed to Takahume,,TRUE,0,200,set by Master Craftsman Takahume,
gearknightexcavationcomplete0809,Aelrynth,,,Apostate Excavation Investigation wait timer,,TRUE,72000,-1,set by Felizio Calmasi,
gearknightexcavationstarted0809,Aelrynth,,,Started Apostate Excavation Investigation,,FALSE,0,1,set by Felizio Calmasi,
gearknightinvasionhighbosskill_1009,Aelrynth,,,Invading Iron Blade Commander kill task,,FALSE,0,1,set by Dame Trielle,
gearknightinvasionhighbosswait_1009,Aelrynth,,,Timer for Invading Iron Blade Commander kill task,,TRUE,72000,-1,set by Dame Trielle,
gearknightinvasionhighcorecollectwait_1009,Aelrynth,,,Turned in 10 Aetherium Power Cores in Direlands Invasion,,TRUE,72000,-1,set by T'ing Douzen,
gearknightinvasionhighkilltask_1009,Aelrynth,,,Direlands Invasion Gear Knight kill task,,TRUE,0,10,set by Sir Yanov,
gearknightinvasionhighkillwait_1009,Aelrynth,,,Direlands Invasion Gear Knight kill task timer,,TRUE,72000,-1,set by Sir Yanov,
gearknightinvasionhighorecollectwait_1009,Aelrynth,Turned in 10 Aetherium Ore in Direlands Invasion,,Turned in 10 Aetherium Ore in Direlands Invasion,Turned in 10 Aetherium Ore in Direlands Invasion,TRUE,72000,-1,set by T'ing Douzen,
gearknightinvasionhighsiphonstart_1009,Aelrynth,,,Mana Siphon Destruction Started,,FALSE,0,1,set by Mana Siphon,
gearknightinvasionhighsiphonwait_1009,Aelrynth,,,Turned in an Unstable Mana Stone,,TRUE,72000,-1,"set by Aldreda, Edweena, Kimberleigh",
gearknightinvasionphalanxkilltask_0513,Aelrynth,,,Gear Knight Phalanx Kill Task,,TRUE,0,10,"set by Aun Quanah, Ladice, Tressar",
gearknightinvasionphalanxkillwait_0513,Aelrynth,,,Gear Knight Phalanx Kill Task,,TRUE,72000,-1,"set by Aun Quanah, Ladice, Tressar",
gearknightinvasionsquirekilltask_0513,Aelrynth,,,Direlands Invasion Gear Squire kill task,,TRUE,0,10,set by Sir Yanov,
gearknightinvasionsquirekillwait_0513,Aelrynth,,,Direlands Invasion Gear Squire kill task timer,,TRUE,72000,-1,set by Sir Yanov,
gearknightkillcount,Aelrynth,,,Gear Knight Kill Counter,,TRUE,0,10,,
gearknightkilled,Aelrynth,,,Player has killed a Gearknight,,TRUE,0,-1,set by Frozen Cave Golem Watcher,
gearknightkilltask,Aelrynth,,,Gear Knight Kill Task,,TRUE,72000,-1,,
gearknightlesserlordkillcount,Aelrynth,,,Gearknight Lesser Lord kill count,,TRUE,0,6,set by Dame Alistra,
gearknightlesserlordkilltask,Aelrynth,,,Gearknight Lesser Lord kill timer,,TRUE,72000,-1,set by Dame Alistra,
gearknightparts,Aelrynth,,,Gear Knight Parts Collected Initiate Society,,TRUE,72000,-1,,
gearknightpartscollectionwait_0513,Aelrynth,,,Collect Gear Knight Parts,,TRUE,72000,-1,"set by Dark Reshan, Drocogst, Trathium",
gearknightphalanxkillcount,Aelrynth,,,Gear Knight Phalanx Kill Counter,,TRUE,0,10,,
gearknightphalanxkilltask,Aelrynth,,,Gear Knight Phalanx Kill Task,,TRUE,72000,-1,,
gearknightsquirekillcount,Aelrynth,,,Gear Knight Squire Kill Counter,,TRUE,0,10,,
gearknightsquirekilltask,Aelrynth,,,Gear Knight Squire Kill Task,,TRUE,72000,-1,,
gearmosswart,Aelrynth,,,Player has picked up a Mosswart Gear and cannot pick up another for 1 day.,,TRUE,72000,-1,,
gearmosswartgiven,Aelrynth,,,Player has given this gear and cannot give another for one day.,,TRUE,72000,-1,set by Arcanum Researcher,
gearreedshark,Aelrynth,,,Player has picked up a Reedshark Gear and cannot pick up another for 1 day.,,TRUE,72000,-1,,
gearreedsharkgiven,Aelrynth,,,Player has given this gear and cannot give another for one day.,,TRUE,72000,-1,set by Arcanum Researcher,
gearxbowwait,Aelrynth,,,Received Rewards for Gear Crossbow Quest,,TRUE,72000,-1,set by Ordas Myr,
gembaidenquest,Aelrynth,,,Retreive Bai Den's Flawed Gem,,TRUE,72000,-1,,
gemimpulse,Aelrynth,,,Xarabydun Impulse Gem,,TRUE,72000,-1,set by Aino Lunnan-Shin,
gemithaenccatacombs,Aelrynth,,,Ithaenc Catacombs Gem,,TRUE,600,-1,,
gemnewbiepickedup,Aelrynth,,,Player has picked up the portal gem (removed from game),,TRUE,0,3,,
genesiscompleted_0813,Aelrynth,,,quest timer,,TRUE,72000,-1,set by Vision of Horror,
genesisstarted_0813,Aelrynth,,,quest timer,,FALSE,0,1,set by Vision of Horror,
geowulfjournal1,Aelrynth,,,Timer for Geowulf's Journal Logs 1-2,,TRUE,72000,-1,,
geowulfjournal2,Aelrynth,,,Timer for Geowulf's Journal Logs 3-4,,TRUE,72000,-1,,
geowulfjournal3,Aelrynth,,,Timer for Geowulf's Journal Logs 5-7,,TRUE,72000,-1,,
geowulfsring,Aelrynth,,,Pickup timer for Geowulf's Wedding Ring,,TRUE,72000,-1,,
geraineheart1,Aelrynth,,,quest timer,,TRUE,600,-1,set by Mhoire Soldier,
geraineheart2,Aelrynth,,,quest timer,,TRUE,600,-1,set by Mhoire Soldier,
geraineheart3,Aelrynth,,,quest timer,,TRUE,600,-1,set by Mhoire Soldier,
geraineheart4,Aelrynth,,,quest timer,,TRUE,600,-1,set by Mhoire Soldier,
geraineheart5,Aelrynth,,,quest timer,,TRUE,600,-1,set by Mhoire Soldier,
geraineheart6,Aelrynth,,,quest timer,,TRUE,600,-1,set by Mhoire Soldier,
geraineheart7,Aelrynth,,,quest timer,,TRUE,600,-1,set by Mhoire Soldier,
gerainesbodiesbookone0412,Aelrynth,,,quest timer,,TRUE,72000,-1,,
gerainesbodiescompleted0412,Aelrynth,,,quest timer,,TRUE,72000,-1,"set by Mhoire Lieutenant, Mhoire Soldier",
geraineslibrarybook0312,Aelrynth,,,quest timer,,FALSE,0,1,set by Mhoire Soldier,
geraineslibrarycompleted0312,Aelrynth,,,quest timer,,TRUE,72000,-1,set by Mhoire Soldier,
gerainestudybookpickup,Aelrynth,,,quest timer,,TRUE,72000,-1,,
gerainestudykeypickup,Aelrynth,,,quest timer,,TRUE,72000,-1,,
gerainetome2,Aelrynth,,,quest timer,,TRUE,72000,-1,,
gerainetome3,Aelrynth,,,quest timer,,TRUE,72000,-1,,
gerainetome4,Aelrynth,,,quest timer,,TRUE,72000,-1,,
gerainetome5,Aelrynth,,,quest timer,,TRUE,72000,-1,,
gerainetome6,Aelrynth,,,quest timer,,TRUE,72000,-1,,
gerainetome7,Aelrynth,,,quest timer,,TRUE,72000,-1,,
ghosthunterwait,Aelrynth,,,Completed Ghost Hunter quest,,TRUE,72000,-1,set by Sharia Blackmist,
giantaggregateshardpickup,Aelrynth,,,Picked up Giant Aggregate Crystalline Shard,,TRUE,72000,-1,,
giantmonougarib_pickup,Aelrynth,,,Player has picked up Giant Monouga Rib,,TRUE,72000,-1,,
giftboxesfound,Aelrynth,,,Gift Boxes Found Bits,,TRUE,0,4095,,
giftboxesfoundcounter,Aelrynth,,,Counter for gift boxes found,,TRUE,0,12,set by Gift Box,
giftboxeswait,Aelrynth,,,Cooldown for Hidden Presents,,TRUE,25920000,-1,set by Gift Box,
giftgopher_count,Aelrynth,,,Player count for Package Delivery.,,TRUE,0,15,"checked by Blair, Chrissy, Cindy and 10 more",
giftgopher_list,Aelrynth,,,Player has received a list.,,TRUE,0,3,set by Raymond,
giftgopher_listscomplete,Aelrynth,,,Player has completed all three lists.,,TRUE,0,15,checked by Raymond,
giftgopher_timer,Aelrynth,,,Player has started Package Delivery.,,TRUE,1800,-1,set by Raymond,
giftgopher_wait,Aelrynth,,,Player wait timer for Package Delivery.,,TRUE,72000,-1,set by Raymond,
ginsword,Aelrynth,,,Knights of Karlun - Sir Ginazio,,TRUE,72000,-1,set by Sir Ginazio,
givenblindsnowmanpeppermint,Aelrynth,,,Player has given the Blind Snowman Peppermint.,,TRUE,72000,-1,set by Blind Snowman,
giventibrispear,Aelrynth,,,Player has given Tibri back her fire spear.,,TRUE,72000,-1,set by Tibri the Cavedweller,
glacialgolemmargravekillcount,Aelrynth,,,Glacial Golem Margrave Kill Counter,,TRUE,0,5,,
glacialgolemmargravekilltask,Aelrynth,,,Glacial Golem Margrave Kill Task,,TRUE,72000,-1,,
glandcollected,Aelrynth,,,Player assisted in killing a newbie nest.,,FALSE,0,1,,
glendeninvaders,Aelrynth,,,Glenden Wood Invaders quest cooldown timer,,TRUE,72000,-1,set by Londigul Ellic the Armorer,
glendeninvadersblockadee,Aelrynth,,,Glenden Wood Invaders Blockade Guard East,,FALSE,0,1,set by Blockade Guard,
glendeninvadersblockadeguards,Aelrynth,,,Glenden Invaders Blockade Guard quest cooldown timer,,TRUE,72000,-1,set by Londigul Ellic the Armorer,
glendeninvadersblockadeguardstarted,Aelrynth,,,Started Glenden Wood Invaders Blockade Guards portion of quest,,FALSE,0,1,set by Londigul Ellic the Armorer,
glendeninvadersblockaden,Aelrynth,,,Glenden Wood Invaders Blockade Guard North,,FALSE,0,1,set by Blockade Guard,
glendeninvadersblockadew,Aelrynth,,,Glenden Wood Invaders Blockade Guard West,,FALSE,0,1,set by Blockade Guard,
glendeninvaderskills,Aelrynth,,,Glenden Woods Invaders kill counter,,TRUE,0,20,"set by Eater, Engorged Eater, Famished Eater and 3 more",
glendeninvadersstarted,Aelrynth,,,Started Glenden Wood Invaders quest,,FALSE,0,1,set by Londigul Ellic the Armorer,
glendenorbgiven,Aelrynth,,,Glenden Wood Recall Orb given,,FALSE,0,1,set by Londigul Ellic the Armorer,
glormigothbet,Aelrynth,,,Player bet on Glormigoth,,FALSE,0,1,set by Glormigoth,
glowingboxpickup,Aelrynth,,,Player has picked up Glowing Box,,TRUE,72000,-1,,
glowingstatueshardpickuptimer,Aelrynth,,,Pickup timer for Glowing Statue Shard,,TRUE,72000,-1,,
glyphkiviklirshardamber,Aelrynth,,,You've used the Eye.,,TRUE,900,-1,,
glyphkiviklirshardblood,Aelrynth,,,You've used the Eye.,,TRUE,900,-1,,
glyphkiviklirshardserpentine,Aelrynth,,,You've used the Eye.,,TRUE,900,-1,,
glyphkiviklirshardwood,Aelrynth,,,You've used the Eye.,,TRUE,900,-1,,
glyphofalterationpickup,Aelrynth,,,Glyph of Alteration pickup timer,,TRUE,72000,-1,,
goldenshuriken16count,Aelrynth,,,Player turned in a Golden Shuriken of Tanada,,TRUE,0,16,set by Master Liao Oazaka,
goldgeartrooperkillcount,Aelrynth,,,kill count,,TRUE,0,25,set by Sir Stavitor,
goldgeartrooperkilltask,Aelrynth,,,kill task timer,,TRUE,72000,-1,set by Sir Stavitor,
goldinvaderlordhelm,Aelrynth,,,Timer for Gold Lord Helm,,TRUE,72000,-1,,
goldknightmedallion,Aelrynth,,,Defense of Zaikhal Medallion Pickup Timer Gold,,TRUE,72000,-1,set by Jun Sawashima,
goldlegionchestkey,Aelrynth,,,Pick Up Key for Gold Chest,,TRUE,72000,-1,,
goldlegiondoorkey,Aelrynth,,,Pick Up Key for Door to Gold Legion,,TRUE,72000,-1,,
goldletterinprogress,Aelrynth,,,Turn in Timer/Counter for Lucky Gold Letters,,TRUE,604800,100,,
goldletterturnins,Aelrynth,Non-Quest,https://acportalstorm.com/wiki/Non-Quest,Counter for Lucky Gold Letter turn ins. See Collector; Black Hill Collector; Yukara Miko the Collector.,Counter for Lucky Gold Letter turn ins.,TRUE,0,100,"set by Black Hill Collector, Collector, Yukara Miko the Collector",
goldletterturnintimer,Aelrynth,Non-Quest,https://acportalstorm.com/wiki/Non-Quest,Countdown timer for Lucky Gold Letter turn ins. See Yukara Miko the Collector; Collector; Black Hill Collector.,Countdown timer for Lucky Gold Letter turn ins.,TRUE,604800,-1,"set by Black Hill Collector, Collector, Yukara Miko the Collector",
golemcoralviceroyslayerquest,Aelrynth,,,You are on the Mud Golem Sludge Lord Slayer Quest,,TRUE,0,11,set by Coral Golem Viceroy,
golemglacialmargraveslayerquest,Aelrynth,,,You are on the Mud Golem Sludge Lord Slayer Quest,,TRUE,0,11,set by Glacial Golem Margrave,
golemhuntingneftetkillcount,Aelrynth,,,Golem Hunting Neftet Kill Counter,,TRUE,0,25,,
golemhuntingneftetkilltask,Aelrynth,,,Golem Hunting Neftet Kill Task,,TRUE,72000,-1,,
golemironkingpinslayerquest,Aelrynth,,,You are on the Mud Golem Sludge Lord Slayer Quest,,TRUE,0,11,set by Copper Golem Kingpin,
golemmagmaexarchslayerquest,Aelrynth,,,You are on the Mud Golem Sludge Lord Slayer Quest,,TRUE,0,11,set by Magma Golem Exarch,
golemmudsludgelordslayerquest,Aelrynth,,,You are on the Mud Golem Sludge Lord Slayer Quest,,TRUE,0,11,set by Mud Golem Sludge Lord,
golemplatinumkingslayerquest,Aelrynth,,,You are on the Mud Golem Sludge Lord Slayer Quest,,TRUE,0,11,set by Platinum Golem Mountain King,
golemsamuraikillcount,Aelrynth,,,Golem Samurai Kill Counter,,TRUE,0,15,,
golemsamuraikilltask,Aelrynth,,,Golem Samurai Kill Task,,TRUE,72000,-1,,
golemstonediemosgiven,Aelrynth,,,Gave Diemos the Golem Stone,,FALSE,0,1,set by Gladiator Diemos,
gonjokuagreement,Aelrynth,,,Flagged for Gonjoku Agreement quest,,FALSE,0,1,set by Anton Sillezi,
gorgetnuhmudirafound,Aelrynth,,,This quest flag is obsolete.,,FALSE,0,1,,
gormlingstoutquest,Aelrynth,,,Gormling Stout Quest,,TRUE,72000,-1,set by Gormling the Sneaky Seneschal,
gotatlatlrenegaderaids,Aelrynth,,,Picked up Renegade Hunting Brace,,TRUE,72000,-1,,
gotaxerenegaderaids,Aelrynth,,,Picked up Renegade Axe,,TRUE,72000,-1,,
gotbowrenegaderaids,Aelrynth,,,Picked up Renegade Bow,,TRUE,72000,-1,,
gotcrossbowrenegaderaids,Aelrynth,,,Picked up Renegade Crossbow,,TRUE,72000,-1,,
gotdarktreerward,Aelrynth,,,turned in 1st crystal,,TRUE,72000,-1,set by Aun Talamura,
gotdec2002decoration,Aelrynth,,,Recieved Decoration.,,TRUE,72000,-1,"set by Anasha, Gift Box",
gotdecpresent,Aelrynth,,,Received present.,,TRUE,72000,-1,"set by Anasha, Gift Box",
gotdiamondidol,Aelrynth,,,You've looted a diamond idol recently.,,TRUE,72000,-1,,
gotelariwoodidol,Aelrynth,,,You've looted an elariwood idol recently.,,TRUE,72000,-1,,
gotfrozenfuryaward,Aelrynth,,,Player got sword,,TRUE,72000,-1,set by Sword of Frozen Fury,
gotgemportalmageacademy,Aelrynth,,,You have recently picked up the Black Gem,,TRUE,72000,-1,,
gothomecomingflag,Aelrynth,,,You already got your Homecoming Flag!,,FALSE,0,1,set by Jalina al-Hajj,
gotiolite,Aelrynth,,,Player was given Iolite,,TRUE,72000,-1,set by Anasha,
gotjesterlocation,Aelrynth,,,quest timer,,FALSE,0,1,set by Wall,
gotminnowtoken,Aelrynth,,,Player has recieved the first Minnow Title Token.,,FALSE,0,1,checked by Tackle Master,
gotolthoiatlatl,Aelrynth,,,Picked up note,,TRUE,72000,-1,set by Pincer Danta,
gotolthoiaxe,Aelrynth,,,Picked up note,,TRUE,72000,-1,set by Narg,
gotolthoikatar,Aelrynth,,,Picked up note,,TRUE,72000,-1,"set by Nanoc, Basher of Bugs",
gotolthoispear,Aelrynth,,,Picked up note,,TRUE,72000,-1,set by Teela,
gotpainbringerhead,Aelrynth,,,You've looted the head of The Painbringer.,,TRUE,72000,-1,,
gotrealaidainraiment,Aelrynth,,,Player has already received the Realaidain Raiment.,,FALSE,0,1,set by Adara al-Rajin,
gotrustedbrasskey,Aelrynth,,,You've picked up a Rusted Brass key.,,TRUE,72000,-1,,
gotsoulshatterreward,Aelrynth,,,turned in 3rd crystal,,TRUE,72000,-1,set by Student,
gotspeargivenheart,Aelrynth,,,got the spear,,TRUE,72000,-1,set by Spear of the Given Heart,
gotspeartokenhalf1,Aelrynth,,,got the spear token half,,TRUE,72000,-1,,
gotspeartokenhalf2,Aelrynth,,,got the spear token half,,TRUE,72000,-1,,
gottamianjournal,Aelrynth,,,Got Tamian Journal,,TRUE,72000,-1,set by Tian Li Quan,
gottamianjournalaward,Aelrynth,,,Got Tamian Journal Award,,TRUE,72000,-1,set by Astara Duskshield,
gottamiannote4award,Aelrynth,,,Got Tamian Note4 award,,TRUE,72000,-1,set by Astara Duskshield,
gottuskerfur,Aelrynth,,,You've looted infected tusker fur recently.,,TRUE,72000,-1,,
gotwardingring,Aelrynth,,,You've looted a warding ring recently.,,TRUE,72000,-1,,
graelislandcomplete0606,Aelrynth,,,Player has completed Raising Graels Island,,TRUE,72000,-1,set by Kiriel Shadowborn,
graelislandtempleeastaccess0606,Aelrynth,,,Player has access to Eastern Catacombs Portal,,FALSE,0,1,set by Kiriel Shadowborn,
graelislandtemplenorthaccess1215,Aelrynth,,,Player has access to Northern Catacombs Portal,,FALSE,0,1,set by Kiriel Shadowborn,
graelislandtemplewestaccess1215,Aelrynth,,,Player has access to Western Catacombs Portal,,FALSE,0,1,set by Kiriel Shadowborn,
graelschamber_flag,Aelrynth,,,Access granted to the Graels Chamber Upper Portal,,FALSE,0,1,,
graelschamberportalflag,Aelrynth,,,Player has access to Graels Chamber,,FALSE,0,1,,
graelschambershadow_flag,Aelrynth,,,Access granted to the Graels Chamber Upper Portal,,FALSE,0,1,,
graelsrage,Aelrynth,,,Flagged for entry into Grael's Rage dungeons,,FALSE,0,1,set by Ssavish,
graelssummoningchamber_start,Aelrynth,,,Player has started the Graels Summoning Chamber Quest,,FALSE,0,1,set by Jathaq al-Nishadina,
graelssummoningchamber_wait,Aelrynth,,,Player has completed Graels Summoning Chamber Quest,,TRUE,72000,-1,set by Jathaq al-Nishadina,
graveratkillcount,Aelrynth,,,Grave Rat Kill Counter,,TRUE,0,100,,
graveratkilltask,Aelrynth,,,Grave Rat Kill Task,,TRUE,72000,-1,,
graverobbercompleted_0213,Aelrynth,,,Received reward from Grularr,,TRUE,72000,-1,set by Grularr Wa'ydo,
graverobberstarted_0213,Aelrynth,,,Talked to Grularr in Kara to stamp quest,,FALSE,0,1,set by Grularr Wa'ydo,
graveyardskeletonkillcount,Aelrynth,,,Graveyard Skeleton Kill Counter,,TRUE,0,30,,
graveyardskeletonkilltask,Aelrynth,,,Graveyard Skeleton Kill Task,,TRUE,72000,-1,,
graveyardspiritkillcount,Aelrynth,,,Graveyard Spirit Kill Counter,,TRUE,0,10,,
graveyardspiritkilltask,Aelrynth,,,Graveyard Spirit Kill Task,,TRUE,72000,-1,,
graveyardwightkillcount,Aelrynth,,,Graveyard Wight Kill Counter,,TRUE,0,30,,
graveyardwightkilltask,Aelrynth,,,Graveyard Wight Kill Task,,TRUE,72000,-1,,
graveyardwispkillcount,Aelrynth,,,Graveyard Wisp Kill Counter,,TRUE,0,5,,
graveyardwispkilltask,Aelrynth,,,Graveyard Wisp Kill Task,,TRUE,72000,-1,,
grazertrust,Aelrynth,,,Pickup timer for Grazer Bug,,TRUE,72000,-1,,
greatcavepenguinegg,Aelrynth,,,Great Cave Penguin Egg Pickup Timer,,TRUE,72000,-1,,
greatershadowarmoraluvian1,Aelrynth,,,Greater Aluvian Shadow Armor 1,,FALSE,0,1,set by Alean the Steel Forger,
greatershadowarmoraluvian2,Aelrynth,,,Greater Aluvian Shadow Armor 2,,FALSE,0,1,set by Alean the Steel Forger,
greatershadowarmoraluvian3,Aelrynth,,,Greater Aluvian Shadow Armor 3,,FALSE,0,1,set by Alean the Steel Forger,
greatershadowarmorgharundim1,Aelrynth,,,Greater Gharundim Shadow Armor 1,,FALSE,0,1,set by Jibril ibn Rashid,
greatershadowarmorgharundim2,Aelrynth,,,Greater Gharundim Shadow Armor 2,,FALSE,0,1,set by Jibril ibn Rashid,
greatershadowarmorgharundim3,Aelrynth,,,Greater Gharundim Shadow Armor 3,,FALSE,0,1,set by Jibril ibn Rashid,
greatershadowarmorsho1,Aelrynth,,,Greater Sho Shadow Armor 1,,FALSE,0,1,set by Koga Hideki,
greatershadowarmorsho2,Aelrynth,,,Greater Sho Shadow Armor 2,,FALSE,0,1,set by Koga Hideki,
greatershadowarmorsho3,Aelrynth,,,Greater Sho Shadow Armor 3,,FALSE,0,1,set by Koga Hideki,
gredalinearcanerestoration,Aelrynth,,,Gredaline Arcane Restoration Scroll,,TRUE,72000,-1,,
gredalinedarkflame,Aelrynth,,,Gredaline Dark Flame Scroll,,TRUE,72000,-1,,
gredalineunnaturalpersistence,Aelrynth,,,Gredaline Unnatural Persistence Scroll,,TRUE,72000,-1,,
greenbloodgem,Aelrynth,,,Ricardo's Blood Gem - Green,,TRUE,72000,-1,,
greenmirecuirassquest,Aelrynth,,,Picked Up Broken Green Mire Cuirass,,TRUE,72000,-1,,
greenmireyariquest,Aelrynth,,,Picked Up Broken Green Mire Yari,,TRUE,72000,-1,,
gregorscarefullyrolledscrollpickedup,Aelrynth,Pickup timer for carefully rolled scroll,,Pickup timer for carefully rolled scroll,,TRUE,72000,-1,,
grievvershredderkillcount,Aelrynth,,,Grievver Shredder Kill Counter,,TRUE,0,15,,
grievvershredderkilltask,Aelrynth,,,Grievver Shredder Kill Task,,TRUE,72000,-1,,
grievversilk,Aelrynth,,,Player has picked up some Grievver Silk and cannot pick up more for 2 weeks.,,TRUE,72000,-1,checked by Verdentine Magnan,
grievverv,Aelrynth,,,Grievver Violator Kill Task,,TRUE,72000,-1,set by Moina,
grievvervkillcount,Aelrynth,,,Grievver Violator Kill Counter,,TRUE,0,100,set by Moina,
grimyseainvasionkey_pickup,Aelrynth,,,Pickup timer for Grimy Sea Invasion Key,,TRUE,72000,-1,,
gromnietoothbrushash,Aelrynth,,,You have been granted experience into your cooking skill.,,TRUE,72000,-1,set by Copper Vanurp,
gromnietoothbrushazure,Aelrynth,,,You have been granted experience into your cooking skill.,,TRUE,72000,-1,set by Copper Vanurp,
gromnietoothbrushbrass,Aelrynth,,,You have been granted experience into your cooking skill.,,TRUE,72000,-1,set by Copper Vanurp,
gromnietoothbrushcopper,Aelrynth,,,You have been granted experience into your cooking skill.,,TRUE,72000,-1,set by Copper Vanurp,
gromnietoothbrushebon,Aelrynth,,,You have been granted experience into your cooking skill.,,TRUE,72000,-1,set by Copper Vanurp,
gromnietoothbrushivory,Aelrynth,,,You have been granted experience into your cooking skill.,,TRUE,72000,-1,set by Copper Vanurp,
gromnietoothbrushjade,Aelrynth,,,You have been granted experience into your cooking skill.,,TRUE,72000,-1,set by Copper Vanurp,
gromnietoothbrushrust,Aelrynth,,,You have been granted experience into your cooking skill.,,TRUE,72000,-1,set by Copper Vanurp,
gromnietoothbrushsable,Aelrynth,,,You have been granted experience into your cooking skill.,,TRUE,72000,-1,set by Copper Vanurp,
gromnietoothbrushswamp,Aelrynth,,,You have been granted experience into your cooking skill.,,TRUE,72000,-1,set by Copper Vanurp,
gromnietoothpasteash,Aelrynth,,,You have been granted experience into your alchemy skill.,,TRUE,72000,-1,set by Tiffany Comfore,
gromnietoothpasteazure,Aelrynth,,,You have been granted experience into your alchemy skill.,,TRUE,72000,-1,set by Tiffany Comfore,
gromnietoothpastebrass,Aelrynth,,,You have been granted experience into your alchemy skill.,,TRUE,72000,-1,set by Tiffany Comfore,
gromnietoothpastecopper,Aelrynth,,,You have been granted experience into your alchemy skill.,,TRUE,72000,-1,set by Tiffany Comfore,
gromnietoothpasteebon,Aelrynth,,,You have been granted experience into your alchemy skill.,,TRUE,72000,-1,set by Tiffany Comfore,
gromnietoothpasteivory,Aelrynth,,,You have been granted experience into your alchemy skill.,,TRUE,72000,-1,set by Tiffany Comfore,
gromnietoothpastejade,Aelrynth,,,You have been granted experience into your alchemy skill.,,TRUE,72000,-1,set by Tiffany Comfore,
gromnietoothpasterust,Aelrynth,,,You have been granted experience into your alchemy skill.,,TRUE,72000,-1,set by Tiffany Comfore,
gromnietoothpastesable,Aelrynth,,,You have been granted experience into your alchemy skill.,,TRUE,72000,-1,set by Tiffany Comfore,
gromnietoothpasteswamp,Aelrynth,,,You have been granted experience into your alchemy skill.,,TRUE,72000,-1,set by Tiffany Comfore,
gromnietoothpickash,Aelrynth,,,You have been granted experience into your fletching skill.,,TRUE,72000,-1,set by Wils Morrem,
gromnietoothpickazure,Aelrynth,,,You have been granted experience into your fletching skill.,,TRUE,72000,-1,set by Wils Morrem,
gromnietoothpickbrass,Aelrynth,,,You have been granted experience into your fletching skill.,,TRUE,72000,-1,set by Wils Morrem,
gromnietoothpickcopper,Aelrynth,,,You have been granted experience into your fletching skill.,,TRUE,72000,-1,set by Wils Morrem,
gromnietoothpickebon,Aelrynth,,,You have been granted experience into your fletching skill.,,TRUE,72000,-1,set by Wils Morrem,
gromnietoothpickivory,Aelrynth,,,You have been granted experience into your fletching skill.,,TRUE,72000,-1,set by Wils Morrem,
gromnietoothpickjade,Aelrynth,,,You have been granted experience into your fletching skill.,,TRUE,72000,-1,set by Wils Morrem,
gromnietoothpickrust,Aelrynth,,,You have been granted experience into your fletching skill.,,TRUE,72000,-1,set by Wils Morrem,
gromnietoothpicksable,Aelrynth,,,You have been granted experience into your fletching skill.,,TRUE,72000,-1,set by Wils Morrem,
gromnietoothpickswamp,Aelrynth,,,You have been granted experience into your fletching skill.,,TRUE,72000,-1,set by Wils Morrem,
gromnuseye_pickup,Aelrynth,,,Pickup timer on Gromnus Eye.,,TRUE,72000,-1,,
guardianofthedarktitletoken,Aelrynth,,,Guardian of the Dark title token pickup timer,,TRUE,72000,-1,,
guardianofthederutrees_completed,Aelrynth,,,Player wait timer for the Guardian of the Deru Trees of Marae Lassel quest.,,TRUE,72000,-1,set by Aun Kimintari,
guardianofthederutrees_fetishhandedin,Aelrynth,,,Player has handed the Wharu Fetish to the Altar of Tthuun.,,FALSE,0,1,set by Altar of T'thuun,
guardianofthederutrees_flag,Aelrynth,,,"Player flag for Roots of Skuld, Urd and Verdandi portal.",,FALSE,0,1,set by Aun Kimintari,
guardianofthederutrees_startfetish,Aelrynth,,,Player has turned in the Corrupted Mana Shard for Guardian of the Deru Trees of Marae Lassel quest.,,FALSE,0,1,set by Aun Kimintari,
guardianofthederutrees_startjelly,Aelrynth,,,Player has started the Guardian of the Deru Trees of Marae Lassel quest.,,FALSE,0,1,set by Aun Kimintari,
guardianofthederutrees_startshard,Aelrynth,,,Player has turned in the Royal Jelly for Guardian of the Deru Trees of Marae Lassel quest.,,FALSE,0,1,set by Aun Kimintari,
guardianstatuekillcount,Aelrynth,,,Guardian Statue Kill Counter,,TRUE,0,10,,
guardianstatuekilltask,Aelrynth,,,Guardian Statue Kill Task,,TRUE,72000,-1,,
guardwinterbornflag,Aelrynth,,,Player has completed Aerbax Prodigal Banderling Quest at least once.,,FALSE,0,1,set by Guard Winterborn,
guppycounter,Aelrynth,,,Number of Minnows turned in.,,TRUE,0,100,set by Fishing Hole,
gurogcreationcompleted_1110,Aelrynth,,,Fayza Journal and Note Turn In,,TRUE,72000,-1,set by Fayza,
gurogcreationstarted_1110,Aelrynth,,,Mortified Soldier Journal and Note Turn In Start,,FALSE,0,1,set by Mortified Soldier,
gurogkillcount,Aelrynth,,,Gurog Kill Counter,,TRUE,0,20,,
gurogkilltask,Aelrynth,,,Gurog Kill Task,,TRUE,72000,-1,,
gurogpresentraidswait,Aelrynth,,,Player wait timer for Gurog Present Raids,,TRUE,72000,-1,set by Holiday Present,
gurukbasherkillcount,Aelrynth,,,Guruk Basher Kill Counter,,TRUE,0,40,set by Shiruuk,
gurukbasherkilltask,Aelrynth,,,Guruk Basher Kill Task,,TRUE,72000,-1,set by Shiruuk,
gurukcolossuskillcount,Aelrynth,,,Guruk Colossus Kill Counter,,TRUE,0,30,set by Brogosh,
gurukcolossuskilltask,Aelrynth,,,Guruk Colossus Kill Task,,TRUE,72000,-1,set by Brogosh,
gurukfiendkillcount,Aelrynth,,,Guruk Fiend Kill Counter,,TRUE,0,30,set by Mohor,
gurukfiendkilltask,Aelrynth,,,Guruk Fiend Kill Task,,TRUE,72000,-1,set by Mohor,
gurukmarauderkillcount,Aelrynth,,,Guruk Marauder Kill Counter,,TRUE,0,40,set by Kurket,
gurukmarauderkilltask,Aelrynth,,,Guruk Marauder Kill Task,,TRUE,72000,-1,set by Kurket,
gurukmonstrositykillcount,Aelrynth,,,Guruk Monstrosity Kill Counter,,TRUE,0,10,set by Borsh,
gurukmonstrositykilltask,Aelrynth,,,Guruk Monstrosity Kill Task,,TRUE,72000,-1,set by Borsh,
guruksmasherkillcount,Aelrynth,,,Guruk Smasher Kill Counter,,TRUE,0,40,set by Kushuk,
guruksmasherkilltask,Aelrynth,,,Guruk Smasher Kill Task,,TRUE,72000,-1,set by Kushuk,
gwillimalchemybag,Aelrynth,,,Gwillim's Alchemy Bag,,TRUE,72000,-1,,
gwillimalchemynote,Aelrynth,,,Gwillim's Alchemy Notes,,TRUE,72000,-1,,
gycoloinprogress,Aelrynth,,,Player has started GY Colo,,TRUE,3600,-1,set by GY Colo Time Keeper,
gycolomobkilled,Aelrynth,,,Player has killed a creature found in GY Colo,,TRUE,0,-1,,
gycoloornatebonekeyturnedin,Aelrynth,,,Player has turned in ornate bone key,,FALSE,0,1,set by Guardian Statue,
gycolorewardgiven,Aelrynth,,,Lord Cynreft Handed out reward,,TRUE,0,10,"set by Lady Tairla Mhoire, Lord Cynreft Mhoire, Ranger Lord Grymar Mhoire",
gycolorewardgiverinprogress,Aelrynth,,,Shade of Lord Cynreft Spawned,,TRUE,175,-1,"set by Bael'Zharon Summoner, Jester, Lady Tairla Mhoire and 4 more",
gycolowinrewardreceived,Aelrynth,,,Received Reward from GY Colo,,TRUE,190,-1,set by Lord Cynreft Mhoire,
hadfishinglicense,Aelrynth,,,Player has already gotten a fishing license at least once.,,FALSE,0,1,set by Tackle Master,
hagrashead,Aelrynth,,,Picked up Head of Big Chief Hagra,,TRUE,72000,-1,,
haltdericostritualquestflag,Aelrynth,,,One time Flag for Halt Dericost Ritual Quest,,FALSE,0,1,set by Sir Learth,
hamudsdemisecompleted_0511,Aelrynth,,,Completed Hamuds Demise,,TRUE,72000,-1,set by Devana bint Hamudi,
hamudsdemisestarted_0511,Aelrynth,,,Started Hamuds Demise,,FALSE,0,1,"set by Ivory Crafter, Ulna bint-Fasha the Ivory Crafter",
handofblightfinger_pickup,Aelrynth,,,Player has picked up Hand of Blightfinger,,TRUE,72000,-1,,
harbingercompletedaerbax,Aelrynth,,,Aerbax said that you are all cool.,,FALSE,0,1,set by Surface,
harbingercompletednuhmudira,Aelrynth,,,Nuhmudira said that you are all cool.,,FALSE,0,1,set by Surface,
harbingercompletedwaitissk,Aelrynth,,,Issk says wait your turn.,,TRUE,72000,-1,set by Issk,
harbingercompletedwaitvincadi,Aelrynth,,,Vincadi wants you to wait.,,TRUE,72000,-1,set by Vincadi,
harbingerempowered,Aelrynth,,,Flagged for Empowered Harbinger fight,,FALSE,0,1,set by Harbinger's Lair,
harbingerempoweredtokenpickup,Aelrynth,,,Empowered Harbinger Token pickup timer,,TRUE,72000,-1,,
harbingeressenceless,Aelrynth,,,Flagged for Essenceless Harbinger fight,,FALSE,0,1,set by Harbinger's Lair,
harbingeressencelesstokenpickup,Aelrynth,,,Essenceless Harbinger Token pickup timer,,TRUE,72000,-1,,
harbingerprodigal,Aelrynth,,,Flagged for Prodigal Harbinger fight,,FALSE,0,1,set by Hollow,
harbingerraisealchemy,Aelrynth,,,I want to raise this skill.,,FALSE,0,1,"set by Issk, Vincadi",
harbingerraisearcane,Aelrynth,,,I want to raise this skill.,,FALSE,0,1,"set by Issk, Vincadi",
harbingerraisearmortink,Aelrynth,,,I want to raise this skill.,,FALSE,0,1,"set by Issk, Vincadi",
harbingerraiseassesscreature,Aelrynth,,,I want to raise this skill.,,FALSE,0,1,"set by Issk, Vincadi",
harbingerraiseaxe,Aelrynth,,,I want to raise this skill.,,FALSE,0,1,"set by Issk, Vincadi",
harbingerraisebow,Aelrynth,,,I want to raise this skill.,,FALSE,0,1,"set by Issk, Vincadi",
harbingerraiseconversion,Aelrynth,,,I want to raise this skill.,,FALSE,0,1,"set by Issk, Vincadi",
harbingerraisecooking,Aelrynth,,,I want to raise this skill.,,FALSE,0,1,"set by Issk, Vincadi",
harbingerraisecreature,Aelrynth,,,I want to raise this skill.,,FALSE,0,1,"set by Issk, Vincadi",
harbingerraisecrossbow,Aelrynth,,,I want to raise this skill.,,FALSE,0,1,"set by Issk, Vincadi",
harbingerraisedagger,Aelrynth,,,I want to raise this skill.,,FALSE,0,1,"set by Issk, Vincadi",
harbingerraisedeception,Aelrynth,,,I want to raise this skill.,,FALSE,0,1,"set by Issk, Vincadi",
harbingerraisefletching,Aelrynth,,,I want to raise this skill.,,FALSE,0,1,"set by Issk, Vincadi",
harbingerraisehealing,Aelrynth,,,I want to raise this skill,,FALSE,0,1,"set by Issk, Vincadi",
harbingerraiseitem,Aelrynth,,,I want to raise this skill.,,FALSE,0,1,"set by Issk, Vincadi",
harbingerraiseitemtink,Aelrynth,,,I want to raise this skill.,,FALSE,0,1,"set by Issk, Vincadi",
harbingerraisejump,Aelrynth,,,I want to raise this skill.,,FALSE,0,1,"set by Issk, Vincadi",
harbingerraiseleadership,Aelrynth,,,I want to raise this skill.,,FALSE,0,1,"set by Issk, Vincadi",
harbingerraiselife,Aelrynth,,,I want to raise this skill.,,FALSE,0,1,"set by Issk, Vincadi",
harbingerraiselockpick,Aelrynth,,,I want to raise this skill.,,FALSE,0,1,"set by Issk, Vincadi",
harbingerraiseloyalty,Aelrynth,,,I want to raise this skill.,,FALSE,0,1,"set by Issk, Vincadi",
harbingerraisemace,Aelrynth,,,I want to raise this skill.,,FALSE,0,1,"set by Issk, Vincadi",
harbingerraisemagic,Aelrynth,,,I want to raise this skill.,,FALSE,0,1,"set by Issk, Vincadi",
harbingerraisemagictink,Aelrynth,,,I want to raise this skill.,,FALSE,0,1,"set by Issk, Vincadi",
harbingerraisemelee,Aelrynth,,,I want to raise this skill.,,FALSE,0,1,"set by Issk, Vincadi",
harbingerraisemissile,Aelrynth,,,I want to raise this skill.,,FALSE,0,1,"set by Issk, Vincadi",
harbingerraiseperson,Aelrynth,,,I want to raise this skill.,,FALSE,0,1,"set by Issk, Vincadi",
harbingerraiserun,Aelrynth,,,I want to raise this skill.,,FALSE,0,1,"set by Issk, Vincadi",
harbingerraiseshield,Aelrynth,,,I want to raise this skill,,FALSE,0,1,"set by Issk, Vincadi",
harbingerraisespear,Aelrynth,,,I want to raise this skill.,,FALSE,0,1,"set by Issk, Vincadi",
harbingerraisestaff,Aelrynth,,,I want to raise this skill.,,FALSE,0,1,"set by Issk, Vincadi",
harbingerraisesword,Aelrynth,,,I want to raise this skill.,,FALSE,0,1,"set by Issk, Vincadi",
harbingerraisethrown,Aelrynth,,,I want to raise this skill.,,FALSE,0,1,"set by Issk, Vincadi",
harbingerraiseunarmed,Aelrynth,,,I want to raise this skill.,,FALSE,0,1,"set by Issk, Vincadi",
harbingerraisewar,Aelrynth,,,I want to raise this skill.,,FALSE,0,1,"set by Issk, Vincadi",
harbingerraiseweapontink,Aelrynth,,,I want to raise this skill.,,FALSE,0,1,"set by Issk, Vincadi",
harbingerwarrior,Aelrynth,,,Player has fought against Harbinger and made a difference.,,FALSE,0,1,,
harbingerwarriorwait,Aelrynth,,,Player has received the harbinger arm token.,,TRUE,72000,-1,,
hardenedbone_pickup,Aelrynth,,,Player has picked up the Hardened Bone.,,TRUE,72000,-1,,
hardunnabandquest,Aelrynth,,,Retreive Hardunna's Wedding Band,,TRUE,72000,-1,,
hareltahkill1,Aelrynth,,,Give Aun Hareltah TribalTotemHea,,TRUE,72000,-1,"set by Aun Hareltah, Aun Kiriona, Aun Rukuona and 1 more",
harkerkilled,Aelrynth,,,Picked up the deflated Harker Head.,,TRUE,72000,-1,"checked by Hibdin Velos, Remmick",
harraagslairflag,Aelrynth,,,Player flag for drop location portal in Harraags Hideout,,FALSE,0,1,,
harvesterinitialquest,Aelrynth,,,Harvester in the Mist,,TRUE,72000,-1,set by Behdo Yii,
harvestreaperkillcount,Aelrynth,,,Harvest Reaper Kill Counter,,TRUE,0,10,,
harvestreaperkilltask,Aelrynth,,,Harvest Reaper Kill Task,,TRUE,72000,-1,,
hasatamarrbronze,Aelrynth,,,HasAtamarrBronze flag,,FALSE,0,1,set by Atamarr,
hasatamarrcopper,Aelrynth,,,HasAtamarrCopper flag,,FALSE,0,1,set by Atamarr,
hasatamarriron,Aelrynth,,,HasAtamarrIron flag,,FALSE,0,1,set by Atamarr,
hasatamarrsilver,Aelrynth,,,HasAtamarrSilver flag,,FALSE,0,1,set by Atamarr,
hasgemknathcore1,Aelrynth,,,Handed in Piece of Knath Core,,FALSE,0,1,set by Jester,
haslordstatueriddle,Aelrynth,,,Lord Test Statue Has Given Riddle,,FALSE,0,1,set by Statue,
hassnowglobecabin,Aelrynth,Player has recieved the Snowy Cabin Snowglobe.,,Player has recieved the Snowy Cabin Snowglobe.,Player has recieved the Snowy Cabin Snowglobe.,TRUE,5184000,-1,set by Blind Snowman,
hassnowglobeneydisa,Aelrynth,,,Handed in A Perfect Snowman Eye,,TRUE,72000,-1,set by Blind Snowman,
hassnowglobesnowman,Aelrynth,Player has recieved the Snowman Snowglobe.,,Player has recieved the Snowman Snowglobe.,Player has recieved the Snowman Snowglobe.,TRUE,72000,-1,set by Blind Snowman,
hassphinxriddle,Aelrynth,,,Player has received a riddle from the head.,,FALSE,0,1,set by Tribunal,
hastarsessence_pickup,Aelrynth,,,Player has picked up Hastars Essence,,TRUE,72000,-1,,
hatchrareidolpickup,Aelrynth,,,Rare Idol Pickup,,TRUE,72000,-1,checked by Ulgrim the Unquiet,
hatredsplinterpickup,Aelrynth,,,quest timer,,TRUE,72000,-1,,
hauberklugian,Aelrynth,,,Lugian Commander Trophy,,TRUE,72000,-1,,
hauntedmansiondungeonpermission,Aelrynth,Frest Greelving's Haunted Mansion,https://acportalstorm.com/wiki/Frest_Greelving's_Haunted_Mansion,Player has permission to use Dungeon portal. See Frest Greelving.,Player has permission to use Dungeon portal,TRUE,72000,-1,set by Frest Greelving,
havefishinglicense,Aelrynth,,,Player has a fishing license.,,TRUE,72000,-1,set by Tackle Master,
heaboneflag,Aelrynth,,,Flagged to enter Hagra's Holdfast,,FALSE,0,1,set by Hea Kassoka,
heaboneflagtimer,Aelrynth,,,Hagra's Holdfast Portal Flag Timer,,TRUE,72000,-1,set by Hea Kassoka,
heaboneheadtimer,Aelrynth,,,Timer for reward from Hagras Head,,TRUE,72000,-1,,
heaboneheadturnin,Aelrynth,,,Timer for turning in Hagras Head,,TRUE,72000,-1,set by Hea Kassoka,
heabonetreatytimer,Aelrynth,,,Timer for reward from Hagras Treaty,,TRUE,72000,-1,,
heabonetreatyturnin,Aelrynth,,,Timer for turning in Hagras Treaty,,TRUE,72000,-1,set by Hea Kassoka,
headfazendaterror,Aelrynth,,,Picked Up Fazenda Terror's Head,,TRUE,72000,-1,,
headmorgluuk,Aelrynth,,,You've collected the head from Morgluuk's remains.,,TRUE,72000,-1,,
headofpontifexmaegris_pickup,Aelrynth,,,Player has picked up the Head of Pontifex Maegris,,TRUE,72000,-1,,
headofrheagapickuptimer,Aelrynth,,,Picked up Head of Rheaga,,TRUE,1728000,-1,,
headoftheapparitionolthoiqueenpickuptimer,Aelrynth,,,Picked up Head of the Apparition Olthoi Queen,,TRUE,72000,-1,,
headofthemukkirscion_pickup,Aelrynth,,,Player has picked up the Head of the Mukkir Scion,,TRUE,72000,-1,,
healingkitpickup,Aelrynth,,,Player has picked up an Academy healing potion,,TRUE,0,5,,
healthpickup,Aelrynth,,,Player has picked up an Academy health potion,,TRUE,0,15,,
heardblindsnowmansadstory,Aelrynth,,,Player has heard the Blind Snowmans sad story.,,TRUE,72000,-1,set by Blind Snowman,
hearthstone,Aelrynth,,,Unused Questflag,,TRUE,10800,-1,,
heartinnocenttaken,Aelrynth,,,You got the heart of Jaleh,,TRUE,72000,-1,set by Body of Jaleh al-Thani,
heartofarchmageaigonne_pickup,Aelrynth,,,Player has picked up the Heart of Archmage Aigonne,,TRUE,72000,-1,,
heartofarchmageaigonne_turnin,Aelrynth,,,PLayer has turned in the Heart of Archmage Aigonne,,FALSE,0,1,set by Jathaq al-Nishadina,
heartofinnocence,Aelrynth,,,Access to the Heart of the Innocent,,FALSE,0,1,set by Fir Tree,
heatnakareabet,Aelrynth,,,Player bet on Hea Tnakarea,,FALSE,0,1,set by Hea Tnakarea,
heatoneawacompleted,Aelrynth,,,Hea Toneawa and Aun Mariona quest.  Toneawa sends players on this quest only once a day.,,TRUE,72000,-1,set by Hea Toneawa,
heawindreavekillcount,Aelrynth,,,Hea Windreave Kill Counter,,TRUE,0,25,set by Susana du Loc,
heawindreavekilltask,Aelrynth,,,Hea Windreave Kill Task,,TRUE,72000,-1,set by Susana du Loc,
helmoftremborh_pickup,Aelrynth,,,Pickup timer on Helm of TrembOrh.,,TRUE,72000,-1,,
helmsimulacra,Aelrynth,,,Helm of the Simulacra,,TRUE,72000,-1,,
helpedasheron,Aelrynth,,,You have entered a dungeon to try to help Asheron!,,FALSE,0,1,"set by Matron Hive East, Matron Hive North, Matron Hive South and 1 more",
helpedjonas,Aelrynth,,,You've helped out Jonas.,,FALSE,0,1,set by Jonas,
herotoken,Aelrynth,,,Pickup timer for Hero Tokens,,TRUE,72000,-1,,
highnestkiller,Aelrynth,,,Player assisted in killing a newbie nest.,,FALSE,0,1,,
highpriestacolytedead,Aelrynth,,,HighPriestAcolyteDead,,FALSE,0,1,set by High Priest's Acolyte,
highpriestfirstdead,Aelrynth,,,HighPriestFirstDead,,FALSE,0,1,set by High Priest's First,
highpriestoftthuunkillcount,Aelrynth,,,High Priest of T'thuun Kill Counter,,FALSE,0,1,,
highpriestoftthuunkilltask,Aelrynth,,,High Priest of T'thuun Kill Task,,TRUE,72000,-1,,
highpriestseconddead,Aelrynth,,,HighPriestSecondDead,,FALSE,0,1,set by High Priest's Second,
highpriestthirddead,Aelrynth,,,HighPriestThirdDead,,FALSE,0,1,set by High Priest's Third,
hiveevispincer_0513,Aelrynth,,,Hive Eviscerator Pincer,,TRUE,72000,-1,,
hivequeenkill,Aelrynth,,,quest timer,,FALSE,0,1,set by Olthoi Hive Queen,
hivewarriorpincer_0513,Aelrynth,,,quest timer,,TRUE,72000,-1,,
hizkribeaten,Aelrynth,,,You beat the temple of Hizk Ri.,,FALSE,0,1,set by Guardian,
hizkricomplete,Aelrynth,,,You've completed the Hizk Ri quest with a fellowship.,,TRUE,72000,-1,"set by Biting Ballistae, Portal to Izji Qo's Temple, Razorbound Flange and 7 more",
hizkrientrance,Aelrynth,,,You've been given the entrance exam for Hizk Ri's temple; go pass it!,,FALSE,0,1,set by Guardian,
hizkrientrance1,Aelrynth,,,So far so good you have one part of the entrance exam right!,,FALSE,0,1,set by Pillar,
hizkrientrance2,Aelrynth,,,So far so good you have one part of the entrance exam right!,,FALSE,0,1,set by Pillar,
hizkrientrance3,Aelrynth,,,So far so good you have one part of the entrance exam right!,,FALSE,0,1,set by Pillar,
hizkrientrance4,Aelrynth,,,So far so good you have one part of the entrance exam right!,,FALSE,0,1,set by Pillar,
hizkrientrancefail,Aelrynth,Hizk Ri,,You've failed the entrance exam to Hizk Ri's temple.,,FALSE,0,1,set by Pillar,
hizkrieye1,Aelrynth,,,You have selected the correct eye in the Gauntlet.,,FALSE,0,1,set by Eye of the Watcher,
hizkrieye2,Aelrynth,,,You have selected the correct eye in the Gauntlet.,,FALSE,0,1,set by Eye of the Watcher,
hizkrieye3,Aelrynth,,,You have selected the correct eye in the Gauntlet.,,FALSE,0,1,set by Eye of the Watcher,
hizkrieye4,Aelrynth,,,You have selected the correct eye in the Gauntlet.,,FALSE,0,1,set by Eye of the Watcher,
hizkrifinished,Aelrynth,,,You've collected the reward for the Hizk Ri quest.,,TRUE,72000,-1,"set by Hezhit, Jrvik, Zixki",
hizkrisarcophagus,Aelrynth,,,You've claimed the reward from the Sarcophagus of Hizk Ri.,,TRUE,72000,-1,"set by Sarcophagus of High Matriarch, Hizk Ri",
holchashead_pickup,Aelrynth,,,Pickup timer on Holchas Head.,,TRUE,72000,-1,,
hollownoteacademypickup,Aelrynth,,,Player has picked up the HOllow Minion Note,,FALSE,0,1,,
hollowsused,Aelrynth,,,Player has shown Elemental Talisman to a hollow.,,TRUE,0,15,checked by Hollow,
hollyjollyhelperquest,Aelrynth,,,Holly Jolly Helper Quest,,TRUE,72000,-1,,
holtburgafrincorn1204,Aelrynth,,,Retreive Alfrin's Bag of Corn Seed,,TRUE,72000,-1,,
holtburgafrindrudge1204,Aelrynth,,,Retreive the head of the Drudge Robber Baron for Alfrin.,,TRUE,72000,-1,,
holtburgafrinrye1204,Aelrynth,,,Retreive Alfrin's Bag of Rye Seed,,TRUE,72000,-1,,
holtburgafrinwheat1204,Aelrynth,,,Retreive Alfrin's Bag of Wheat Seed,,TRUE,72000,-1,,
holtburgcomplete,Aelrynth,,,Player has completed the Yaraq Regicide Quest,,TRUE,72000,-1,set by Sir Rylanan,
holtburggreetinggiven,Aelrynth,,,Rylanan has said hello to player,,FALSE,0,1,set by Sir Rylanan,
holtburgnotebrogord1204,Aelrynth,,,Retreive a note from Brogord,,TRUE,72000,-1,,
holtburgredoubtbowl1204,Aelrynth,,,Retreive Worcer's Antique Bowl,,TRUE,72000,-1,,
holtburgredoubtcandlestick1204,Aelrynth,,,Retreive Hardunna's Candlestick,,TRUE,72000,-1,,
holtburgredoubtcompleted_1111,Aelrynth,,,Completed the Holtburg Redoubt Quest,,TRUE,72000,-1,set by Worcer,
holtburgredoubtgoblet1204,Aelrynth,,,Retreive Worcer's Antique Goblet,,TRUE,72000,-1,,
holtburgredoubthandbell1204,Aelrynth,,,Retreive Hardunna's Handbell,,TRUE,72000,-1,,
holtburgredoubtlamp1204,Aelrynth,,,Retreive Hardunna's Lamp,,TRUE,72000,-1,,
holtburgredoubtmug1204,Aelrynth,,,Retreive Worcer's Antique Mug,,TRUE,72000,-1,,
holysymbolpickuptimer,Aelrynth,,,You have obtained the holy symbol from T'thuun Priest.,,TRUE,72000,-1,,
hookhealingmachine,Aelrynth,,,Healing Machine Hook,,TRUE,72000,-1,,
hopeslayerheart,Aelrynth,,,Heart of Shadow,,TRUE,1800,-1,,
hopeslayerobsidiandagger,Aelrynth,,,Obsidian Dagger,,TRUE,72000,-1,,
hopeslayerobsidiankey,Aelrynth,,,Obsidian Key,,TRUE,72000,-1,,
hopeslayersingularity,Aelrynth,,,Fragment of the Singularity,,TRUE,1800,-1,,
hopeslayerskull,Aelrynth,,,Skull of Avoren Palacost,,TRUE,1800,-1,,
hoshinodoorcounter,Aelrynth,,,quest timer,,TRUE,0,20,"set by Falatacot Temple Counter, Hoshino Courtyard Counter, Hoshino Courtyard Gen and 7 more",
hoshinofortarmorpickup,Aelrynth,,,quest timer,,TRUE,72000,-1,,
hoshinofortkeypickup,Aelrynth,,,quest timer,,TRUE,72000,-1,,
hoshinofortpart2,Aelrynth,,,quest timer,,TRUE,72000,-1,set by Ancient Altar,
hoshinomnemosyne1,Aelrynth,,,quest timer,,FALSE,0,1,set by Enchanted Mnemosyne,
hoshinomnemosyne2,Aelrynth,,,quest timer,,FALSE,0,1,set by Enchanted Mnemosyne,
hoshinomnemosyne3,Aelrynth,,,quest timer,,FALSE,0,1,set by Enchanted Mnemosyne,
hoshinomnemosynesdone,Aelrynth,,,quest timer,,FALSE,0,1,set by Enchanted Mnemosyne,
hoshinomustdie_flag,Aelrynth,,,Player has completed Harvesting the Twilight Bulb quest.,,FALSE,0,1,set by Norus,
hoshinotowercomplete_0812,Aelrynth,,,quest timer,,TRUE,72000,-1,set by Mareeno Donn,
hoshinotowershortcut,Aelrynth,,,quest timer,,TRUE,3600,-1,,
hotcoalpickuptimer,Aelrynth,Picked up Hot Coal,,Picked up Hot Coal,,TRUE,72000,-1,,
housedeedhigh,Aelrynth,,,House Deed High,,TRUE,0,6,,
housedeedlow,Aelrynth,,,House Deed Low,,TRUE,0,4,,
housedeedmid,Aelrynth,,,House Deed Mid,,FALSE,0,1,,
housedeednogo,Aelrynth,,,House Deed Acquired,,TRUE,0,4,,
housedeedultra,Aelrynth,,,House Deed Ultra,,TRUE,0,10,,
housestatuebanderlinggiven,Aelrynth,,,Player has given received this house statue and can't get another one for a week.,,TRUE,72000,-1,"set by Bhab, Arcanum Tinkerer",
housestatuebentengiven,Aelrynth,,,Player has given received this house statue and can't get another one for a week.,,TRUE,72000,-1,"set by Bhab, Arcanum Tinkerer",
housestatuedrudgegiven,Aelrynth,,,Player has given received this house statue and can't get another one for a week.,,TRUE,72000,-1,"set by Bhab, Arcanum Tinkerer",
housestatuegolemgiven,Aelrynth,,,Player has given received this house statue and can't get another one for a week.,,TRUE,72000,-1,"set by Bhab, Arcanum Tinkerer",
housestatuegrievvergiven,Aelrynth,,,Player has given received this house statue and can't get another one for a week.,,TRUE,72000,-1,"set by Bhab, Arcanum Tinkerer",
housestatuegromniegiven,Aelrynth,,,Player has given received this house statue and can't get another one for a week.,,TRUE,72000,-1,"set by Bhab, Arcanum Tinkerer",
housestatuemosswartgiven,Aelrynth,,,Player has given received this house statue and can't get another one for a week.,,TRUE,72000,-1,"set by Bhab, Arcanum Tinkerer",
housestatuereedsharkgiven,Aelrynth,,,Player has given received this house statue and can't get another one for a week.,,TRUE,72000,-1,"set by Bhab, Arcanum Tinkerer",
housestatuesclavusgiven,Aelrynth,,,Player has given received this house statue and can't get another one for a week.,,TRUE,72000,-1,"set by Bhab, Arcanum Tinkerer",
housestatuesclavushighgiven,Aelrynth,,,Player has given received this house statue and can't get another one for a week.,,TRUE,72000,-1,"set by Bhab, Arcanum Tinkerer",
housestatueshadowgiven,Aelrynth,,,Player has given received this house statue and can't get another one for a week.,,TRUE,72000,-1,"set by Bhab, Arcanum Tinkerer",
housestatueskeletongiven,Aelrynth,,,Player has given received this house statue and can't get another one for a week.,,TRUE,72000,-1,"set by Bhab, Arcanum Tinkerer",
housestatueskeletonhighgiven,Aelrynth,,,Player has given received this house statue and can't get another one for a week.,,TRUE,72000,-1,"set by Bhab, Arcanum Tinkerer",
housestatuethorstengiven,Aelrynth,,,Player has given received this house statue and can't get another one for a week.,,TRUE,72000,-1,"set by Bhab, Arcanum Tinkerer",
housestatuetumerokgiven,Aelrynth,,,Player has given received this house statue and can't get another one for a week.,,TRUE,72000,-1,"set by Bhab, Arcanum Tinkerer",
housestatuevirindigiven,Aelrynth,,,Player has given received this house statue and can't get another one for a week.,,TRUE,72000,-1,"set by Bhab, Arcanum Tinkerer",
housestatuezharalimgiven,Aelrynth,,,Player has given received this house statue and can't get another one for a week.,,TRUE,72000,-1,"set by Bhab, Arcanum Tinkerer",
hugemonougarib_pickup,Aelrynth,,,Player has picked up Huge Monouga Rib,,TRUE,72000,-1,,
huskregicidepickup,Aelrynth,,,Player has picked up the husk,,TRUE,72000,-1,"checked by Dame Tsaya, Stranger in Town",
icecampleathermaterialspickedup0805,Aelrynth,,,FineLeatherScraps Timer,,TRUE,72000,-1,,
icecampquestfinished0805,Aelrynth,,,NPC Timer for Halaetan Beach Camps,,TRUE,72000,-1,set by Camp Blacksmith,
icetachiturnedin,Aelrynth,,,Turned Ice Tachi into Ivory Crafter..,,TRUE,72000,-1,"set by Ivory Crafter, Ulna bint-Fasha the Ivory Crafter",
idoqcompleted_0413,Aelrynth,,,quest timer,,TRUE,72000,-1,set by Olthoi Hive Queen's Remains,
idoqstarted_0413,Aelrynth,,,quest timer,,FALSE,0,1,set by Virindi Delegate,
ihopflag,Aelrynth,,,Player can enter Tanada House of Pancakes,,FALSE,0,1,set by Chow Doun,
ihoptooktip,Aelrynth,,,Player took tip from empty plate,,TRUE,0,7,,
ihopwait,Aelrynth,,,Tanada House of Pancakes reward cooldown,,TRUE,72000,-1,set by Chow Doun,
ikzisiktikarizikmaflag,Aelrynth,,,Player equipped Messengers Collar,,FALSE,0,1,set by Messenger's Collar,
illgottenrewards1,Aelrynth,,,Player has handed a reward gem to Kai and has two more trips.,,FALSE,0,1,"set by Kai Mallan, Sho Enchanter",
illgottenrewards2,Aelrynth,,,Player has handed a reward gem to Kai and has two more trips.,,FALSE,0,1,"set by Kai Mallan, Sho Enchanter",
illgottenrewards3,Aelrynth,,,Player has handed a reward gem to Kai and has two more trips.,,TRUE,72000,-1,"set by Kai Mallan, Sho Enchanter",
impiousquestironore,Aelrynth,,,Impious Staff Iron Ore Quest,,TRUE,3600,-1,,
impiousquestslag,Aelrynth,,,Impious Staff Slag Quest,,TRUE,72000,-1,,
impiousstaffbrokengiven,Aelrynth,,,Impious Broken Staff Given,,TRUE,72000,-1,"set by Harlune the Misanthrope, Roderick",
impiousstaffquest,Aelrynth,,,Impious Staff Quest,,TRUE,72000,-1,,
imprintingmote_pickup,Aelrynth,,,Player has picked up the Imprinting Mote at the bottom of Golem Sanctum.,,TRUE,72000,-1,,
incendiarygudardiankilltask,Aelrynth,,,incendiarygudardianKillTask,,TRUE,72000,-1,,
infiltrationbalorfuracquired0205,Aelrynth,,,You acquired a swatch of Balor's fur.,,TRUE,72000,-1,,
infiltrationcomplete_0511,Aelrynth,,,Handed Coda to Lord Kresovus,,TRUE,72000,-1,set by Lord Kresovus,
infiltrationnoteacquired0205,Aelrynth,,,You acquired the note from Kerrak.,,TRUE,72000,-1,,
infiltrationrobeacquired0205,Aelrynth,,,You acquired the Shadow Lugian robe.,,TRUE,72000,-1,,
infiltrationshadowlugianportaldestroyed0205,Aelrynth,,,You have been marked by the Darkness.,,FALSE,0,1,set by Shadow,
infiltrationshieldacquired0205,Aelrynth,,,You acquired the Shadow Lugian shield.,,TRUE,72000,-1,,
iniquitousfragment,Aelrynth,,,Pickup timer for Iniquitous Fragment - Sepulcher of Nightmares,,TRUE,72000,-1,,
insatiableeaterjaw,Aelrynth,,,Insatiable Eater Jaw,,TRUE,518400,-1,,
inscribedpurplegem,Aelrynth,,,Inscribed Purple gem,,TRUE,72000,-1,,
insidiousmonougahandin,Aelrynth,,,Handed in an insidious monouga idol.,,TRUE,72000,-1,"set by Ivory Crafter, Ulna bint-Fasha the Ivory Crafter",
intricatemukkirorbnotespickup,Aelrynth,,,Timer for Vaserio's Encoded Notes pickup,,TRUE,72000,-1,,
invasionquest01,Aelrynth,,,Kill north full invasion Brood Noble,,TRUE,72000,-1,"set by Olthoi Brood Noble, Olthoi Hive Brood",
invasionquest02,Aelrynth,,,Kill northeast full invasion Brood Noble,,TRUE,72000,-1,"set by Olthoi Brood Noble, Olthoi Hive Brood",
invasionquest03,Aelrynth,,,Kill southeast full invasion Brood Noble,,TRUE,72000,-1,"set by Olthoi Brood Noble, Olthoi Hive Brood",
invasionquest04,Aelrynth,,,Kill southwest full invasion Brood Noble,,TRUE,72000,-1,"set by Olthoi Brood Noble, Olthoi Hive Brood",
invasionquest05,Aelrynth,,,Kill northwest full invasion Brood Noble,,TRUE,72000,-1,"set by Olthoi Brood Noble, Olthoi Hive Brood",
invasionquest06,Aelrynth,,,Kill Dires 1 full invasion NobleC,,TRUE,72000,-1,set by Olthoi Noble,
invasionquest07,Aelrynth,,,Kill Dires 2 full invasion NobleC,,TRUE,72000,-1,set by Olthoi Noble,
invasionquest08,Aelrynth,,,Kill the Olthoi Queen!,,TRUE,72000,-1,set by Olthoi Queen,
invasionquest09,Aelrynth,,,Kill Dires 3 full invasion NobleC,,TRUE,72000,-1,set by Olthoi Noble,
invasionquest10,Aelrynth,,,Pick up Olthoi Carapace,,TRUE,72000,-1,,
invokercomplete,Aelrynth,,,Player has received the Invoker and cannot make it again.,,FALSE,0,1,,
invokingauntanuacomplete,Aelrynth,,,Players have completed the Invoker Quest and can do it again in 4 weeks for experience.,,TRUE,72000,-1,set by Aun Aulakhe,
invokingstonearwic30,Aelrynth,,,Player has turned in 30 Invoking Stones.,,FALSE,0,1,set by Royal Scout,
invokingstonearwic60,Aelrynth,,,Player has turned in 60 Invoking Stones.,,FALSE,0,1,set by Royal Scout,
invokingstonearwic90,Aelrynth,,,Player has turned in 90 Invoking Stones.,,FALSE,0,1,set by Royal Scout,
invokingstoneasheronisland30,Aelrynth,,,Player has turned in 30 Invoking Stones.,,FALSE,0,1,set by Royal Scout,
invokingstoneasheronisland60,Aelrynth,,,Player has turned in 60 Invoking Stones.,,FALSE,0,1,set by Royal Scout,
invokingstoneasheronisland90,Aelrynth,,,Player has turned in 90 Invoking Stones.,,FALSE,0,1,set by Royal Scout,
invokingstoneayan30,Aelrynth,,,Player has turned in 30 Invoking Stones.,,FALSE,0,1,set by Royal Scout,
invokingstoneayan60,Aelrynth,,,Player has turned in 60 Invoking Stones.,,FALSE,0,1,set by Royal Scout,
invokingstoneayan90,Aelrynth,,,Player has turned in 90 Invoking Stones.,,FALSE,0,1,set by Royal Scout,
invokingstonecandethkeep30,Aelrynth,,,Player has turned in 30 Invoking Stones.,,FALSE,0,1,set by Royal Scout,
invokingstonecandethkeep60,Aelrynth,,,Player has turned in 60 Invoking Stones.,,FALSE,0,1,set by Royal Scout,
invokingstonecandethkeep90,Aelrynth,,,Player has turned in 90 Invoking Stones.,,FALSE,0,1,set by Royal Scout,
invokingstonecolier30,Aelrynth,,,Player has turned in 30 Invoking Stones.,,FALSE,0,1,set by Royal Scout,
invokingstonecolier60,Aelrynth,,,Player has turned in 60 Invoking Stones.,,FALSE,0,1,set by Royal Scout,
invokingstonecolier90,Aelrynth,,,Player has turned in 90 Invoking Stones.,,FALSE,0,1,set by Royal Scout,
invokingstonefestival30,Aelrynth,,,Player has turned in 30 Invoking Stones.,,FALSE,0,1,set by Royal Scout,
invokingstonefestival60,Aelrynth,,,Player has turned in 60 Invoking Stones.,,FALSE,0,1,set by Royal Scout,
invokingstonefestival90,Aelrynth,,,Player has turned in 90 Invoking Stones.,,FALSE,0,1,set by Royal Scout,
invokingstoneisleoftears30,Aelrynth,,,Player has turned in 30 Invoking Stones.,,FALSE,0,1,set by Royal Scout,
invokingstoneisleoftears60,Aelrynth,,,Player has turned in 60 Invoking Stones.,,FALSE,0,1,set by Royal Scout,
invokingstoneisleoftears90,Aelrynth,,,Player has turned in 90 Invoking Stones.,,FALSE,0,1,set by Royal Scout,
invokingstonemayoi30,Aelrynth,,,Player has turned in 30 Invoking Stones.,,FALSE,0,1,set by Royal Scout,
invokingstonemayoi60,Aelrynth,,,Player has turned in 60 Invoking Stones.,,FALSE,0,1,set by Royal Scout,
invokingstonemayoi90,Aelrynth,,,Player has turned in 90 Invoking Stones.,,FALSE,0,1,set by Royal Scout,
invokingstonemountesper30,Aelrynth,,,Player has turned in 30 Invoking Stones.,,FALSE,0,1,set by Royal Scout,
invokingstonemountesper60,Aelrynth,,,Player has turned in 60 Invoking Stones.,,FALSE,0,1,set by Royal Scout,
invokingstonemountesper90,Aelrynth,,,Player has turned in 90 Invoking Stones.,,FALSE,0,1,set by Royal Scout,
invokingstoneosteth30,Aelrynth,,,Player has turned in 30 Invoking Stones.,,FALSE,0,1,set by Royal Scout,
invokingstoneosteth60,Aelrynth,,,Player has turned in 60 Invoking Stones.,,FALSE,0,1,set by Royal Scout,
invokingstoneosteth90,Aelrynth,,,Player has turned in 90 Invoking Stones.,,FALSE,0,1,set by Royal Scout,
invokingstonesilyun30,Aelrynth,,,Player has turned in 30 Invoking Stones.,,FALSE,0,1,set by Royal Scout,
invokingstonesilyun60,Aelrynth,,,Player has turned in 60 Invoking Stones.,,FALSE,0,1,set by Royal Scout,
invokingstonesilyun90,Aelrynth,,,Player has turned in 90 Invoking Stones.,,FALSE,0,1,set by Royal Scout,
invokingstonetoutou30,Aelrynth,,,Player has turned in 30 Invoking Stones.,,FALSE,0,1,set by Royal Scout,
invokingstonetoutou60,Aelrynth,,,Player has turned in 60 Invoking Stones.,,FALSE,0,1,set by Royal Scout,
invokingstonetoutou90,Aelrynth,,,Player has turned in 90 Invoking Stones.,,FALSE,0,1,set by Royal Scout,
invokingstoneturnin,Aelrynth,,,Invoking Stones Turned In Bits,,TRUE,0,4095,,
invokingstoneturnincomplete,Aelrynth,,,Invoking Stones Turned In completed.,,FALSE,0,1,set by Asheron's Investigator,
ironbladecommander,Aelrynth,,,Iron Blade Commander,,TRUE,72000,-1,,
ironbladetrooperkillcount,Aelrynth,,,kill count,,TRUE,0,25,set by Lieutenant Micham,
ironbladetrooperkilltask,Aelrynth,,,kill task timer,,TRUE,72000,-1,set by Lieutenant Micham,
ironspinedchittickkills,Aelrynth,,,Iron Spined Chittick Kill Counter,,TRUE,0,50,set by Aidene,
ironspinedchitticktask,Aelrynth,,,Iron Spined Chittick Kill Task,,TRUE,72000,-1,set by Aidene,
ishaqslostkeycomplete_0511,Aelrynth,,,Returned Ishaq's Lost Key,,TRUE,72000,-1,set by Tanami Kei,
ishaqslostkeypickedupkey1204,Aelrynth,,,You've picked up Ishaq's Lost Key.,,TRUE,72000,-1,checked by Ishaq the Philosopher,
ishaqslostkeypickedupnotes1204,Aelrynth,,,You've picked up Ishaq's notes. For shame!,,TRUE,72000,-1,checked by Ishaq the Philosopher,
isinduleltkilled,Aelrynth,,,Player has killed a Lt in Spawn,,TRUE,0,-1,,
isparianarmscomplete,Aelrynth,,,Player has completed the steps to collect the IsparianArms,,TRUE,72000,-1,,
ithaencquidityingotpurified,Aelrynth,,,Purified the Ithaenc Quiddity Ingot,,TRUE,72000,-1,set by Well of Blood,
izjiqobeaten,Aelrynth,,,You've beaten the Temple of Izji Qo!,,FALSE,0,1,set by Guardian,
izjiqocomplete,Aelrynth,,,You've received a reward for the Temple of Izji Qo.,,TRUE,72000,-1,"set by Scroll of The Endless Well, Scroll of The Golden Wind, Scroll of The Soothing Wind",
jacobsaxepickup,Aelrynth,,,Picked Up Jacob's Axe,,TRUE,72000,-1,,
jademedalliondepths_pickup,Aelrynth,,,Player has picked up the Jade Medallion Depths,,TRUE,72000,-1,,
jambiyaabmimpickup,Aelrynth,,,Ma'yad ibn Ibsar Quest,,TRUE,72000,-1,,
jawaqheadwait,Aelrynth,,,Cooldown for Jawaq Head Turn In,,TRUE,72000,-1,set by Jawaq ibn Janath,
jestercandopart2,Aelrynth,,,quest timer,,FALSE,0,1,set by Laylana,
jesterfocuseswait,Aelrynth,,,Turned in Empowered Knath Core,,TRUE,72000,-1,set by Jester,
jesterfree0308,Aelrynth,,,quest timer,,TRUE,72000,-1,set by Jester,
jestermarbleturnin,Aelrynth,,,Handed in Jesters Marbles,,FALSE,0,1,set by Jester,
jestermarkercomplete,Aelrynth,,,Handed in Jester Marker,,FALSE,0,1,set by Jester,
jesterpart1started,Aelrynth,,,quest timer,,FALSE,0,1,set by Laylana,
jesterpart1wait,Aelrynth,,,quest timer,,TRUE,72000,-1,set by Laylana,
jesterreachedcell,Aelrynth,,,quest timer,,FALSE,0,1,set by Jester's Cell,
jesterreachedhallway,Aelrynth,,,quest timer,,FALSE,0,1,set by Jester Checkpoint,
jesterrepeatrun0308,Aelrynth,,,quest timer,,FALSE,0,1,set by Jailer,
jittekraulilesser,Aelrynth,,,Lesser Jitte of Mi Krau-Li,,TRUE,72000,-1,,
jondorturnin,Aelrynth,,,Player has turned one or more faction books to Jondor,,TRUE,0,7,,
jondorturninwait,Aelrynth,,,Cooldown for Jondor Book Set Turn In,,TRUE,72000,-1,set by Jondor Torgren,
josefkeygiven,Aelrynth,,,Player has received Gaerlan's Key from Josef,,TRUE,72000,-1,set by Josef,
journalhigharchonkraest,Aelrynth,,,Pickup Flag for Journal of Kraest,,TRUE,72000,-1,,
journalibrexipickedup,Aelrynth,,,Picked up Ibrexi's journal.,,TRUE,72000,-1,,
journalixirpickedup,Aelrynth,,,Picked up Ixir's journal.,,TRUE,72000,-1,,
journaljexkipickedup,Aelrynth,,,Picked up Jexkii's journal.,,TRUE,72000,-1,,
journalkixktipickedup,Aelrynth,,,Picked up Kixkti's journal.,,TRUE,72000,-1,,
journalnoteturninwait,Aelrynth,,,Mortified Soldier Journal and Note Turn In,,TRUE,72000,-1,set by Mortified Soldier,
journalofasoldierpickup,Aelrynth,,,Journal of a Soldier pickup timer,,TRUE,72000,-1,,
jtmcanusecage_0613,Aelrynth,,,quest timer,,FALSE,0,1,set by Virindi Delegate,
jtmcompleted_0613,Aelrynth,,,quest timer,,TRUE,72000,-1,set by Virindi Delegate,
jtmkeypickup_0613,Aelrynth,,,quest timer,,TRUE,72000,-1,checked by Virindi Delegate,
jtmstarted_0613,Aelrynth,,,quest timer,,FALSE,0,1,set by Virindi Delegate,
jungleorchidpickup,Aelrynth,,,Picked up a Jungle Orchid,,TRUE,72000,-1,,
kaosfeedbag,Aelrynth,,,Picked Up Farmer Kao's Feed Bag,,TRUE,72000,-1,,
kaosgardengloves,Aelrynth,,,Picked Up Farmer Kao's Gardening Gloves,,TRUE,72000,-1,,
kaosshovel,Aelrynth,,,Picked Up Farmer Kao's Shovel,,TRUE,72000,-1,,
kaoswaterbucket,Aelrynth,,,Picked Up Farmer Kao's Water Bucket,,TRUE,72000,-1,,
keepbannerclaimedwait,Aelrynth,,,Cooldown for Society Keep Banner claiming,,TRUE,300,-1,"set by Celestial Hand Banner of the Courtyard, Celestial Hand Banner of the Spire, Celestial Hand Banner of the Tower and 15 more",
keepbuffingarraywait,Aelrynth,,,Cooldown for Society Keep Buffing Array usage,,TRUE,30,-1,"set by Celestial Hand Buffing Array, Eldrytch Web Buffing Array, Radiant Blood Buffing Array",
keeprewardswait,Aelrynth,,,Cooldown for Keep PK reward,,TRUE,72000,-1,"set by Mitsuhara Kamekeka, Mitsuhara Ryuhi, Mitsuhara Takeo",
keepsupply,Aelrynth,,,Timer for Keep supply bonus reward,,TRUE,3600,-1,"set by Freebooter Celhan Stopgap!, Freebooter Eldweb Stopgap!, Freebooter Radblo Stopgap! and 3 more",
keepsupplywait,Aelrynth,,,Cooldown for Keep supply bonus reward,,TRUE,72000,-1,"set by Freebooter Celhan Stopgap!, Freebooter Eldweb Stopgap!, Freebooter Radblo Stopgap! and 3 more",
keerikbeaten,Aelrynth,,,You've beaten Keerik.,,FALSE,0,1,checked by Guard Sorchia,
keerikcomplete,Aelrynth,,,You've completed the Keerik quest.,,TRUE,72000,-1,set by Guard Sorchia,
keerikkilled,Aelrynth,,,You killed Keerik.,,FALSE,0,1,set by Guard Sorchia,
kerthumptheeartakerbet,Aelrynth,,,Player bet on Kerthump the EarTaker,,FALSE,0,1,set by Kerthump the Ear Taker,
keyaerfalle,Aelrynth,,,Aerfalle's Chest Key,,TRUE,72000,-1,,
keyaerfalleuber,Aelrynth,,,Aerfalle's Ornate Chest Key,,TRUE,72000,-1,,
keycontactreceived,Aelrynth,,,You have taken the key off the Renegade Lugian's corpse.,,TRUE,72000,-1,set by Corpse of Lugian Courier,
keyhammerempyreanacidpickup,Aelrynth,,,Player has picked up the Acid hammer.,,TRUE,72000,-1,,
keyhammerempyreanfirepickup,Aelrynth,,,Player has picked up the Fire hammer.,,TRUE,72000,-1,,
keyhammerempyreanicepickup,Aelrynth,,,Player has picked up the Ice hammer.,,TRUE,72000,-1,,
keyhammerempyreanlightningpickup,Aelrynth,,,Player has picked up the Lightning hammer.,,TRUE,72000,-1,,
keyjalehtaken,Aelrynth,,,You got the key to open Jaleh's Chest,,TRUE,72000,-1,,
keyknorrdefenderpickedup,Aelrynth,,,Picked up Defender Key,,TRUE,72000,-1,,
keyknorrelderpickedup,Aelrynth,,,Picked up Elder Key,,TRUE,72000,-1,,
keyknorrsentinelpickedup,Aelrynth,,,Picked up Sentinel Key,,TRUE,72000,-1,,
keynoir1,Aelrynth,,,You've received the prison key.,,TRUE,5400,-1,set by Key Ring,
keyoverlord,Aelrynth,,,Tumerok Overlord's Key,,TRUE,72000,-1,,
keyrewardpickedup,Aelrynth,,,This quest flag is obsolete.,,TRUE,0,3,,
kidnapprincesscomplete_0410,Aelrynth,,,quest timer,,TRUE,72000,-1,set by Sir Draithon,
kidnapprincessstarted_0410,Aelrynth,,,quest timer,,FALSE,0,1,set by Sir Draithon,
kieriencorepickup,Aelrynth,quest timer,,quest timer,quest timer,TRUE,72000,-1,,
kilifzefirkillcount,Aelrynth,,,Kilif Zefir Kill Counter,,TRUE,0,35,,
kilifzefirkilltask,Aelrynth,,,Kilif Zefir Kill Task,,TRUE,72000,-1,,
killagurgcritterskilled,Aelrynth,,,Player has killed a creature found in Killagurg,,TRUE,0,-1,set by Killagurg Event Watcher,
killboshbosh_start,Aelrynth,,,Player has started Killing Bosh Bosh,,FALSE,0,1,set by Kuuru,
killboshbosh_wait,Aelrynth,,,Player wait timer for Killing Bosh Bosh,,TRUE,72000,-1,set by Kuuru,
killedmenacet,Aelrynth,,,Writ Nov Quest 1,,TRUE,57600,-1,"set by Dranith Menacet, Minion Leader",
killerphyntoswaspkillcount,Aelrynth,,,Killer Phyntos Wasp Kill Counter,,TRUE,0,50,,
killerphyntoswaspkilltask,Aelrynth,,,Killer Phyntos Wasp Kill Task,,TRUE,72000,-1,,
killphyntosqueenpickup1109,Aelrynth,,,Pickup timer for Phyntos Queen Abdomen,,TRUE,72000,-1,,
killtask-blightspirit,Aelrynth,,,Counter for Blight Spirit Kill Task,,TRUE,0,8,set by Candrus Steady-Hand,
killtask-blightspiritwait,Aelrynth,,,Cooldown for Blight Spirit Kill Task,,TRUE,72000,-1,set by Candrus Steady-Hand,
killtask-harvestreaper,Aelrynth,,,Harvest Reaper Kill Task,,TRUE,0,10,set by Majestic Pumpkin,
killtask-harvestreapercompletions,Aelrynth,,,Harvest Reaper Kill Task Completions,,TRUE,0,-1,set by Majestic Pumpkin,
killtask-pumpkinlord,Aelrynth,,,Pumpkin Lord Kill Task,,TRUE,0,3,set by Majestic Pumpkin,
killtaskaltereddrudges_0507,Aelrynth,,,Altered Drudges Kill Task,,TRUE,0,40,set by Jarvis Hammerstone,
killtaskaltereddrudgeswait_0507,Aelrynth,,,Altered Drudges Kill Task Wait Timer,,TRUE,72000,-1,set by Jarvis Hammerstone,
killtaskapostatevirindihigh_0710,Aelrynth,,,High level kill task for  The Empyrean Portalspace Stabilizer Quest.,,TRUE,0,30,set by Emissary of Asheron,
killtaskapostatevirindilow_0710,Aelrynth,,,Low level kill task for  The Empyrean Portalspace Stabilizer Quest.,,TRUE,0,30,set by Emissary of Asheron,
killtaskapostatevirindimid_0710,Aelrynth,,,Mid level kill task for  The Empyrean Portalspace Stabilizer Quest.,,TRUE,0,30,set by Emissary of Asheron,
killtaskaugmenteddrudges_0507,Aelrynth,,,Augmented Drudges Kill Task,,TRUE,0,40,set by Jarvis Hammerstone,
killtaskaugmenteddrudgeswait_0507,Aelrynth,,,Augmented Drudges Kill Task Wait Timer,,TRUE,72000,-1,set by Jarvis Hammerstone,
killtaskbanishedcreature_0609,Aelrynth,,,Banished Creature Kill Task,,TRUE,0,10,set by Belinda du Loc,
killtaskbanishedcreaturewait_0609,Aelrynth,,,Banished Creature Kill Task Wait Timer,,TRUE,72000,-1,set by Belinda du Loc,
killtaskbloodshreth,Aelrynth,,,Blood Shreth Kill Task,,TRUE,0,10,set by San Ming,
killtaskbloodshrethwait,Aelrynth,,,Blood Shreth Kill Task Timer,,TRUE,72000,-1,set by San Ming,
killtaskcorruptedgravestones_1311,Aelrynth,,,Corrupted Gravestones Kill Task,,TRUE,0,6,set by Slubbley,
killtaskcorruptedgravestoneswait_1311,Aelrynth,,,Corrupted Gravestones Kill Task,,TRUE,72000,-1,set by Slubbley,
killtaskcrystallinewisps10109,Aelrynth,,,Crystalline Wisp Kill Task,,TRUE,0,100,set by Oorjit,
killtaskcrystallinewisps10109wait,Aelrynth,,,Crystalline Wisp Kill Task,,TRUE,72000,-1,set by Oorjit,
killtaskdesertareaarmoredillo_0511,Aelrynth,,,Armoredillo Hunting: Lost City of Neftet,,TRUE,0,30,set by Dame Tularin,
killtaskdesertareaarmoredillowait_0511,Aelrynth,,,Armoredillo Hunting: Lost City of Neftet,,TRUE,72000,-1,set by Dame Tularin,
killtaskdesertareagolem_0511,Aelrynth,,,Golem Hunting Lost City of Neftet,,TRUE,0,15,set by Sir Ibreh bin Kassim,
killtaskdesertareagolemwait_0511,Aelrynth,,,Golem Hunting Lost City of Neftet,,TRUE,72000,-1,set by Sir Ibreh bin Kassim,
killtaskdesertareamumiyah_0511,Aelrynth,,,Mumiyah Hunting Lost City of Neftet,,TRUE,0,30,set by Sir Adarl,
killtaskdesertareamumiyahwait_0511,Aelrynth,,,Mumiyah Hunting Lost City of Neftet,,TRUE,72000,-1,set by Sir Adarl,
killtaskdesertareareedshark_0511,Aelrynth,,,Reedshark Hunting Lost City of Neftet,,TRUE,0,30,set by Sir Hassim bin Tamarek,
killtaskdesertareareedsharkwait_0511,Aelrynth,,,Reedshark Hunting: Lost City of Neftet,,TRUE,72000,-1,set by Sir Hassim bin Tamarek,
killtaskdrudgelurkers_0507,Aelrynth,,,Drudge Lurker Kill Task,,TRUE,0,100,set by Jarvis Hammerstone,
killtaskdrudgelurkerswait_0507,Aelrynth,,,Drudge Lurkers Kill Task Wait Timer,,TRUE,72000,-1,set by Jarvis Hammerstone,
killtaskdrudgeraveners_0507,Aelrynth,,,Drudge Raveners Kill Task,,TRUE,0,50,set by Jarvis Hammerstone,
killtaskdrudgeravenerswait_0507,Aelrynth,,,Drudge Raveners Kill Task Wait Timer,,TRUE,72000,-1,set by Jarvis Hammerstone,
killtaskdrudgestalkers_0507,Aelrynth,,,Drudge Stalkers Kill Task,,TRUE,0,100,set by Jarvis Hammerstone,
killtaskdrudgestalkerswait_0507,Aelrynth,,,Drudge Stalkers Kill Task Wait Timer,,TRUE,72000,-1,set by Jarvis Hammerstone,
killtaskelemental_0609,Aelrynth,,,Elemental Kill Task,,TRUE,0,25,set by Zahir,
killtaskelementalwait_0609,Aelrynth,,,Elemental Kill Task Wait Timer,,TRUE,72000,-1,set by Zahir,
killtaskengineer1,Aelrynth,,,kill counter,,FALSE,0,1,set by Isin Dule,
killtaskengineer1completed,Aelrynth,,,quest timer,,FALSE,0,1,set by Isin Dule,
killtaskengineer2,Aelrynth,,,kill counter,,FALSE,0,1,set by Isin Dule,
killtaskengineer2completed,Aelrynth,,,quest timer,,FALSE,0,1,set by Isin Dule,
killtaskengineer3,Aelrynth,,,kill counter,,FALSE,0,1,set by Isin Dule,
killtaskengineer3completed,Aelrynth,,,quest timer,,FALSE,0,1,set by Isin Dule,
killtaskengineer4,Aelrynth,,,kill counter,,FALSE,0,1,set by Isin Dule,
killtaskengineer4completed,Aelrynth,,,quest timer,,FALSE,0,1,set by Isin Dule,
killtaskenragedshadows,Aelrynth,,,kill counter,,TRUE,0,20,set by Corrupted Crystal of Rage,
killtaskenragedshadowsstarted,Aelrynth,,,quest timer,,FALSE,0,1,set by Corrupted Crystal of Rage,
killtaskenragedshadowswait,Aelrynth,,,quest timer,,TRUE,72000,-1,set by Corrupted Crystal of Rage,
killtaskfallencreature_0609,Aelrynth,,,Fallen Creature Kill Task,,TRUE,0,10,set by Belinda du Loc,
killtaskfallencreaturewait_0609,Aelrynth,,,Fallen Creature Kill Task Wait Timer,,TRUE,72000,-1,set by Belinda du Loc,
killtaskgolemsamurai0812,Aelrynth,,,KillTaskGolemSamurai0812,,TRUE,0,5,set by Lieutenant Aurin,
killtaskgolemsamuraicompleted0812,Aelrynth,,,KillTaskGolemSamuraiCompleted0812,,TRUE,72000,-1,set by Lieutenant Aurin,
killtaskgraveyardgraverat_1107,Aelrynth,,,Grave Rat Kill Task,,TRUE,0,100,set by Lo Shoen,
killtaskgraveyardgraveratwait_1107,Aelrynth,,,Grave Rat Kill Task,,TRUE,72000,-1,set by Lo Shoen,
killtaskgraveyardskeleton_1309,Aelrynth,,,Graveyard Skeleton Kill Task,,TRUE,0,30,set by Yoite,
killtaskgraveyardskeletonwait_1309,Aelrynth,,,Graveyard Skeleton Kill Task,,TRUE,72000,-1,set by Yoite,
killtaskgraveyardspirit_1309,Aelrynth,,,Graveyard Spirit Kill Task,,TRUE,0,10,set by Aethelswith,
killtaskgraveyardspiritwait_1309,Aelrynth,,,Graveyard Spirit Kill Task,,TRUE,72000,-1,set by Aethelswith,
killtaskgraveyardwight_1309,Aelrynth,,,Graveyard Wight Kill Task,,TRUE,0,30,set by Gadi,
killtaskgraveyardwightwait_1309,Aelrynth,,,Graveyard Wight Kill Task,,TRUE,72000,-1,set by Gadi,
killtaskgraveyardwisp_1309,Aelrynth,,,Graveyard Wisp Kill Task,,TRUE,0,5,set by Renata,
killtaskgraveyardwispwait_1309,Aelrynth,,,Graveyard Wisp Kill Task,,TRUE,72000,-1,set by Renata,
killtaskguardianstatue,Aelrynth,,,quest timer,,TRUE,0,10,set by Shade of Fordroth,
killtaskguardianstatuewait,Aelrynth,,,quest timer,,TRUE,72000,-1,set by Shade of Fordroth,
killtaskguroghenchman1110,Aelrynth,,,Gurog Henchman Kill Counter,,TRUE,0,20,"set by Gregoria, Gurog Destroyer",
killtaskguroghenchmancompleted1110,Aelrynth,,,Gurog Henchmen Kill Task,,TRUE,72000,-1,"set by Gregoria, Gurog Destroyer",
killtaskgurogminion1110,Aelrynth,,,Gurog Minion Kill Counter,,TRUE,0,20,"set by Gregoria, Gurog Destroyer",
killtaskgurogminioncompleted1110,Aelrynth,,,Gurog Minion Kill Task,,TRUE,72000,-1,"set by Gregoria, Gurog Destroyer",
killtaskgurogsoldier1110,Aelrynth,,,Gurog Soldier Kill Counter,,TRUE,0,20,"set by Gregoria, Gurog Destroyer",
killtaskgurogsoldiercompleted1110,Aelrynth,,,Gurog Soldier Kill Task,,TRUE,72000,-1,"set by Gregoria, Gurog Destroyer",
killtaskintensewispscorinca,Aelrynth,,,Intense Crystalline Wisp Kill Task Corroding and Incalescent,,TRUE,0,25,set by Shade of Ja'qu,
killtaskintensewispscorincawait,Aelrynth,,,Crystalline Intense Wisp Kill Task Corroding and Incalescent,,FALSE,0,1,set by Lever,
killtaskintensewispsshivol,Aelrynth,,,Intense Crystalline Wisp Kill Task Shivering and Voltaic,,TRUE,0,25,set by Shade of Ja'qu,
killtaskintensewispsshivolwait,Aelrynth,,,Crystalline Intense Wisp Kill Task Shivering and Voltaic,,FALSE,0,1,set by Lever,
killtaskkilifzefir,Aelrynth,,,Kilif Zefir Kill Task,,TRUE,0,35,set by Hadiya bint Anan,
killtaskkilifzefirwait,Aelrynth,,,Kilif Zefir Kill Task Timer,,TRUE,72000,-1,set by Hadiya bint Anan,
killtaskmagshuthmoarsman,Aelrynth,,,Magshuth Moarsman Kill Task,,TRUE,0,20,"set by Denada Morningthaw, Elesandra Trembol, Jentha Strongarm",
killtaskmagshuthmoarsmanwait,Aelrynth,,,Magshuth Moarsman Kill Task,,TRUE,72000,-1,"set by Denada Morningthaw, Elesandra Trembol, Jentha Strongarm",
killtaskmcgreggortentacle_0908,Aelrynth,,,Tentacle of Tthuun Kill Task for Valerian McGreggor,,TRUE,0,50,set by Valerian McGreggor,
killtaskmcgreggortentaclewait_0908,Aelrynth,,,Tentacle of Tthuun Kill Task for Valerian McGreggor wait timer,,TRUE,72000,-1,set by Valerian McGreggor,
killtaskmghabhorrenteater,Aelrynth,,,Monthly Game Hunter Kill Task,,TRUE,0,10,"set by Rand, Game Hunter",
killtaskmghharvestreaper,Aelrynth,,,Monthly Game Hunter Kill Task,,TRUE,0,10,"set by Rand, Game Hunter",
killtaskmghpyrechampion,Aelrynth,,,Monthly Game Hunter Kill Task,,TRUE,0,10,"set by Rand, Game Hunter",
killtaskmghremoran,Aelrynth,,,Monthly Game Hunter Kill Task,,TRUE,0,10,"set by Rand, Game Hunter",
killtaskmghtumerok,Aelrynth,,,Monthly Game Hunter Kill Task,,TRUE,0,10,"set by Rand, Game Hunter",
killtaskmghundeadsailor,Aelrynth,,,Monthly Game Hunter Kill Task,,TRUE,0,10,"set by Rand, Game Hunter",
killtaskmghvoraciouseater,Aelrynth,,,Monthly Game Hunter Kill Task,,TRUE,0,10,"set by Rand, Game Hunter",
killtaskmghvscarecrows,Aelrynth,,,Monthly Game Hunter Kill Task,,TRUE,0,10,"set by Rand, Game Hunter",
killtaskmghwasp,Aelrynth,,,Monthly Game Hunter Kill Task,,TRUE,0,10,"set by Rand, Game Hunter",
killtaskmghwightcaptain,Aelrynth,,,Monthly Game Hunter Kill Task,,TRUE,0,10,"set by Rand, Game Hunter",
killtaskmoarsmanhighprieststarted,Aelrynth,,,KillTaskMoarsmanHighPriestStarted,,FALSE,0,1,"set by Kaymor ibn Dumandi, Lunbal Dolicci, Milos ibn Ashud",
killtaskmoarsmanhighpriestwait,Aelrynth,,,KillTaskMoarsmanHighPriestWait,,TRUE,72000,-1,"set by Kaymor ibn Dumandi, Lunbal Dolicci, Milos ibn Ashud",
killtaskmoguthmoarsman,Aelrynth,,,Moguth Moarsman Kill Task,,TRUE,0,60,"set by Berrando Piatelli, Marconi di Bellenesse, Ricaldo di Alduressa",
killtaskmoguthmoarsmanwait,Aelrynth,,,Moguth Moarsman Kill Task,,TRUE,72000,-1,"set by Berrando Piatelli, Marconi di Bellenesse, Ricaldo di Alduressa",
killtaskmosswartcynic_1121,Aelrynth,,,Holly Jolly Helper Kill Task,,TRUE,0,15,set by Osdryd,
killtaskmosswartcynicwait_1121,Aelrynth,,,Holly Jolly Helper Kill Task Wait Timer,,TRUE,72000,-1,set by Osdryd,
killtaskmosswarttownsfolk_0507,Aelrynth,,,Mosswart Townsfolk Kill Task,,TRUE,0,40,set by Corporal Massein,
killtaskmosswarttownsfolkwait_0507,Aelrynth,,,Mosswart Townsfolk Kill Task Wait Timer,,TRUE,72000,-1,set by Corporal Massein,
killtaskolthoidrone,Aelrynth,,,Olthoi Drone Kill Task,,TRUE,0,20,set by Olthoi Hunter,
killtaskolthoidronewait,Aelrynth,,,Olthoi Drone Kill Task,,TRUE,72000,-1,set by Olthoi Hunter,
killtaskolthoinettler,Aelrynth,,,Olthoi Nettler Kill Task,,TRUE,0,10,set by Olthoi Hunter,
killtaskolthoinettlerwait,Aelrynth,,,Olthoi Nettler Kill Task,,TRUE,72000,-1,set by Olthoi Hunter,
killtaskolthoinymph,Aelrynth,,,Olthoi Nymph Kill Task,,TRUE,0,20,set by Olthoi Hunter,
killtaskolthoinymphwait,Aelrynth,,,Olthoi Nymph Kill Task,,TRUE,72000,-1,set by Olthoi Hunter,
killtaskphyntoskiller1109,Aelrynth,,,Phyntos Wasp Kill Task,,TRUE,0,50,"set by Jonathan, Khanldun, Mik",
killtaskphyntoskillerwait1109,Aelrynth,,,Phyntos Wasp Kill Task,,TRUE,72000,-1,"set by Jonathan, Khanldun, Mik",
killtaskphyntoslarvae1109,Aelrynth,,,Phyntos Larvae Kill Task,,TRUE,0,20,"set by Alderic, Ghali al-Fariq, Haruki",
killtaskphyntoslarvaewait1109,Aelrynth,,,Phyntos Larvae Kill Task,,TRUE,72000,-1,"set by Alderic, Ghali al-Fariq, Haruki",
killtaskputridmoar_0307,Aelrynth,,,Putrid Moar Kill Task,,TRUE,0,25,set by Tibik,
killtaskputridmoarstarted_0307,Aelrynth,,,Putrid Moar Kill Task Started,,FALSE,0,1,set by Tibik,
killtaskputridmoarwait_0307,Aelrynth,,,Putrid Moar Kill Task Wait Timer,,TRUE,72000,-1,set by Tibik,
killtaskraregame_0609,Aelrynth,,,Rare Game Kill Task,,TRUE,0,50,set by Belinda du Loc,
killtaskraregamewait_0609,Aelrynth,,,Rare Game Kill Task Wait Timer,,TRUE,72000,-1,set by Belinda du Loc,
killtaskrifttenebrous0907,Aelrynth,,,Tenebrous Rift Kill Task Counter,,TRUE,0,350,set by Solange,
killtaskrifttenebrouswait0907,Aelrynth,,,Tenebrous Rift Kill Task,,TRUE,72000,-1,set by Solange,
killtaskriftumbral0907,Aelrynth,,,Umbral Rift Kill Task Counter,,TRUE,0,30,set by Solange,
killtaskriftumbralwait0907,Aelrynth,Umbral Rift Kill Task,,Umbral Rift Kill Task,Umbral Rift Kill Task,TRUE,72000,-1,set by Solange,
killtaskruschk_0301,Aelrynth,,,Ruschk Kill Task,,TRUE,0,30,set by Commander Rylane di Cinghalle,
killtaskrynthidcrystals,Aelrynth,,,kill counter,,TRUE,0,6,set by Lohrn,
killtaskrynthidcrystalswait,Aelrynth,,,quest timer,,TRUE,72000,-1,set by Lohrn,
killtaskrynthidminions0813,Aelrynth,,,kill counter,,TRUE,0,25,set by Marcus,
killtaskrynthidminionscompleted0813,Aelrynth,,,quest timer,,TRUE,72000,-1,set by Marcus,
killtaskrynthidragercompleted0813,Aelrynth,,,quest timer,,TRUE,72000,-1,set by Ranulf,
killtaskrynthidragers0813,Aelrynth,,,kill counter,,TRUE,0,15,set by Ranulf,
killtaskrynthidrares0813,Aelrynth,,,kill counter,,FALSE,0,1,set by Hernd,
killtaskrynthidrarescompleted0813,Aelrynth,,,quest timer,,TRUE,72000,-1,set by Hernd,
killtaskrynthidriftcompleted0813,Aelrynth,,,quest timer,,TRUE,72000,-1,set by Rhys,
killtaskrynthidrifts0813,Aelrynth,,,kill counter,,TRUE,0,10,set by Rhys,
killtaskrynthidslayercompleted0813,Aelrynth,,,quest timer,,TRUE,72000,-1,set by Sylvanus,
killtaskrynthidslayers0813,Aelrynth,,,kill counter,,TRUE,0,15,set by Sylvanus,
killtaskrynthidsorcerercompleted0813,Aelrynth,,,quest timer,,TRUE,72000,-1,set by Wido,
killtaskrynthidsorcerers0813,Aelrynth,,,kill counter,,TRUE,0,15,set by Wido,
killtaskrynthidwisps0813,Aelrynth,,,kill counter,,TRUE,0,3,set by Tillahan,
killtaskrynthidwispscompleted0813,Aelrynth,,,quest timer,,TRUE,72000,-1,set by Tillahan,
killtasksawatobandit,Aelrynth,,,kill counter,,TRUE,0,15,set by Trap Door,
killtaskshadowvortex,Aelrynth,,,kill counter,,TRUE,0,3,set by Isin Dule,
killtaskshadowvortexcompleted,Aelrynth,,,quest timer,,FALSE,0,1,set by Isin Dule,
killtaskshoguthmoarsman,Aelrynth,,,Shoguth Moarsman Kill Task,,TRUE,0,40,"set by Dorn Bowspeaker, Gavin Hammerstone, Kylos Hunterson",
killtaskshoguthmoarsmanwait,Aelrynth,,,Shoguth Moarsman Kill Task,,TRUE,72000,-1,"set by Dorn Bowspeaker, Gavin Hammerstone, Kylos Hunterson",
killtasksmallfledglingmukkir0806,Aelrynth,,,Small Fledgling Mukkir Kill Counter,,TRUE,0,15,set by Royal Guard,
killtasksmallfledglingmukkircompleted0806,Aelrynth,,,Small Fledgling Mukkir Kill Task Timer,,TRUE,72000,-1,set by Royal Guard,
killtasksnowtusker0111,Aelrynth,,,Player killed x/20 Snow Tuskers.,,TRUE,0,20,,
killtasksoldier,Aelrynth,,,kill counter,,TRUE,0,15,"set by Black Ferah, Shadow Captain",
killtasksoldiercompleted,Aelrynth,,,quest timer,,FALSE,0,1,set by Shadow Captain,
killtaskspectralarchers0812,Aelrynth,,,KillTaskSpectralArchers0812,,TRUE,0,15,set by Sergeant Trebuus,
killtaskspectralarcherscompleted0812,Aelrynth,,,KillTaskSpectralArchersCompleted0812,,TRUE,72000,-1,set by Sergeant Trebuus,
killtaskspectralbloodmages0812,Aelrynth,,,KillTaskSpectralBloodMages0812,,TRUE,0,5,set by Lord Eorlinde,
killtaskspectralbloodmagescompleted0812,Aelrynth,,,KillTaskSpectralBloodmagesCompleted0812,,TRUE,72000,-1,set by Lord Eorlinde,
killtaskspectralbushi0812,Aelrynth,,,KillTaskSpectralBushi0812,,TRUE,0,10,set by Corporal Irashi,
killtaskspectralbushicompleted0812,Aelrynth,,,KillTaskSpectralBushiCompleted0812,,TRUE,72000,-1,set by Corporal Irashi,
killtaskspectralclawsblades0812,Aelrynth,,,KillTaskSpectralClawsBlades0812,,TRUE,0,10,set by Griffon,
killtaskspectralclawsbladescompleted0812,Aelrynth,,,KillTaskSpectralClawsBladesCompleted0812,,TRUE,72000,-1,set by Griffon,
killtaskspectralminions0812,Aelrynth,,,KillTaskSpectralMinions0812,,TRUE,0,15,set by Aun Kirtal,
killtaskspectralminionscompleted0812,Aelrynth,,,KillTaskSpectralMinionsCompleted0812,,TRUE,72000,-1,set by Aun Kirtal,
killtaskspectralninjas0812,Aelrynth,,,KillTaskSpectralNinjas0812,,TRUE,0,5,set by Hanamoto Aki'ko,
killtaskspectralninjascompleted0812,Aelrynth,,,KillTaskSpectralNinjasCompleted0812,,TRUE,72000,-1,set by Hanamoto Aki'ko,
killtaskspectralsamurai0812,Aelrynth,,,KillTaskSpectralSamurai0812,,TRUE,0,10,set by Lieutenant Takamaki,
killtaskspectralsamuraicompleted0812,Aelrynth,,,KillTaskSpectralSamuraiCompleted0812,,TRUE,72000,-1,set by Lieutenant Takamaki,
killtasktentacleoftthuun_0908,Aelrynth,,,Tentacle of Tthuun Kill Task,,TRUE,0,50,set by Tamara du Cinghalle,
killtasktentacleoftthuunwait_0908,Aelrynth,,,Tentacle of Tthuun Kill Task wait timer,,TRUE,72000,-1,set by Tamara du Cinghalle,
killtaskthreeeyedsnowman,Aelrynth,,,Three Eyed Snowman Kill Task,,TRUE,0,5,set by Blind Snowman,
killtaskthreeeyedsnowmanwait,Aelrynth,,,Three Eyed Snowman Kill Task Wait timer,,TRUE,72000,-1,set by Blind Snowman,
killtasktorgashstasks_0301,Aelrynth,,,Torgashs Tasks,,TRUE,0,30,set by Torgash,
killtasktormentedshadows,Aelrynth,,,kill counter,,TRUE,0,20,set by Corrupted Crystal of Torments,
killtasktormentedshadowsstarted,Aelrynth,,,quest timer,,FALSE,0,1,set by Corrupted Crystal of Torments,
killtasktormentedshadowswait,Aelrynth,,,quest timer,,TRUE,72000,-1,set by Corrupted Crystal of Torments,
killtasktoutoublockade,Aelrynth,,,kill counter,,TRUE,0,10,set by Isin Dule,
killtasktoutoublockadecompleted,Aelrynth,,,quest timer,,FALSE,0,1,set by Isin Dule,
killtasktoutouflyers0812,Aelrynth,,,Shadow Flyer Kill Task,,TRUE,0,15,set by Umbral Guard,
killtasktoutouflyerscompleted0812,Aelrynth,,,Shadow Flyer Kill Task,,TRUE,72000,-1,set by Umbral Guard,
killtasktoutougrievvers0812,Aelrynth,,,Grievver Shredder Kill Task,,TRUE,0,15,set by Royal Guard,
killtasktoutougrievverscompleted0812,Aelrynth,,,Grievver Shredder Kill Task,,TRUE,72000,-1,set by Royal Guard,
killtasktoutouknights0812,Aelrynth,,,Void Lord Kill Task,,TRUE,0,15,set by Royal Guard,
killtasktoutouknightscompleted0812,Aelrynth,,,Void Lord Kill Task,,TRUE,72000,-1,set by Royal Guard,
killtasktoutoumarguls0812,Aelrynth,,,Devourer Margul Kill Task,,TRUE,0,15,set by Umbral Guard,
killtasktoutoumargulscompleted0812,Aelrynth,,,Devourer Margul Kill Task,,TRUE,72000,-1,set by Umbral Guard,
killtasktoutoupillars0812,Aelrynth,,,Shadowy Pillar Kill Task,,TRUE,0,4,set by Royal Guard,
killtasktoutoupillarscompleted0812,Aelrynth,,,Shadowy Pillar Kill Task,,TRUE,72000,-1,set by Royal Guard,
killtasktoutoushadows0812,Aelrynth,,,Shadow Kill Task,,TRUE,0,25,set by Royal Guard,
killtasktoutoushadowscompleted0812,Aelrynth,,,Shadow Kill Task,,TRUE,72000,-1,set by Royal Guard,
killtasktoutoutownsfolk,Aelrynth,,,kill counter,,TRUE,0,5,set by Isin Dule,
killtasktoutoutownsfolkcompleted,Aelrynth,,,quest timer,,FALSE,0,1,set by Isin Dule,
killtasktumerokgladiator,Aelrynth,,,Tumerok Gladiator Kill Task,,TRUE,0,25,set by Lieutenant Rothe,
killtasktumerokgladiatorwait,Aelrynth,,,Tumerok Gladiator Kill Task,,TRUE,72000,-1,set by Lieutenant Rothe,
killtaskviridiananek,Aelrynth,,,kill counter,,TRUE,0,10,"set by Brellegia, Brellegia's Marker",
killtaskviridiananekwait,Aelrynth,,,quest timer,,TRUE,72000,-1,set by Brellegia,
killtaskviridianwasp,Aelrynth,,,kill counter,,TRUE,0,10,"set by Aangesilus, Aangesilus' Marker",
killtaskviridianwaspwait,Aelrynth,,,quest timer,,TRUE,72000,-1,set by Aangesilus,
killtaskviridianzefir,Aelrynth,,,kill counter,,TRUE,0,10,"set by Swift, Swift's Marker",
killtaskviridianzefirwait,Aelrynth,,,quest timer,,TRUE,72000,-1,set by Swift,
kingoolutangaenter,Aelrynth,,,Entrance to the Warrior's Lair.,,FALSE,0,1,set by Kleeoh,
kireebeaten,Aelrynth,,,You've beaten Kiree.,,FALSE,0,1,checked by Guard Fassel,
kireecomplete,Aelrynth,,,You've completed the Kiree quest.,,TRUE,72000,-1,set by Guard Fassel,
kireekilled,Aelrynth,,,You killed Kiree.,,FALSE,0,1,set by Guard Fassel,
kiviklirbeaten,Aelrynth,,,You've used the Eye.,,FALSE,0,1,set by Guardian of the Crypt,
kiviklircompleted,Aelrynth,,,You've used the Eye.,,TRUE,72000,-1,"set by Manacle of Biting Pain, Scroll of Artificant Chant, Scroll of Conjurant Chant and 4 more",
kiviklirfinished,Aelrynth,,,You've used the Eye.,,FALSE,0,1,"set by Coglock, Glogluuk, Plocagruuk",
knathandraskillcount,Aelrynth,,,K'nath An'dras Kill Counter,,TRUE,0,25,set by Nona,
knathandraskilltask,Aelrynth,,,K'nath An'dras Kill Task,,TRUE,72000,-1,set by Nona,
knifedahquest,Aelrynth,,,Retreive Nurbaha bint Dah's Knife,,TRUE,72000,-1,,
knightsofkarluncomplete,Aelrynth,,,Knights Of Karlun Complete,,FALSE,0,1,set by Grand Knight,
knightsofkarluncompletesilyun,Aelrynth,,,Knights Of Karlun Complete - Silyun,,FALSE,0,1,set by Grand Mother,
knightsstash,Aelrynth,,,Open timer for Knight's Stash Chest,,TRUE,518400,-1,,
knorrgem1,Aelrynth,,,Received Knorr Gem,,FALSE,0,1,"set by Olcris, Nuhmudira's Student",
knorrquiddityseedquestrepeat,Aelrynth,,,Flag for Knorr Quiddity Seed Quest initial turn in,,FALSE,0,1,set by Emissary of Asheron,
knorrquiddityseedwait,Aelrynth,,,Completed Knorr Quiddity Seed Quest,,TRUE,72000,-1,set by Asheron,
knorrquidityingotpurified,Aelrynth,,,Purified the Knorr Quiddity Ingot,,TRUE,72000,-1,set by Pool of Water,
knorrwait,Aelrynth,,,Waiting time before returning to Knorr,,TRUE,72000,-1,"set by Olcris, Nuhmudira's Student",
koihoataifragment_pickup,Aelrynth,,,Player has picked up the Koihoatai Fragment,,TRUE,72000,-1,,
korgluukofburbet,Aelrynth,,,Player bet on Korgluuk of Bur,,FALSE,0,1,set by Korgluuk of Bur,
kothmoxstaffgiven,Aelrynth,,,Kothmox Staff Given to lord test statue,,FALSE,0,1,set by Statue,
krankcollectionarmoredillo,Aelrynth,,,You have been given a quest to collect Armoredillo hides by Captain K'rank.,,FALSE,0,1,set by Captain K'rank,
krankcollectiongolem,Aelrynth,,,You have been given a quest to collect Golem hearts by Captain K'rank.,,FALSE,0,1,set by Captain K'rank,
krankcollectionsclavus,Aelrynth,,,You have been given a quest to collect Sclavus parts by Captain K'rank.,,FALSE,0,1,set by Captain K'rank,
krankdeliverydryreach,Aelrynth,,,You have been given a quest to deliver something to Dryreach by Captain K'rank.,,FALSE,0,1,set by Captain K'rank,
krankdeliverymacniall,Aelrynth,,,You have been given a quest to deliver something to MacNiall by Captain K'rank.,,FALSE,0,1,set by Captain K'rank,
krankdeliverystonehold,Aelrynth,,,You have been given a quest to deliver something to Stonehold by Captain K'rank.,,FALSE,0,1,set by Captain K'rank,
krankdeliverywaijhou,Aelrynth,,,You have been given a quest to deliver something to WaiJhou by Captain K'rank.,,FALSE,0,1,set by Captain K'rank,
krankmorgluuk,Aelrynth,,,You have spoken to Krank about that Burun named Morgluuk.,,FALSE,0,1,set by Captain K'rank,
krankquest,Aelrynth,,,Captain k'rank has given you a quest.,,TRUE,72000,-1,set by Captain K'rank,
krystnpcmoving,Aelrynth,,,Kryst NPC is in motion,,TRUE,10,1,"set by Aluvian Spearman, Gharu'ndim War Mage, Gharu'ndim Warrior and 1 more",
labportalgem120,Aelrynth,,,Player has turned in Monouga Laboratory Portal Attunement Gem to 120+ Bell,,FALSE,0,1,set by Bell,
labportalgem150,Aelrynth,,,Player has turned in Monouga Laboratory Portal Attunement Gem to 150+ Bell,,FALSE,0,1,set by Bell,
labportalgem80,Aelrynth,,,Player has turned in Monouga Laboratory Portal Attunement Gem to 80+ Bell,,FALSE,0,1,set by Bell,
labyrinthcomplete,Aelrynth,,,This quest flag is obsolete.,,FALSE,0,1,,
ladydaneelorecollectioncompleted_0612,Aelrynth,,,Player has completed the collection of Ore for Lady Dan'eel,,TRUE,72000,-1,set by Lady Dan'eel Trianna,
ladydaneelorecollectionstarted_0612,Aelrynth,,,Player has started the collection of Ore for Lady Dan'eel,,FALSE,0,1,set by Lady Dan'eel Trianna,
ladykiaraorecollectioncompleted_0612,Aelrynth,,,Player has completed the collection of Ore for Lady Kiara,,TRUE,72000,-1,set by Lady Kiara Trianna,
ladykiaraorecollectionstarted_0612,Aelrynth,,,Player has started the collection of Ore for Lady Kiara,,FALSE,0,1,set by Lady Kiara Trianna,
ladymashalflowercollectioncompleted_0612,Aelrynth,,,Player has completed the collection of flowers for Lady Mashal,,TRUE,72000,-1,set by Lady Mashal Trianna,
ladymashalflowercollectionstarted_0612,Aelrynth,,,Player has started the collection of flowers for Lady Mashal,,FALSE,0,1,set by Lady Mashal Trianna,
ladymhoirerewardwait,Aelrynth,,,quest timer,,TRUE,600,-1,set by Lady Tairla Mhoire,
ladysherathvinecollectioncompleted_0612,Aelrynth,,,Player has completed the collection of Vines for Lady Sherath,,TRUE,72000,-1,set by Lady Sherath Trianna,
ladysherathvinecollectionstarted_0612,Aelrynth,,,Player has started the collection of Vines for Lady Sherath,,FALSE,0,1,set by Lady Sherath Trianna,
largeaggregateshardpickup,Aelrynth,,,Picked up Large Aggregate Crystalline Shard,,TRUE,72000,-1,,
largebagoffood_pickup,Aelrynth,,,Player has picked up Large Bag of Food,,TRUE,72000,-1,,
largeempyreantomepickup,Aelrynth,,,quest timer,,TRUE,72000,-1,,
largegoldaetheriumcorefragmentpickup,Aelrynth,,,Picked up Large Gold Aetherium Core,,TRUE,72000,-1,,
largemonougarib_pickup,Aelrynth,,,Player has picked up Large Monouga Rib,,TRUE,72000,-1,,
largetome1pickuptimer,Aelrynth,,,Picked up Large Tome in Apostate Nexus,,TRUE,72000,-1,,
largetome2pickuptimer,Aelrynth,,,Picked up Large Tome in Frozen Wight Lair,,TRUE,72000,-1,,
largetome3pickuptimer,Aelrynth,,,Picked up Large Tome in Warded Dungeon Passage,,TRUE,72000,-1,,
largetome4pickuptimer,Aelrynth,,,Picked up Large Tome in Neftet Temple,,TRUE,72000,-1,,
lavushealingmachine,Aelrynth,,,Healing Machine Lavus,,TRUE,72000,-1,,
legendaryquestcounter_0913,Aelrynth,,,Number of Legendary Quests Completed for Contract,,TRUE,0,40,"set by Adrenkus, Aun Ol'tra, Darviss and 33 more",
legendaryquestsa,Aelrynth,,,BitField Stamp for Legendary Quests Completed,,TRUE,0,1048575,,
legendaryquestsb,Aelrynth,,,BitField Stamp for Legendary Quests Completed,,TRUE,0,1048575,,
leggingsacademypickup,Aelrynth,,,Player has picked up the Academy Leggings,,FALSE,0,1,checked by Samuel,
legkey48914pickup,Aelrynth,,,Picked up Legendary Key in Foundry of Izexi.,,TRUE,72000,-1,,
lesserbenedictionaug,Aelrynth,,,PERMANENT - Completion check for Asheron's Lesser Benediction Augment,,FALSE,0,1,set by Donatello Linante,
lessershadowarmoraluvian1,Aelrynth,,,Lesser Aluvian Shadow Armor 1,,FALSE,0,1,set by Alean the Steel Forger,
lessershadowarmoraluvian2,Aelrynth,,,Lesser Aluvian Shadow Armor 2,,FALSE,0,1,set by Alean the Steel Forger,
lessershadowarmoraluvian3,Aelrynth,,,Lesser Aluvian Shadow Armor 3,,FALSE,0,1,set by Alean the Steel Forger,
lessershadowarmorgharundim1,Aelrynth,,,Lesser Gharundim Shadow Armor 1,,FALSE,0,1,set by Jibril ibn Rashid,
lessershadowarmorgharundim2,Aelrynth,,,Lesser Gharundim Shadow Armor 2,,FALSE,0,1,set by Jibril ibn Rashid,
lessershadowarmorgharundim3,Aelrynth,,,Lesser Gharundim Shadow Armor 3,,FALSE,0,1,set by Jibril ibn Rashid,
lessershadowarmorsho1,Aelrynth,,,Lesser Sho Shadow Armor 1,,FALSE,0,1,set by Koga Hideki,
lessershadowarmorsho2,Aelrynth,,,Lesser Sho Shadow Armor 2,,FALSE,0,1,set by Koga Hideki,
lessershadowarmorsho3,Aelrynth,,,Lesser Sho Shadow Armor 3,,FALSE,0,1,set by Koga Hideki,
letterfromheartpickedup,Aelrynth,,,Player picked up A Leter From the Heart,,TRUE,72000,-1,,
lettergarsh,Aelrynth,,,Player has recieved LetterGarsh.,,FALSE,0,1,set by Renegade's Pack,
letterregicidemenacetpickup,Aelrynth,,,Player has picked up the Menacet Regicide Note,,TRUE,72000,-1,"checked by Dame Tsaya, Sir Rylanan, Sir Tenshin",
letterrylanan2given,Aelrynth,,,Player has delivered the full letter to Rylanan.,,FALSE,0,1,set by Dame Tsaya,
lettertenshin2given,Aelrynth,,,Player has delivered the full letter to Tenshin.,,FALSE,0,1,set by Sir Rylanan,
lettertocelcyndquest,Aelrynth,,,Letter To Celcynd Quest,,TRUE,518400,-1,,
lettertonomeapickuptimer,Aelrynth,,,Picked up Letter to Nomea,,TRUE,1728000,-1,,
lettertsaya2given,Aelrynth,,,Player has delivered the full letter to Tsaya.,,FALSE,0,1,set by Sir Tenshin,
leyleechsmedallion_pickup,Aelrynth,,,Player has picked up Ley Leechs Medallion,,TRUE,72000,-1,,
liazkbeaten,Aelrynth,,,Player defeated the tests of Liazk Itzi's Temple.,,FALSE,0,1,"set by Burun Ruuk Adherent Overseer, Burun Ruuk Seer Watcher, Burun Ruuk Shaman Keeper and 2 more",
lifestonefound1111,Aelrynth,,,Player talked to lifestone greeter,,FALSE,0,1,"set by Alcott, Eiichi, Ghaziyah and 1 more",
lightningcloud_0713,Aelrynth,,,quest timer,,TRUE,72000,-1,set by Mysterious Portal,
lilithasbowgiven,Aelrynth,,,Gave Lilitha's Bow to Eldrista.,,TRUE,72000,-1,set by Eldrista the Adventurer,
linkofafalatacotchainpickuptimer,Aelrynth,,,Player has picked up Link of a Falatacot Chain,,TRUE,72000,-1,,
littoralsiraluunkillcount,Aelrynth,,,Littoral Siraluun Kill Counter,,TRUE,0,25,set by Rico Cellini,
littoralsiraluunkilltask,Aelrynth,,,Littoral Siraluun Kill Task,,TRUE,72000,-1,set by Rico Cellini,
lootfieldsupplies,Aelrynth,,,Looted field supply chest,,TRUE,518400,-1,,
lorcanecklacecompleted_1111,Aelrynth,,,Returned Lorca Sammel's Lost Necklace,,TRUE,72000,-1,,
lorcasammelnecklaceacquired,Aelrynth,,,Lorca Sammel's Lost Necklace,,TRUE,72000,-1,checked by Lorca Sammel,
lordgrymarrewardwait,Aelrynth,,,quest timer,,TRUE,600,-1,set by Ranger Lord Grymar Mhoire,
lordmarsanslogbookpickup,Aelrynth,,,Lord Marsan's Log Book Pick Up timer,,TRUE,72000,-1,"checked by Lieutenant Dialossa, Lieutenant Durgan",
lordtestfactionitempickuptimer,Aelrynth,,,You have obtained a quest item from lord test.,,TRUE,72000,-1,,
lordtesttempledoorwest,Aelrynth,,,Flagged to use Sclavus Temple Lord Test,,FALSE,0,1,,
loshoenspackratskilled_1107,Aelrynth,,,Check that Grave Rat KT is done before using bag. Different from bags 3 day timer.,,FALSE,0,1,set by Lo Shoen,
loshoenspacktimer_1107,Aelrynth,,,20 hour repeatable timer on obtaining Lo Shoens Rat Bait from Lo Shoens Pack,,TRUE,72000,-1,set by Lo Shoen's Pack,
losthopeinfusion,Aelrynth,,,Lost Hope Infusion,,TRUE,72000,-1,,
lostlorepagecompleted_0712,Aelrynth,,,Player has completed The Lost Lore Quest,,TRUE,72000,-1,set by Popkin of the Gate,
lostlorestarted_0712,Aelrynth,,,Player has starte The Lost Lore Quest,,FALSE,0,1,set by Popkin of the Gate,
lostmessengergotjournal,Aelrynth,,,Player has received Messengers Journal,,FALSE,0,1,set by Lost Messenger's Corpse,
lostmessengerinterceptedquest_start,Aelrynth,,,Player has started Intercepted Note portion of Lost Messenger Quest,,FALSE,0,1,set by Barsinni,
lostmessengerquest_start,Aelrynth,,,Player has started Lost Messenger Quest,,FALSE,0,1,set by Barsinni,
lostmessengerquest_wait,Aelrynth,,,Player has completed Lost Messenger Quest,,TRUE,72000,-1,set by Barsinni,
lostpetcollaracquired0805,Aelrynth,,,Lost Pet Darlings Collar Pickup,,TRUE,72000,-1,,
lostpetportal,Aelrynth,,,Flagged to enter Creepy Canyons dungeon,,FALSE,0,1,set by Xsao Lann,
lostpetquestcompleted0805,Aelrynth,,,Lost Pet Completed,,TRUE,72000,-1,set by Xsao Lann,
lownestkiller,Aelrynth,,,Player assisted in killing a newbie nest.,,FALSE,0,1,,
loyaltokahiri,Aelrynth,,,LoyalToKahiri,,FALSE,0,1,set by Ka'hiri,
loyaltoliamofgelid,Aelrynth,,,LoyalToLiamOfGelid,,FALSE,0,1,set by Liam of Gelid,
loyaltolordtyragar,Aelrynth,,,LoyalToLordTyragar,,FALSE,0,1,set by Lord Tyragar,
loyaltoshadeofladyadja,Aelrynth,,,LoyalToShadeOfLadyAdja,,FALSE,0,1,set by Shade of Lady Adja,
lubziklanagreement,Aelrynth,,,Flagged for Lubziklan Agreement quest,,FALSE,0,1,set by Anton Sillezi,
lubziklancoveapplequest,Aelrynth,,,DEPRECATED,,TRUE,72000,-1,,
lubziklanwarmapplepiequest,Aelrynth,,,DEPRECATED,,TRUE,72000,-1,,
lugianassaultcompleted_0913,Aelrynth,,,quest timer,,TRUE,72000,-1,set by Commander Presk,
lugianassaultstarted_0913,Aelrynth,,,quest timer,,FALSE,0,1,set by Raksaa,
lugianbladeheart,Aelrynth,,,Lugian Blade of the Heart,,TRUE,72000,-1,,
lugianclotharm,Aelrynth,,,Lugian Cloth of the Arm,,TRUE,72000,-1,,
lugianstaffmind,Aelrynth,,,Lugian Staff of the Mind,,TRUE,72000,-1,,
lumaugskillquest,Aelrynth,,,Counter for Augmentation Skill Gem,,TRUE,0,2,set by Nalicana,
lunnumsdisappearancecompleted0106,Aelrynth,,,Track down the thief who took Lunnum. - Completed,,TRUE,72000,-1,set by Fiun Gaya,
lunnumsdisappearancestarted0106,Aelrynth,,,Flagging for start of quest,,FALSE,0,1,set by Fiun Gaya,
lunnumspyrequestcompleted0805,Aelrynth,,,Lunnum's Pyre Timer,,TRUE,72000,-1,set by Fiun Gaya,
lunnumspyrequeststarted0805,Aelrynth,,,Flagging for start of quest,,FALSE,0,1,set by Fiun Gaya,
lunnumsreturncomplete1006,Aelrynth,,,Player has completed Lunnums Return,,TRUE,72000,-1,set by Fiun Layeel,
lunnumsreturnstarted1006,Aelrynth,,,Player has started Lunnums Return,,FALSE,0,1,set by Fiun Layeel,
lurgisscorepickup,Aelrynth,,,quest timer,,TRUE,72000,-1,,
lurzasezzhereislairgiven,Aelrynth,,,Sezzherei's Lair given to Lurza,,FALSE,0,1,set by Lurza,
maceofhiranaith,Aelrynth,,,Mace of Hiranaith pickup timer,,TRUE,72000,-1,,
machinistparts,Aelrynth,,,BitField Stamp for Machinist Gloves quest parts,,TRUE,0,2097150,,
machinistpartscounter,Aelrynth,,,Number of alloy parts collected,,TRUE,0,20,set by Kaywin,
maddenedfiunheart,Aelrynth,,,Red Bull of Sanamar Quest,,TRUE,72000,-1,,
mageacademykey,Aelrynth,,,Mage Academy Coffin Key,,TRUE,72000,-1,,
maggotkillcount,Aelrynth,,,quest timer,,TRUE,0,8,set by Grub Test Stopgap,
magicitemtraining1,Aelrynth,,,You have been blessed by Bleeargh to learn item enchantment.,,FALSE,0,1,"set by Bleeargh, Mosswart Swamp Lord",
magicitemtraining2,Aelrynth,,,You have been blessed by Bleeargh to learn item enchantment.,,FALSE,0,1,"set by Bleeargh, Mosswart Swamp Lord",
magicitemtraining3,Aelrynth,,,You have been blessed by Bleeargh to learn item enchantment.,,FALSE,0,1,"set by Bleeargh, Mosswart Swamp Lord",
magicitemtraining4,Aelrynth,,,You have been blessed by Bleeargh to learn item enchantment.,,FALSE,0,1,"set by Bleeargh, Mosswart Swamp Lord",
magicitemtraining5,Aelrynth,,,You have been blessed by Bleeargh to learn item enchantment.,,FALSE,0,1,"set by Bleeargh, Mosswart Swamp Lord",
magicitemtraining6,Aelrynth,,,You have been blessed by Bleeargh to learn item enchantment.,,FALSE,0,1,"set by Bleeargh, Mosswart Swamp Lord",
magmaexarchcooldown,Aelrynth,,,Magma Golem Exarch Cooldown Timer,,TRUE,518400,-1,set by Aun Autuorea,
magmagolemexarchkillcount,Aelrynth,,,Magma Golem Exarch Kill Counter,,TRUE,0,5,,
magmagolemexarchkilltask,Aelrynth,,,Magma Golem Exarch Kill Task,,TRUE,72000,-1,,
magnificentbraceletpickuptimer,Aelrynth,,,Pick up Magnificent Bracelet Wait timer,,TRUE,72000,-1,,
magshuthmoarsmenkillcount,Aelrynth,,,Magshuth Moarsmen Kill Counter,,TRUE,0,20,,
magshuthmoarsmenkilltask,Aelrynth,,,Magshuth Moarsmen Kill Task,,TRUE,72000,-1,,
manapickup,Aelrynth,,,Player has picked up an Academy mana potion,,TRUE,0,15,,
maraefinalreward,Aelrynth,,,Give Aun Hareltah HeadOlthoiQueen,,TRUE,72000,-1,set by Aun Hareltah,
marauderlaircomplete,Aelrynth,,,Marauder Lair Complete,,FALSE,0,1,set by Grand Mother,
maraudersjaw,Aelrynth,,,Marauder's Lair Quest,,TRUE,72000,-1,,
marcustalkweek1,Aelrynth,,,quest timer,,FALSE,0,1,set by Marcus Manfried,
marcuswarned,Aelrynth,,,quest timer,,FALSE,0,1,set by Marcus Manfried,
markoftheoverlord_pickup,Aelrynth,,,Picked up Mark of the Overlord,,TRUE,72000,-1,checked by Lieutenant Rothe,
marriagecompleted,Aelrynth,,,Player has been married,,TRUE,72000,-1,"set by Grand Sentinel Ehcac, Grand Sentinel Muroba, Grand Sentinel Tretia",
marriagesymbolfriendship,Aelrynth,,,Player has picked up the Symbol of Friendship,,TRUE,72000,-1,,
marriagesymbolhonor,Aelrynth,,,Player has picked up the Symbol of Honor,,TRUE,72000,-1,,
marriagesymbollove,Aelrynth,,,Player has picked up the Symbol of Love,,TRUE,72000,-1,,
martinaidcomplete,Aelrynth,,,Players have made their choice about helping Martine.,,FALSE,0,1,set by Martine,
martinemask,Aelrynth,,,Player has picked up the Mask.,,TRUE,72000,-1,,
martinerobe,Aelrynth,,,Player has picked up the Robe.,,TRUE,72000,-1,,
maruuninformer1,Aelrynth,,,quest timer,,FALSE,0,1,"set by Jean, Luc",
maruuninformer2,Aelrynth,,,quest timer,,FALSE,0,1,"set by Jean, Luc",
maruuninformer3,Aelrynth,,,quest timer,,FALSE,0,1,"set by Jean, Luc",
maruunscrappickup,Aelrynth,,,quest timer,,TRUE,72000,-1,,
maruunstarted,Aelrynth,,,quest timer,,FALSE,0,1,set by Resonant Portal,
maruuntimeout,Aelrynth,,,quest timer,,TRUE,72000,-1,"set by Marcus Manfried, Wren the Curious",
maruunvirindiconfronted,Aelrynth,,,quest timer,,FALSE,0,1,"set by Jean, Luc",
maruunweek1done,Aelrynth,,,quest timer,,FALSE,0,1,"set by Marcus Manfried, Wren the Curious",
maruunweek2done,Aelrynth,,,quest timer,,FALSE,0,1,set by Marcus Manfried,
maruunweek3done,Aelrynth,,,quest timer,,FALSE,0,1,set by Marcus Manfried,
maruunweek4done,Aelrynth,,,quest timer,,FALSE,0,1,set by Marcus Manfried,
maskdirectoroct01,Aelrynth,,,Obsidian Director Mask,,TRUE,72000,-1,,
masknoir1,Aelrynth,,,You're wearing the bandit mask.,,FALSE,0,1,set by Bandit Mask,
masknoir1pickup,Aelrynth,,,You've picked up the bandit mask.,,TRUE,72000,-1,,
maskofblackwater_pickup,Aelrynth,,,Player has picked up the Mask of the Watcher of Black Water.,,TRUE,72000,-1,,
mastersealturnedin,Aelrynth,,,Gave Rytheran's Master Seal to Master's Sentinel,,FALSE,0,1,set by Master's Sentinel,
mastersmessageshardpickuptimer,Aelrynth,,,Player has picked up Excavation Masters Message Shard,,TRUE,72000,-1,,
mastersvoicecomplete0710,Aelrynth,,,Completed His Master's Voice - Handed Tomb Rubble to Ssavashka the Devoted,,FALSE,0,1,set by Ssavashka the Devoted,
mastersvoicecontractcomplete,Aelrynth,,,Contract Completed for His Master's Voice quest,,FALSE,0,1,,
mastersvoicerubbleacquired,Aelrynth,,,His Master's Voice Tomb Rubble Acquired,,TRUE,72000,-1,set by Tomb Rubble,
mastersvoicestarted_0511,Aelrynth,,,Flagging for start of quest,,FALSE,0,1,set by Ssavashka the Devoted,
mawpickedup,Aelrynth,,,Pickup timer for Bloodmouth Maw,,TRUE,72000,-1,,
maygetsword,Aelrynth,,,Player may pick up sword,,TRUE,72000,-1,set by Mage Syltyn Rillon,
mayoimoarsmencomplete_0508,Aelrynth,,,Player has completed the Mayoi portion of Moarsmen on the Shores,,TRUE,72000,-1,set by Guard Taizo,
mehirresearchcomplete0310,Aelrynth,,,Menhir Research Timer of 20 Hours,,TRUE,72000,-1,set by Cara the Apprentice,
meleemasterychange,Aelrynth,,,Changed Melee Mastery.,,FALSE,0,1,,
memorygamedroppedaxe,Aelrynth,,,You've dropped the memory game axe.,,TRUE,72000,-1,set by Axe,
memorygamedroppedmace,Aelrynth,,,You've dropped the memory game mace.,,TRUE,72000,-1,set by Mace,
memorygamedroppedspear,Aelrynth,,,You've dropped the memory game spear.,,TRUE,72000,-1,set by Spear,
memorygamedroppedsword,Aelrynth,,,You've dropped the memory game sword.,,TRUE,72000,-1,set by Sword,
memorygamepickedupaxe,Aelrynth,,,You've dropped the memory game axe.,,TRUE,180,-1,,
memorygamepickedupmace,Aelrynth,,,You've dropped the memory game mace.,,TRUE,180,-1,,
memorygamepickedupspear,Aelrynth,,,You've dropped the memory game spear.,,TRUE,180,-1,,
memorygamepickedupsword,Aelrynth,,,You've dropped the memory game sword.,,TRUE,180,-1,,
memorygamereceivedinstructions,Aelrynth,,,You've received the memory game instructions.,,TRUE,72000,-1,set by Statue,
menacetsnote,Aelrynth,,,Writ Nov Quest 2,,TRUE,72000,-1,checked by Arcanum Envoy,
menhirresearchnpccounter,Aelrynth,,,Menhir Research Ring Counter,,TRUE,0,20,"set by Cara the Apprentice, Menhir Ring Eight, Menhir Ring Eighteen and 18 more",
menhirresearchringscomplete,Aelrynth,,,Menhir Research Rings Complete Bitfield,,TRUE,0,1048575,,
menhirrubbleapickup,Aelrynth,,,Player has picked up MenhirRubbleA_xp and cannot pick it up again for one day,,TRUE,72000,-1,,
menhirrubblebpickup,Aelrynth,,,Player has picked up MenhirRubbleB_xp and cannot pick it up again for one day,,TRUE,72000,-1,,
menhirrubblecpickup,Aelrynth,,,Player has picked up MenhirRubbleC_xp and cannot pick it up again for one day,,TRUE,72000,-1,,
menhirrubbledpickup,Aelrynth,,,Player has picked up MenhirRubbleD_xp and cannot pick it up again for one day,,TRUE,72000,-1,,
menhirrubbleepickup,Aelrynth,,,Player has picked up MenhirRubbleE_xp and cannot pick it up again for one day,,TRUE,72000,-1,,
messengerscollar_pickup,Aelrynth,,,Player has picked up the Messengers Collar,,TRUE,72000,-1,,
messengerscollar_repeat,Aelrynth,,,Player has completed Messengers Collar quest at least once.,,FALSE,0,1,set by Fanzen San the Translator,
mfcritterkilled,Aelrynth,,,Counter for Monster Fights,,TRUE,0,7,set by Monster Fights Controller,
mgheasycompleted,Aelrynth,,,Monthly Game Hunter Kill Task wait timer.,,TRUE,72000,-1,"set by Rand, Game Hunter",
mghextremecompleted,Aelrynth,,,Monthly Game Hunter Kill Task wait timer.,,TRUE,72000,-1,"set by Rand, Game Hunter",
mghhardcompleted,Aelrynth,,,Monthly Game Hunter Kill Task wait timer.,,TRUE,72000,-1,"set by Rand, Game Hunter",
mghmoderatecompleted,Aelrynth,,,Monthly Game Hunter Kill Task wait timer.,,TRUE,72000,-1,"set by Rand, Game Hunter",
mghveryhardcompleted,Aelrynth,,,Monthly Game Hunter Kill Task wait timer.,,TRUE,72000,-1,"set by Rand, Game Hunter",
mhoirebrand1,Aelrynth,,,quest timer,,FALSE,0,1,set by Guardian Statue,
mhoirebrand1pickup,Aelrynth,,,quest timer,,TRUE,72000,-1,,
mhoirebrand2,Aelrynth,,,quest timer,,FALSE,0,1,set by Guardian Statue,
mhoirebrand2pickup,Aelrynth,,,quest timer,,TRUE,72000,-1,,
mhoirebrand3,Aelrynth,,,quest timer,,FALSE,0,1,set by Guardian Statue,
mhoirebrand3pickup,Aelrynth,,,quest timer,,TRUE,72000,-1,,
mhoirecastleflagcounter,Aelrynth,,,quest timer,,TRUE,0,3,set by Guardian Statue,
mhoirecastleflagstarted,Aelrynth,,,quest timer,,FALSE,0,1,set by Ancient Stones,
mhoirecastleflagwait,Aelrynth,,,quest timer,,TRUE,72000,-1,set by Guardian Statue,
mhoirecastlegotaccess,Aelrynth,,,quest timer,,FALSE,0,1,set by Guardian Statue,
mhoiregreathall,Aelrynth,,,Flagged for using the Mhoire Great Hall portal,,FALSE,0,1,set by Shade of Antemy,
mhoirenwcounter,Aelrynth,,,quest timer,,TRUE,0,4,"set by Guardian of Air, Guardian of Earth, Guardian of Fire and 2 more",
mhoirenwe1,Aelrynth,,,quest timer,,FALSE,0,1,set by Guardian of Mhoire,
mhoirenwe2,Aelrynth,,,quest timer,,FALSE,0,1,set by Guardian of Mhoire,
mhoirenwe3,Aelrynth,,,quest timer,,FALSE,0,1,set by Guardian of Mhoire,
mhoirenwe4,Aelrynth,,,quest timer,,FALSE,0,1,set by Guardian of Mhoire,
mhoirenwfail,Aelrynth,,,quest timer,,FALSE,0,1,"set by Guardian of Air, Guardian of Earth, Guardian of Fire and 1 more",
mhoirenwn1,Aelrynth,,,quest timer,,FALSE,0,1,set by Guardian of Mhoire,
mhoirenwn2,Aelrynth,,,quest timer,,FALSE,0,1,set by Guardian of Mhoire,
mhoirenwn3,Aelrynth,,,quest timer,,FALSE,0,1,set by Guardian of Mhoire,
mhoirenwn4,Aelrynth,,,quest timer,,FALSE,0,1,set by Guardian of Mhoire,
mhoirenwpass,Aelrynth,,,quest timer,,FALSE,0,1,"set by Guardian of Air, Guardian of Earth, Guardian of Fire and 1 more",
mhoirenwportalflag,Aelrynth,,,Mhoire NW portal flagging,,FALSE,0,1,"set by Guardian of Air, Guardian of Earth, Guardian of Fire and 1 more",
mhoirenws1,Aelrynth,,,quest timer,,FALSE,0,1,set by Guardian of Mhoire,
mhoirenws2,Aelrynth,,,quest timer,,FALSE,0,1,set by Guardian of Mhoire,
mhoirenws3,Aelrynth,,,quest timer,,FALSE,0,1,set by Guardian of Mhoire,
mhoirenws4,Aelrynth,,,quest timer,,FALSE,0,1,set by Guardian of Mhoire,
mhoirenww1,Aelrynth,,,quest timer,,FALSE,0,1,set by Guardian of Mhoire,
mhoirenww2,Aelrynth,,,quest timer,,FALSE,0,1,set by Guardian of Mhoire,
mhoirenww3,Aelrynth,,,quest timer,,FALSE,0,1,set by Guardian of Mhoire,
mhoirenww4,Aelrynth,,,quest timer,,FALSE,0,1,set by Guardian of Mhoire,
mhoiresegotsword,Aelrynth,,,quest timer,,FALSE,0,1,set by Guardian of Mhoire,
mhoiresepass,Aelrynth,,,quest timer,,FALSE,0,1,set by Guardian of Mhoire,
mhoireseportalflag,Aelrynth,,,Mhoire SE portal flagging,,FALSE,0,1,set by Guardian of Mhoire,
mhoiresignetringswait,Aelrynth,,,quest timer,,TRUE,72000,-1,set by Shade of Ormend,
mhoireswcounter,Aelrynth,,,quest timer,,TRUE,0,8,"set by Flames of Charity, Flames of Courage, Flames of Honesty and 5 more",
mhoireswpass,Aelrynth,,,quest timer,,FALSE,0,1,set by Guardian of Mhoire,
mhoireswportalflag,Aelrynth,,,Mhoire SW portal flagging,,FALSE,0,1,set by Guardian of Mhoire,
mhoiretrialscomplete,Aelrynth,,,quest timer,,FALSE,0,1,set by Shade of Antemy,
midnestkiller,Aelrynth,,,Player assisted in killing a newbie nest.,,FALSE,0,1,,
minnowcounter,Aelrynth,,,Number of Minnows turned in.,,TRUE,0,600,set by Fishing Hole,
minorstonewrit,Aelrynth,,,Player turned in a minor atlan stone to an Agent of the Arcanum,,FALSE,0,1,"set by Agent Dravos, Agent of the Arcanum",
mirrorshardpickup,Aelrynth,,,quest timer,,TRUE,72000,-1,,
miserysplinterpickup,Aelrynth,,,quest timer,,TRUE,72000,-1,,
mixingbasina,Aelrynth,,,quest timer,,FALSE,0,1,set by Mixing Basin,
mixingbasinb,Aelrynth,,,quest timer,,FALSE,0,1,set by Mixing Basin,
mixingbasinc,Aelrynth,,,quest timer,,FALSE,0,1,set by Mixing Basin,
mixingbasind,Aelrynth,,,quest timer,,FALSE,0,1,set by Mixing Basin,
moarsmenjailbreak,Aelrynth,,,Moarsmen Jailbreak,,TRUE,72000,-1,,
moguthmoarsmankillcount,Aelrynth,,,Moguth Moarsman Kill Counter,,TRUE,0,60,,
moguthmoarsmankilltask,Aelrynth,,,Moguth Moarsman Kill Task,,TRUE,72000,-1,,
mollycounter,Aelrynth,,,Number of Minnows turned in.,,TRUE,0,100,set by Fishing Hole,
monougaexperimentlogpickuptimer,Aelrynth,,,Pickup timer for Monouga Experiment Log,,TRUE,72000,-1,,
monsterfightwins,Aelrynth,,,Counter for how many wins in monster fights player has,,TRUE,0,10,set by Monster Fight Bookie,
monthlyquestbiweeklyone0710,Aelrynth,,,Player has completed the Biweekly Monthly Explorer Society Quest.,,TRUE,518400,-1,set by Esmond Fielding,
monthlyquestmonthlyone0710,Aelrynth,,,Player has completed the Monthly Monthly Explorer Society Quest.,,TRUE,518400,-1,set by Ansar El-Kerdany,
monthlyquestweeklyone0710,Aelrynth,,,Player has completed the Weekly Monthly Explorer Society Quest.,,TRUE,518400,-1,set by Niccolo De Luca,
morgluukkiller,Aelrynth,,,You were one of the first people to kill Morgluuk.,,FALSE,0,1,"set by Alec, Aun Faranua, Captain K'rank and 2 more",
morningstatuepickup,Aelrynth,,,Player has picked up this weapons and cannot pick up another one for 1 day,,TRUE,72000,-1,,
mosswartexoduscloth,Aelrynth,,,You found the loincloth of the first Mire Witch.,,TRUE,72000,-1,,
mosswartexoduseye,Aelrynth,,,You found the eye of Drageerg.,,TRUE,72000,-1,,
mosswartexodushand,Aelrynth,,,You found the Hand of Vagurat.,,TRUE,72000,-1,,
mosswartexodusnecklace,Aelrynth,,,You found the Necklace of Leerargh.,,TRUE,72000,-1,,
mosswartexodusnecklacekey,Aelrynth,,,You found the key to open the necklace chest.,,TRUE,72000,-1,,
mosswartexodusspear,Aelrynth,,,You found the Spear of Kreerg.,,TRUE,72000,-1,,
mosswartexodusspearkey,Aelrynth,,,You found the Mosswart Chest Key.,,TRUE,72000,-1,,
mosswartexoduswarpaint,Aelrynth,,,You found the war paint used by the swamp lords.,,TRUE,72000,-1,,
mosswartidolitem,Aelrynth,,,You have picked up the Mosswart Item Enchantment teaching idol.,,TRUE,72000,-1,set by Mosswart Enchantment Idol,
mosswarttornshroud,Aelrynth,,,Torn Mosswart Shroud,,TRUE,72000,-1,,
mosswarttownsfolkkillcount,Aelrynth,,,Mosswart Townsfolk Kill Counter,,TRUE,0,40,,
mosswarttownsfolkkilltask,Aelrynth,,,Mosswart Townsfolk Kill Task,,TRUE,72000,-1,,
mosswartworshipperkillcount,Aelrynth,,,Mosswart Worshipper Kill Counter,,TRUE,0,175,set by Orfeo Orlando,
mosswartworshipperkilltask,Aelrynth,,,Mosswart Worshipper Kill Task,,TRUE,72000,-1,set by Orfeo Orlando,
mossyherb,Aelrynth,,,Allowed to pickup Mossy Herb,,FALSE,0,1,set by Gonjoku Den,
mottledcarenzikillcount,Aelrynth,,,Mottled Carenzi Kill Counter,,TRUE,0,50,set by Grania the Bold,
mottledcarenzikilltask,Aelrynth,,,Mottled Carenzi Kill Task,,TRUE,72000,-1,set by Grania the Bold,
moufreward,Aelrynth,,,Received Mouf Reward,,TRUE,72000,-1,set by Mouf,
mowenfighter,Aelrynth,,,TBD,,FALSE,0,1,set by Throne of the Tusker King,
mowenwait,Aelrynth,,,TBD,,TRUE,72000,-1,"set by Oolutanga, the Tusker King",
mowenwinner,Aelrynth,,,TBD,,FALSE,0,1,set by Mowen Udaun,
muckymoarsmankillcount,Aelrynth,,,Mucky Moarsman Kill Counter,,TRUE,0,50,set by Algar Oreksun,
muckymoarsmankilltask,Aelrynth,,,Mucky Moarsman Kill Task,,TRUE,72000,-1,set by Algar Oreksun,
muddaveusinsigniabadge,Aelrynth,,,Hunt for Muldaveus Insignia Badge,,TRUE,72000,-1,,
mudgolemsludgelordkillcount,Aelrynth,,,Mud Golem Sludge Lord Kill Counter,,TRUE,0,5,,
mudgolemsludgelordkilltask,Aelrynth,,,Mud Golem Sludge Lord Kill Task,,TRUE,72000,-1,,
mugoswaldgiven,Aelrynth,,,Gave Celcynd his mug,,TRUE,72000,-1,set by Celcynd the Dour,
mugoswaldtaken,Aelrynth,,,Took the mug,,TRUE,72000,-1,,
mukkiraspectofgraelquest_wait,Aelrynth,,,Player has completed Mukkir Aspect of Grael Quest,,TRUE,72000,-1,set by Varetha,
mukkirinfestedblackspeartemple_start,Aelrynth,,,Player has access to Mukkir Infested Black Spear Temple,,FALSE,0,1,set by Varetha,
muldaveustornpage1,Aelrynth,,,Hunt for Muldaveus Torn Journal Page 1,,TRUE,72000,-1,,
muldaveustornpage2,Aelrynth,,,Hunt for Muldaveus Torn Journal Page 2,,TRUE,72000,-1,,
muldaveustornpage3,Aelrynth,,,Hunt for Muldaveus Torn Journal Page 3,,TRUE,72000,-1,,
muldaveustornpage4,Aelrynth,,,Hunt for Muldaveus Torn Journal Page 4,,TRUE,72000,-1,,
mumiyahdaggercollectionstart,Aelrynth,,,mumiyah sacrificial dagger collection start,,FALSE,0,1,,
mumiyahdaggercollectionwait,Aelrynth,,,mumiyah sacrificial dagger collection wait,,TRUE,72000,-1,,
mumiyahhuntingneftet,Aelrynth,,,Mumiyah Hunting Neftet,,TRUE,72000,-1,,
mumufirstspeak,Aelrynth,,,TBD,,FALSE,0,1,,
mumuright,Aelrynth,,,Correct answer on Mu Mu,,FALSE,0,1,set by Mu Mu,
mutilatedfeather_pickup,Aelrynth,,,Pickup timer on Mutilated Turkey Feather.,,TRUE,72000,-1,,
mysticalmugflag,Aelrynth,,,Player stamp for Mystical Mug use,,FALSE,0,1,set by Ulgrim the Unpleasant,
nanjoustockadefinished_1012,Aelrynth,,,quest timer,,TRUE,72000,-1,set by Shorikan,
nanjoustockadekeypickup,Aelrynth,,,quest timer,,TRUE,72000,-1,,
nanjoustockadestarted_1012,Aelrynth,,,quest timer,,FALSE,0,1,set by Shorikan,
nanjoustockadeswordpickup,Aelrynth,,,quest timer,,TRUE,72000,-1,,
nantotownquest,Aelrynth,,,Nanto Town Quest,,TRUE,72000,-1,,
nantowaterbottlequest,Aelrynth,,,Nanto Water Bottle Quest,,TRUE,518400,-1,,
naughtyskeletonkillcount,Aelrynth,,,Naughty Skeleton Kill Counter,,TRUE,0,100,set by Taku Yukio,
naughtyskeletonkilltask,Aelrynth,,,Naughty Skeleton Kill Task,,TRUE,72000,-1,set by Taku Yukio,
necklaceoftheelementscomplete,Aelrynth,,,Necklace of the Elemental Adepts quest completed,,TRUE,72000,-1,set by Royal Guard Qumasha,
necklaceoftheelementsstarted,Aelrynth,,,Necklace Of The Elements quest started,,FALSE,0,1,set by Royal Guard Qumasha,
neftetdevicecrystalturninwait,Aelrynth,,,Neftet Mumiyah Device Crystals Turned in,,TRUE,72000,-1,set by Mu-miyah Device,
neftetfreehatsheput,Aelrynth,,,Free Hatsheput,,FALSE,0,1,set by Mu-miyah Device,
neftetfreehatsheputwait,Aelrynth,,,Neftet Free Hatsheput Wait,,TRUE,72000,-1,set by Hatshepsut,
neftetgrandvizierdead,Aelrynth,,,Neftet Temple Grand Vizier Killed,,FALSE,0,1,set by Drids Doorman Vizier Spawner,
neftettempleflagcomplete,Aelrynth,,,Neftet Temple Entrance Flag,,TRUE,72000,-1,set by Mu-miyah Device,
neftettempleladydead,Aelrynth,,,Neftet Temple Lady Killed,,FALSE,0,1,set by Drids Doorman Lady Spawner,
neftettemplezoneatotaldead,Aelrynth,,,Neftet Temple Zone A Kills,,TRUE,0,41,set by Drids Lower Doorman,
newbienestkiller,Aelrynth,,,Player assisted in killing a newbie nest.,,FALSE,0,1,,
newbiequeststampalarqas,Aelrynth,,,Al-Arqas Stamp Quest,,TRUE,72000,-1,,
newbiequeststampholtburg,Aelrynth,,,Holtburg Stamp Quest,,TRUE,72000,-1,,
newbiequeststamplytelthorpe,Aelrynth,,,Lytelthorpe Stamp Quest,,TRUE,72000,-1,,
newbiequeststampnanto,Aelrynth,,,Nanto Stamp Quest,,TRUE,72000,-1,,
newbiequeststamprithwic,Aelrynth,,,Rithwic Stamp Quest,,TRUE,72000,-1,,
newbiequeststampsamsur,Aelrynth,,,Samsur Stamp Quest,,TRUE,72000,-1,,
newbiequeststampshoushi,Aelrynth,,,Shoushi Stamp Quest,,TRUE,72000,-1,,
newbiequeststampyanshi,Aelrynth,,,Yanshi Stamp Quest,,TRUE,72000,-1,,
newbiequeststampyaraq,Aelrynth,,,Yaraq Stamp Quest,,TRUE,72000,-1,,
nexuscrawlcompleted0509,Aelrynth,,,Nexus Crawl Quest Wait Timer,,TRUE,72000,-1,set by Ned the Clever,
nexuscrawlresonatorturnin0509,Aelrynth,,,Player handed in Aetheric Resonator,,FALSE,0,1,set by Apostate Aetherium Deposit,
nexuscrawlstarted0509,Aelrynth,,,Player has started Nexus Crawl quest,,FALSE,0,1,set by Ned the Clever,
neydisatranscription,Aelrynth,,,Neydisa Frore Transcription,,TRUE,72000,-1,,
niffsnitchgive,Aelrynth,,,Counterfeit Writ Quest Arcanum Turn in,,TRUE,72000,-1,"set by Agent Dravos, Agent of the Arcanum",
niffsnitchuse,Aelrynth,,,Counterfeit Writ Quest Arcanum Turn in,,TRUE,72000,-1,"set by Agent Dravos, Agent of the Arcanum",
nightclubentrance1204,Aelrynth,,,Player has received permission to enter the Night Club duneon! Created for the December 2004 revision.,,FALSE,0,1,,
nightclubticket,Aelrynth,Night Club Ticket Picked up,,Night Club Ticket Picked up,,TRUE,3600,-1,,
nightmaregateflagged,Aelrynth,,,Flagged to Enter Nightmare Gate Dungeon,,TRUE,1987200,-1,set by Nightmare Gate,
ninjaacademyfinished_0812,Aelrynth,,,quest timer,,TRUE,72000,-1,set by Darviss,
ninjaacademykeypickup,Aelrynth,,,quest timer,,TRUE,72000,-1,,
ninjaacademystarted_0812,Aelrynth,,,quest timer,,FALSE,0,1,set by Darviss,
ninjaacademyswordpickup,Aelrynth,,,quest timer,,TRUE,72000,-1,,
nobleremainskillcount,Aelrynth,,,Noble Remains Kill Counter,,TRUE,0,10,,
nobleremainskilltask,Aelrynth,,,Noble Remains Kill Task,,TRUE,72000,-1,,
nodegolemturnins,Aelrynth,,,Player handed in Blighted Mana Crystal To Node Golem,,TRUE,0,-1,"set by A'mun Node Golem, Aerlinthe Node Golem, Esper Node Golem and 3 more",
nodegolemwait,Aelrynth,,,Players wait time to receive rewards for Tainted Ley Line Nodes,,TRUE,72000,-1,"set by A'mun Node Golem, Aerlinthe Node Golem, Esper Node Golem and 3 more",
nodeleechsmedallion_pickup,Aelrynth,,,Player has picked up Node Leechs Medallion,,TRUE,72000,-1,,
northernpedestalshard_pickup,Aelrynth,Player has picked up the Shard of the Northern Pedestal.,,Player has picked up the Shard of the Northern Pedestal.,Player has picked up the Shard of the Northern Pedestal.,TRUE,72000,-1,,
northernresonatingcrystalflag,Aelrynth,,,Player has turned in the Northern Resonator,,FALSE,0,1,set by Northern Resonating Crystal,
northernshroudcabalcomplete_0511,Aelrynth,,,Player has completed Northern Shroud Cabal,,TRUE,72000,-1,set by Nomendar al-Rakh,
northerntumerokinsignia,Aelrynth,Northern Tumerok Insignia,,Northern Tumerok Insignia,Northern Tumerok Insignia,TRUE,72000,-1,,
northinfiltratorshardpickup,Aelrynth,,,Northern Infiltrator Message Shard pickup timer,,TRUE,72000,-1,,
noteburunhistory1,Aelrynth,,,You have learned a little about Burun History.,,TRUE,72000,-1,,
noteburunhistory10,Aelrynth,,,You have learned a little about Burun History.,,TRUE,72000,-1,,
noteburunhistory2,Aelrynth,,,You have learned a little about Burun History.,,TRUE,72000,-1,,
noteburunhistory3,Aelrynth,,,You have learned a little about Burun History.,,TRUE,72000,-1,,
noteburunhistory4,Aelrynth,,,You have learned a little about Burun History.,,TRUE,72000,-1,,
noteburunhistory5,Aelrynth,,,You have learned a little about Burun History.,,TRUE,72000,-1,,
noteburunhistory6,Aelrynth,,,You have learned a little about Burun History.,,TRUE,72000,-1,,
noteburunhistory7,Aelrynth,,,You have learned a little about Burun History.,,TRUE,72000,-1,,
noteburunhistory8,Aelrynth,,,You have learned a little about Burun History.,,TRUE,72000,-1,,
noteburunhistory9,Aelrynth,,,You have learned a little about Burun History.,,TRUE,72000,-1,,
notedrudgescrawledpickup,Aelrynth,,,Yaraq Akyafi Quest,,TRUE,72000,-1,,
notedukeenricoacquired0905,Aelrynth,,,Pickup timer for To My Dear Uncle,,TRUE,72000,-1,set by Enrico di Bellenesse,
notefromaunbernawa,Aelrynth,,,Note from Aun Bernawa to Hea Toneawa,,TRUE,72000,-1,set by Aun Bernawa,
notemarionapickup,Aelrynth,,,Hea Toneawa and Aun Mariona quest You can only pickup up NoteMariona once a day.,,TRUE,72000,-1,,
notenuhmudiralabyrinth1pickup,Aelrynth,,,This quest flag is obsolete.,,TRUE,72000,-1,,
notenuhmudiralabyrinth2pickup,Aelrynth,,,This quest flag is obsolete.,,TRUE,72000,-1,,
notenuhmudiralabyrinth3pickup,Aelrynth,,,This quest flag is obsolete.,,TRUE,72000,-1,,
notenuhmudiralabyrinth4pickup,Aelrynth,,,This quest flag is obsolete.,,TRUE,72000,-1,,
notenuhmudiralabyrinth5pickup,Aelrynth,,,This quest flag is obsolete.,,TRUE,72000,-1,,
notenuhmudiralabyrinth6pickup,Aelrynth,,,This quest flag is obsolete.,,TRUE,72000,-1,,
notenuhmudiralabyrinth7pickup,Aelrynth,,,This quest flag is obsolete.,,TRUE,72000,-1,,
notenuhmudiralabyrinth8pickup,Aelrynth,,,This quest flag is obsolete.,,TRUE,72000,-1,,
noteregicideholtburgpickup,Aelrynth,,,Player has picked up the Cryptic Note,,TRUE,72000,-1,"checked by Reformed Bandit, Sir Rylanan",
novquest1,Aelrynth,,,Novemeber Quest 1,,TRUE,72000,-1,,
novquest2,Aelrynth,,,Novemeber Quest 2,,FALSE,0,1,,
novquest3,Aelrynth,,,Novemeber Quest 3,,TRUE,72000,-1,,
novquest4,Aelrynth,,,Novemeber Quest 4,,TRUE,72000,-1,,
novquest5,Aelrynth,,,Novemeber Quest 5,,TRUE,72000,-1,,
novquest6,Aelrynth,,,Novemeber Quest 6,,FALSE,0,1,,
npcbackpackkiviklir,Aelrynth,,,You've gotten the journal from the backpack.,,TRUE,72000,-1,set by Backpack,
nuhmudiratokenquestcomplete,Aelrynth,,,Nuhmudiras Token,,FALSE,0,1,"set by Agent Dravos, Agent of the Arcanum",
nullifiedsarcophagus,Aelrynth,Frest Greelving's Haunted Mansion,https://acportalstorm.com/wiki/Frest_Greelving's_Haunted_Mansion,Player defeated the Sarcophagus. See Frest Greelving; Dark Sarcophagus.,Player defeated the Sarcophagus,TRUE,72000,-1,set by Dark Sarcophagus,
numberpuzzlecompleted,Aelrynth,,,You've compleated the Clutch of Kings number puzzle.,,TRUE,72000,-1,"set by 29, 5, 55",
nurinopart1done,Aelrynth,,,quest timer,,FALSE,0,1,set by Nurino,
nurinopart1start,Aelrynth,,,quest timer,,FALSE,0,1,set by Nurino,
nurinopart2done,Aelrynth,,,quest timer,,FALSE,0,1,set by Nurino,
nurinopart2start,Aelrynth,,,quest timer,,TRUE,72000,-1,set by Nurino,
nurinopart3done,Aelrynth,,,quest timer,,TRUE,72000,-1,set by Nurino,
nurinopart3start,Aelrynth,,,quest timer,,TRUE,72000,-1,set by Nurino,
nutboltgrievver,Aelrynth,,,Player has picked up a Griever nuts and bolts and cannot pick up another for 1 day.,,TRUE,72000,-1,,
nutboltgrievvergiven,Aelrynth,,,Player has given this spring and cannot give another for one day.,,TRUE,72000,-1,set by Arcanum Researcher,
nutboltshadow,Aelrynth,,,Player has picked up a Shadow nuts and bolts and cannot pick up another for 1 day.,,TRUE,72000,-1,,
nutboltshadowgiven,Aelrynth,,,Player has given this spring and cannot give another for one day.,,TRUE,72000,-1,set by Arcanum Researcher,
nutboltvirindi,Aelrynth,,,Player has picked up a Virindi nuts and bolts and cannot pick up another for 1 day.,,TRUE,72000,-1,,
nutboltvirindigiven,Aelrynth,,,Player has given this spring and cannot give another for one day.,,TRUE,72000,-1,set by Arcanum Researcher,
nyrlehamoarsmankillcount,Aelrynth,,,Nyr'leha Moarsman Kill Counter,,TRUE,0,20,,
nyrlehamoarsmankilltask,Aelrynth,,,Nyr'leha Moarsman Kill Task,,TRUE,72000,-1,,
nyrlehasclavuskillcount,Aelrynth,,,Nyr'leha Sclavus Kill Counter,,TRUE,0,20,,
nyrlehasclavuskilltask,Aelrynth,,,Nyr'leha Sclavus Kill Task,,TRUE,72000,-1,,
occultusringtimer,Aelrynth,,,Collegium Occultus Ring pickup timer,,TRUE,72000,-1,set by Roderick,
offerburunpickedup,Aelrynth,,,You have picked up the Renegade's offer to the Burun.,,TRUE,72000,-1,,
offeringxikminru,Aelrynth,,,Pickup timer for Xik Minru Temple Offerings,,TRUE,72000,-1,,
oftrustbetrayalcomplete_0511,Aelrynth,,,Contract Repeat Timer for Of Trust And Betrayal,,TRUE,72000,-1,set by Jedeth Eckhart,
oilgiven,Aelrynth,,,Blacksmith gave the Oil,,FALSE,0,1,set by Academy Blacksmith,
oldmanmountainquest,Aelrynth,,,Old Man of the Mountain Quest,,TRUE,72000,-1,,
oldnectarpickup,Aelrynth,,,Old Nectar picked up from a Large Chest.,,TRUE,72000,-1,,
olthoidronekillcount,Aelrynth,,,Olthoi Drone Kill Counter,,TRUE,0,20,,
olthoidronekilltask,Aelrynth,,,Olthoi Drone Kill Task,,TRUE,72000,-1,,
olthoiexperimentlogpickuptimer,Aelrynth,,,Pickup timer for Olthoi Experiment Log,,TRUE,72000,-1,,
olthoihunting1,Aelrynth,,,Olthoi Hunting 1,,TRUE,72000,-1,checked by Behdo Yii,
olthoihunting2,Aelrynth,,,Olthoi Hunting 2,,TRUE,72000,-1,checked by Behdo Yii,
olthoihunting3,Aelrynth,,,Olthoi Hunting 3,,TRUE,72000,-1,checked by Behdo Yii,
olthoihunting4,Aelrynth,,,Olthoi Hunting 4,,TRUE,72000,-1,checked by Behdo Yii,
olthoihunting5,Aelrynth,,,Olthoi Hunting 5,,TRUE,72000,-1,checked by Behdo Yii,
olthoihunting6,Aelrynth,,,Olthoi Hunting 6,,TRUE,72000,-1,checked by Behdo Yii,
olthoihunting7,Aelrynth,,,Olthoi Hunting 7,,TRUE,72000,-1,checked by Behdo Yii,
olthoihunting8,Aelrynth,,,Olthoi Hunting 8,,TRUE,72000,-1,checked by Behdo Yii,
olthoijellyroyalderupickedup,Aelrynth,,,Player has picked up Royal Jelly for Deru Quest.,,FALSE,0,1,set by Pool of Goo,
olthoijellyroyalpickedup,Aelrynth,,,Player picked up OlthoiJellyRoyal.,,TRUE,72000,-1,set by Pool of Goo,
olthoinettlerkillcount,Aelrynth,,,Olthoi Nettler Kill Counter,,TRUE,0,10,,
olthoinettlerkilltask,Aelrynth,,,Olthoi Nettler Kill Task,,TRUE,72000,-1,,
olthoinymphkillcount,Aelrynth,,,Olthoi Nymph Kill Counter,,TRUE,0,20,,
olthoinymphkilltask,Aelrynth,,,Olthoi Nymph Kill Task,,TRUE,72000,-1,,
olthoiripperkillcount,Aelrynth,,,Olthoi Ripper Kill Counter,,TRUE,0,250,set by Marcello,
olthoiripperkilltask,Aelrynth,,,Olthoi Ripper Kill Task,,TRUE,72000,-1,set by Marcello,
olthoitokenexp,Aelrynth,,,Weekly Olthoi Token of the Experience turn-in,,TRUE,604800,-1,set by Mayor Trenlach,
olthoitokenkey,Aelrynth,,,Weekly Olthoi Token of the key turn-in,,TRUE,604800,-1,set by Mayor Trenlach,
olthoitokenlum,Aelrynth,,,Weekly Olthoi Token of Luminance turn-in,,TRUE,604800,-1,set by Mayor Trenlach,
olthoiveteransmedalturnin,Aelrynth,,,Player has turned in a Olthoi Veterans Medal to the Arcanum Mana-smith,,TRUE,1209600,-1,set by Arcanum Mana-smith,
onadepttest,Aelrynth,,,Player is taking Adept Test,,FALSE,0,1,"set by Aldrion of the Celestial Hand, Khadira of the Eldrytch Web, Shien Genda of the Radiant Blood",
onbrowerkquest,Aelrynth,,,You are on the Browerk Quest.,,TRUE,10800,-1,set by Watcher of the Dead,
oncowtipquest,Aelrynth,,,Player is on the Cow Tipping quest,,FALSE,0,1,set by Dwennon,
ongolemcoralviceroyslayerquest,Aelrynth,,,You are on the Mud Golem Sludge Lord Slayer Quest,,FALSE,0,1,set by Aun Aukherea,
ongolemglacialmargraveslayerquest,Aelrynth,,,You are on the Mud Golem Sludge Lord Slayer Quest,,FALSE,0,1,set by Aun Maerirea,
ongolemironkingpinslayerquest,Aelrynth,,,You are on the Mud Golem Sludge Lord Slayer Quest,,FALSE,0,1,set by Aun Tiulerea,
ongolemmagmaexarchslayerquest,Aelrynth,,,You are on the Mud Golem Sludge Lord Slayer Quest,,FALSE,0,1,set by Aun Autuorea,
ongolemmudsludgelordslayerquest,Aelrynth,,,You are on the Mud Golem Sludge Lord Slayer Quest,,FALSE,0,1,set by Aun Akuarea,
ongolemplatinumkingslayerquest,Aelrynth,,,You are on the Mud Golem Sludge Lord Slayer Quest,,FALSE,0,1,set by Aun Khekierea,
onjesterpart2,Aelrynth,,,quest timer,,FALSE,0,1,set by Jester's Prison Door,
onknighttest,Aelrynth,,,Player is taking Knight Test,,FALSE,0,1,"set by Francesca du Orza, Luciana du Maki, Viviana Fortiore",
onlordtest,Aelrynth,,,Player is taking Lord Test,,FALSE,0,1,"set by Gamri Nightshade, Istonia Charson, Philonius Porbandar",
onmastertest,Aelrynth,,,Player is taking Master Test,,FALSE,0,1,"set by Alicia Bladesworn, Brizinna du Corcosi, Hizuki Tama",
onquest,Aelrynth,,,Ruschk Challenger quest,,FALSE,0,1,set by Ruschk Challenger,
oracleluminancerewardsaccess_1110,Aelrynth,,,Flagged to earn Luminance,,FALSE,0,1,set by Nalicana,
oracleluminancerewardsqueststart_1110,Aelrynth,,,Kill Battle Lord Gregor and collect his Mnemosyne,,FALSE,0,1,set by Nalicana,
oracleportalentry,Aelrynth,,,Flagged to enter Frozen Tomb,,FALSE,0,1,set by Nalicana,
orangemonsterseed,Aelrynth,,,Orange Monster Seed counter,,TRUE,0,5,set by Drozer,
orbasteliary,Aelrynth,,,Asteliary Orb,,TRUE,72000,-1,,
orbenergycrystal,Aelrynth,,,Player has been given the new Energy Crystal,,TRUE,72000,-1,set by Representative of the Singularity,
orbhealingmachine,Aelrynth,,,Healing Machine Orb,,TRUE,72000,-1,,
orderscontactreceived,Aelrynth,,,You have taken the orders from the Renegade Fortress.,,FALSE,0,1,set by A Cluttered Table,
ordersforzrikux_pickup,Aelrynth,,,Player has picked up Orders for Zrikux,,TRUE,72000,-1,,
ordersmorgluukpickedup,Aelrynth,,,Picked up the orders from Morgluuk.,,TRUE,72000,-1,,
orderstorgluukpickedup,Aelrynth,,,Picked up the orders from Torgluuk.,,TRUE,72000,-1,,
ornatefalatacotmedallionpickuptimer,Aelrynth,,,Player has picked up Ornate Falatacot Medallion,,TRUE,72000,-1,,
ornatewritwait,Aelrynth,,,Cooldown for Ornate Armor Writ,,TRUE,2592000,-1,"set by Janaris bint Bazheer, Pak Li-Shung",
oswaldlair,Aelrynth,,,Gained access to Oswald's Lair,,TRUE,72000,-1,set by Chunk of Wood,
oswaldlogicwrong,Aelrynth,,,Failed the Logic Riddle,,FALSE,0,1,"set by Cao Cao, Mu Mu, Po Po and 1 more",
oswaldmanualacquired,Aelrynth,,,Acquired Seven Habits of Effective Adventurers,,FALSE,0,1,,
oswaldmanualcompleted,Aelrynth,,,PERMANENT - Chasing Oswald Quest,,FALSE,0,1,set by Huntsman of Silyun,
oswaldstep1,Aelrynth,,,Finished CSI 1,,TRUE,72000,-1,"set by Ulgrim the Unappreciated, Ulgrim the Unpleasant",
oswaldstep2,Aelrynth,,,Finished CSI 2,,TRUE,72000,-1,"set by Ro Bi-Jor, Apprentice Tailor",
oswaldstep3,Aelrynth,,,Finished CSI 3,,TRUE,72000,-1,set by Celcynd the Dour,
paidcomponentexchanger,Aelrynth,,,Player paid Component Exchanger.,,FALSE,0,1,set by Component Exchanger,
paidrareexchanger,Aelrynth,,,Player paid Rare Exchanger.,,FALSE,0,1,set by Rare Exchanger,
paidrespectstoantiusblackmoor,Aelrynth,,,Respects paid to Antius Blackmoor,,FALSE,0,1,set by Bier of Antius Blackmoor,
palenqualcompleted,Aelrynth,,,This stamp will alert Aun Imeitanua upon use that they have already spoken with him and exchanged their talisman for a weapon.,,TRUE,72000,-1,set by Aun Imeitanua,
palenqualhoeroagiven,Aelrynth,,,This stamp will alert Aun Imeitanua upon give that they have already spoken with him and should return the item.,,TRUE,72000,-1,set by Aun Imeitanua,
palenqualokanegiven,Aelrynth,,,This stamp will alert Aun Imeitanua upon give that they have already spoken with him and should return the item.,,TRUE,72000,-1,set by Aun Imeitanua,
palenqualtaiahagiven,Aelrynth,,,This stamp will alert Aun Imeitanua upon give that they have already spoken with him and should return the item.,,TRUE,72000,-1,set by Aun Imeitanua,
palenqualtewhategiven,Aelrynth,,,This stamp will alert Aun Imeitanua upon give that they have already spoken with him and should return the item.,,TRUE,72000,-1,set by Aun Imeitanua,
palenqualwaaikagiven,Aelrynth,,,This stamp will alert Aun Imeitanua upon give that they have already spoken with him and should return the item.,,TRUE,72000,-1,set by Aun Imeitanua,
pallidseainvasionkey_pickup,Aelrynth,,,Pickup timer for Pallid Sea Invasion Key,,TRUE,72000,-1,,
palliumobtained,Aelrynth,,,Aerfalle's Pallium,,TRUE,72000,-1,,
palmfortdefended1209,Aelrynth,,,Player wait time for Palm Fort.,,TRUE,72000,-1,set by Fort Commander,
palmfortsoldierdead,Aelrynth,,,NPC quest for counting Soldiers death.,,TRUE,0,5,set by Fort Commander,
paradoxcarapacepickup,Aelrynth,,,quest timer,,TRUE,72000,-1,checked by Ethan Wintermaine,
paradoxeggcount,Aelrynth,,,Player stamp for first egg turn in.,,FALSE,0,1,set by Adrien Swiftblade,
paradoxeggpickup,Aelrynth,,,quest timer,,TRUE,72000,-1,,
paradoxeggstarted,Aelrynth,,,Player has spoke to Adrien Swiftblade.,,FALSE,0,1,set by Adrien Swiftblade,
paradoxeggwait,Aelrynth,,,Player stamp for egg turn in cooldown.,,TRUE,72000,-1,set by Adrien Swiftblade,
paradoxgrubkilltask,Aelrynth,,,Paradox Grub Kill Task,,TRUE,0,50,set by Alicia Swiftblade,
paradoxgrubkilltaskwait,Aelrynth,,,Paradox Grub Kill Task,,TRUE,72000,-1,set by Alicia Swiftblade,
paradoxinfusedpotion_pickup,Aelrynth,,,Player has picked up Paradox infused Potion,,TRUE,72000,-1,,
paradoxnymphkilltask,Aelrynth,,,Paradox Nymph Kill Task,,TRUE,0,50,set by Tomihino,
paradoxnymphkilltaskwait,Aelrynth,,,Paradox Nymph Kill Task,,TRUE,72000,-1,set by Tomihino,
paradoxqueenheadpickup,Aelrynth,,,quest timer,,TRUE,72000,-1,,
paradoxqueenlair,Aelrynth,,,quest timer,,TRUE,72000,-1,,
paradoxqueenstarted,Aelrynth,,,quest timer,,FALSE,0,1,set by Ethan Wintermaine,
paradoxqueenwait,Aelrynth,,,quest timer,,TRUE,72000,-1,set by Ethan Wintermaine,
paradoxtouchedgrubkillcount,Aelrynth,,,Paradox-touched Grub Kill Counter,,TRUE,0,50,,
paradoxtouchedgrubkilltask,Aelrynth,,,Paradox-touched Grub Kill Task,,TRUE,72000,-1,,
paradoxtouchednymphkillcount,Aelrynth,,,Paradox-touched Nymph Kill Counter,,TRUE,0,50,,
paradoxtouchednymphkilltask,Aelrynth,,,Paradox-touched Nymph Kill Task,,TRUE,72000,-1,,
paragonstarted,Aelrynth,,,quest timer,,FALSE,0,1,set by Summercrown,
paragonweapons,Aelrynth,,,quest timer,,TRUE,0,51,set by Summercrown,
parfarrailfragment_pickup,Aelrynth,,,Player has picked up the Parfarrail Fragment,,TRUE,72000,-1,,
passwordvitriaka,Aelrynth,,,Have Vitriaka's password.,,TRUE,72000,-1,checked by Torch,
pathwardencomplete,Aelrynth,,,Visited the Pathwarden,,FALSE,0,1,"set by Pathwarden Koro Ijida, Pathwarden Qanara bint Qolosh, Pathwarden Thierra Molanti and 1 more",
pathwardenfound1111,Aelrynth,,,Player talked to pathwarden greeter,,FALSE,0,1,"set by Pathwarden Koro Ijida, Pathwarden Qanara bint Qolosh, Pathwarden Thierra Molanti and 1 more",
pauldronlugian,Aelrynth,,,Lugian Commander Trophy,,TRUE,72000,-1,,
pedestalhealingmachine,Aelrynth,,,Healing Machine Pedestal,,TRUE,72000,-1,,
pendantrenegade,Aelrynth,,,Player is wearing the PendantRenegade,,FALSE,0,1,set by Renegade Pendant,
perfectlyagedcoveciderquest,Aelrynth,,,Sea Temple Catacombs Quest,,TRUE,72000,-1,,
petdrudgecompleted_1111,Aelrynth,,,Completed Nen Ai's Pet Drudge,,TRUE,72000,-1,set by Nen Ai,
petgolemcastspellonowner,Aelrynth,,,Pet Golem cast spell on Pet Owner,,TRUE,30,-1,"set by Artisan Alchemist's Golem, Artisan Cook's Golem, Artisan Fletcher's Golem and 9 more",
petpenguinstart,Aelrynth,,,Started Pet Penguin Quest,,FALSE,0,1,set by Mr. P,
petpenguinwait,Aelrynth,,,Completed Pet Penguin Quest,,TRUE,2332800,-1,set by Mr. P,
petsave,Aelrynth,,,quest timer,,TRUE,0,7,,
petshopquestacquired,Aelrynth,,,Player is on Pet Shop Quest,,FALSE,0,1,set by Larinne Kerendova,
petshopquestcompleted,Aelrynth,,,Player has given all four letters to Larinne Kerendova and completed quest,,TRUE,72000,-1,set by Larinne Kerendova,
petshopquestcounter,Aelrynth,,,Pet Shop Quest Turnins,,TRUE,0,4,set by Larinne Kerendova,
pheraionssanctum_flag,Aelrynth,,,Access granted to Pheraions Sanctum,,FALSE,0,1,set by Hassim,
pheraionssanctumquest_start,Aelrynth,,,Player has started Pheraions Sanctum Quest,,FALSE,0,1,set by Hassim,
pheraionssanctumquest_wait,Aelrynth,,,Player has completed Pheraions Sanctum Quest,,TRUE,72000,-1,set by Hassim,
philterhizkritaken,Aelrynth,,,You've picked up the ancient philter. Now go collect the blood from the well of bloody tears.,,TRUE,300,-1,,
phyntoshivecomplete1109,Aelrynth,,,Collect Phyntos Hive Splinters,,TRUE,72000,-1,"set by Kenji, Narris, Zahid al-Din",
phyntoshoneycomplete1109,Aelrynth,,,Collect Phyntos Honey,,TRUE,72000,-1,"set by Kenji, Narris, Zahid al-Din",
phyntoslarvakillcount,Aelrynth,,,Phyntos Larva Kill Counter,,TRUE,0,20,,
phyntoslarvakilltask,Aelrynth,,,Phyntos Larva Kill Task,,TRUE,72000,-1,,
pickedupamethystcradle,Aelrynth,,,You picked up an Amethyst Cradle.,,TRUE,72000,-1,,
pickedupaquamarineprisms,Aelrynth,,,You picked up a cluster of Aquamarine Prisms.,,TRUE,72000,-1,,
pickedupazaxistoken,Aelrynth,,,Pickup timer for Azaxis Token,,TRUE,72000,-1,,
pickedupbookmoarsextremeuntranslated,Aelrynth,,,You picked up an Untranslated Tome.,,TRUE,72000,-1,,
pickedupbookmoarshighuntranslated,Aelrynth,,,You picked up an Untranslated Tome.,,TRUE,72000,-1,,
pickedupbookmoarslowuntranslated,Aelrynth,,,You picked up an Untranslated Tome.,,TRUE,72000,-1,,
pickedupbookmoarsmiduntranslated,Aelrynth,,,You picked up an Untranslated Tome.,,TRUE,72000,-1,,
pickedupbookmoarsnewbieuntranslated,Aelrynth,,,You picked up an Untranslated Tome.,,TRUE,72000,-1,,
pickedupbraceletrepugnant,Aelrynth,,,You've picked up the Repugnant Bracelet.,,TRUE,72000,-1,,
pickedupbreastplate0806,Aelrynth,,,quest timer,,TRUE,72000,-1,,
pickedupbroodmatrontail,Aelrynth,,,Picked up Brood Matron tail,,TRUE,72000,-1,,
pickedupbroodmatrontarsus,Aelrynth,,,Picked up Brood Matron tarsus,,TRUE,72000,-1,,
pickedupbroodmatrontibia,Aelrynth,,,Picked up Brood Matron tibia,,TRUE,72000,-1,,
pickedupbroodqueencarapace,Aelrynth,,,Picked up Brood Queen carapace,,TRUE,72000,-1,,
pickedupbroodqueenclaw,Aelrynth,,,Picked up Brood Queen claw,,TRUE,72000,-1,,
pickedupbroodqueencrest,Aelrynth,,,Picked up Brood Queen crest,,TRUE,72000,-1,,
pickedupbroodqueenfemur,Aelrynth,,,Picked up Brood Queen femur,,TRUE,72000,-1,,
pickedupbroodqueenhead,Aelrynth,,,Picked up Brood Queen Head,,TRUE,72000,-1,,
pickedupbroodqueenmetathorax,Aelrynth,,,Picked up Brood Queen Metathoraxr,,TRUE,72000,-1,,
pickedupburunfetish,Aelrynth,,,You have taken a Burun Fetish from the corpse of a raiding Burun.,,TRUE,72000,-1,,
pickedupchrysoberyl,Aelrynth,,,Picked up Chryoberyl,,TRUE,72000,-1,,
pickedupclawgibbering,Aelrynth,,,You have picked up the Gibbering Claw.,,TRUE,72000,-1,,
pickedupcoloredegg,Aelrynth,Picked up a Colored Egg,,Picked up a Colored Egg,,TRUE,72000,-1,,
pickedupcrowleyschampiontoken,Aelrynth,,,Pickup timer for Crowley's Champion Token,,TRUE,72000,-1,,
pickedupcrownbaronnuvillus,Aelrynth,,,You picked up the crown of Baron Nuvillus.,,TRUE,72000,-1,,
pickedupdailantiumcrystal,Aelrynth,,,Picked up a Dailantium Crystal.,,TRUE,72000,-1,,
pickedupdanshakibelongings,Aelrynth,,,Picked up DanshaKi's Belongings,,TRUE,72000,-1,,
pickedupdarktreecrystal,Aelrynth,,,picked up 1st crystal.,,TRUE,72000,-1,checked by Lartorus,
pickedupdarktuskerpaw,Aelrynth,,,Player has picked up Dark Tusker Paw,,TRUE,72000,-1,,
pickedupdemonswarmmatrontoken,Aelrynth,,,Pickup timer for Demon Swarm Matron Token,,TRUE,72000,-1,,
pickedupdonnarionkey,Aelrynth,,,Pickup timer for Donnarion Key,,TRUE,3600,-1,,
pickedupemeraldclasp,Aelrynth,,,You picked up an Emerald Clasp.,,TRUE,72000,-1,,
pickedupentemarreshead,Aelrynth,,,Picked up Baron Entemarres Head,,TRUE,72000,-1,,
pickedupgemportalsunkenmerenewbie,Aelrynth,,,You picked up an Adjanite Gem.,,TRUE,72000,-1,,
pickedupgirthdrudgefight,Aelrynth,,,You've picked up the Drudge Fight Belt.,,TRUE,72000,-1,,
pickedupgolemheartmagmadfd,Aelrynth,,,You've picked up Scold's magma golem heart.,,TRUE,72000,-1,,
pickedupharoushkey,Aelrynth,,,Pickup timer for Haroush Key,,TRUE,3600,-1,,
pickedupheadhomunculus,Aelrynth,,,You have picked up the Head of the Homunculus.,,TRUE,72000,-1,,
pickeduphiyppickaxe,Aelrynth,,,Picked up pickaxe,,TRUE,72000,-1,,
pickedupjadedais,Aelrynth,,,You picked up a Jade Dais.,,TRUE,72000,-1,,
pickedupjoroshikey,Aelrynth,,,Pickup timer for Joroshi Key,,TRUE,3600,-1,,
pickedupjournalgarethdain,Aelrynth,,,Picked up Gareth Dain's Journal.,,TRUE,72000,-1,,
pickedupjournalvitriaka,Aelrynth,,,Picked up Vitriaka's Journal.,,TRUE,72000,-1,,
pickedupkeyyaruldi,Aelrynth,,,You have picked up the Key to Yaruldi's Hoarde.,,TRUE,72000,-1,,
pickedupkingscrown,Aelrynth,,,Pickup timer for King's Crown,,TRUE,72000,-1,,
pickedupledger0806,Aelrynth,,,quest timer,,TRUE,72000,-1,,
pickedupmapauberean,Aelrynth,,,You picked up the Map of Auberean.,,TRUE,72000,-1,,
pickedupmarkerboss10x,Aelrynth,,,Pickup timer for Gladiator Diemos Token,,TRUE,518400,-1,,
pickedupmosswartstonedeath,Aelrynth,,,You have taken a Mosswart Mourning Stone from a Mosswart Corpse.,,TRUE,72000,-1,,
pickedupmosswartstonethanks,Aelrynth,,,You have picked up a Mosswart Thanking Stone.,,TRUE,72000,-1,,
pickedupnecklaceadjanite,Aelrynth,,,You picked up a Labyrinthine Necklace.,,TRUE,72000,-1,,
pickedupnecklaceshadowstone,Aelrynth,,,You've picked up the Shadow Stone Necklace.,,TRUE,72000,-1,,
pickedupnotebethelbrother,Aelrynth,,,You've picked up Bewren's Journal.,,TRUE,72000,-1,,
pickedupnotebethelcultist,Aelrynth,,,You've picked up Jaeget's Journal.,,TRUE,72000,-1,,
pickedupolthoifemur,Aelrynth,,,Picked up note,,TRUE,72000,-1,,
pickedupolthoilongclaw,Aelrynth,,,Picked up note,,TRUE,72000,-1,,
pickedupolthoiscoutnote1,Aelrynth,,,Picked up note,,TRUE,72000,-1,,
pickedupolthoiscoutnote2,Aelrynth,,,Picked up note,,TRUE,72000,-1,,
pickedupolthoiscoutnote3,Aelrynth,,,Picked up note,,TRUE,72000,-1,,
pickedupolthoiscoutnote4,Aelrynth,,,Picked up note,,TRUE,72000,-1,,
pickedupolthoiscoutnote5,Aelrynth,,,Picked up note,,TRUE,72000,-1,,
pickedupolthoiscoutnote6,Aelrynth,,,Picked up note,,TRUE,72000,-1,,
pickedupolthoiscoutnote7,Aelrynth,,,Picked up note,,TRUE,72000,-1,,
pickedupolthoiscoutnote8,Aelrynth,,,Picked up note,,TRUE,72000,-1,,
pickedupolthoistabclaw,Aelrynth,,,Picked up note,,TRUE,72000,-1,,
pickedupoverlordsword,Aelrynth,,,Picked up Tumerok Overlord's Sword,,TRUE,72000,-1,,
pickedupphatlewt,Aelrynth,,,Picked up Ulgrim's Stout,,TRUE,72000,-1,,
pickedupponmiconfession,Aelrynth,,,Picked up Pon Mi's confession,,TRUE,72000,-1,set by Corpse of Pon Mi,
pickeduppumpkinkingtoken,Aelrynth,,,Pickup timer for Pumpkin King Token,,TRUE,72000,-1,,
pickedupratkingstail,Aelrynth,,,Pickup timer for Rat King's Tail,,TRUE,72000,-1,,
pickeduprot2crystal,Aelrynth,,,Picked up ROT2 crystal,,TRUE,72000,-1,,
pickeduprottenegg,Aelrynth,Picked up a Rotten Egg,,Picked up a Rotten Egg,,TRUE,72000,-1,,
pickedupruschkfuneraryfetish,Aelrynth,,,Ruschk Funerary Fetish pickup timer,,TRUE,72000,-1,,
pickedupsarchophagushookable,Aelrynth,,,You picked up a coffin.,,TRUE,72000,-1,,
pickedupsarcophagushookable,Aelrynth,,,You've picked up the Shadow Stone Necklace.,,TRUE,72000,-1,,
pickedupshadeironorehammer,Aelrynth,,,Picked up Shade Iron Ore Hammer,,TRUE,72000,-1,,
pickedupsoulshattercrystal,Aelrynth,,,picked up 3rd crystal,,TRUE,72000,-1,checked by Lartorus,
pickedupspearyaja,Aelrynth,,,You have picked up Yaja's Reach.,,TRUE,72000,-1,,
pickedupstonefiststoken,Aelrynth,,,Pickup timer for Stone Fists Token,,TRUE,72000,-1,,
pickeduptasselmagic,Aelrynth,,,You've picked up a Woven Tassel of Sound Mind.,,TRUE,72000,-1,,
pickeduptasselmelee,Aelrynth,,,You've picked up a Woven Tassel of Discord.,,TRUE,72000,-1,,
pickeduptasselmissile,Aelrynth,,,You've picked up a Woven Tassel of Far Sight.,,TRUE,72000,-1,,
pickedupthemastertoken,Aelrynth,,,Pickup timer for The Master Token,,TRUE,72000,-1,,
pickedupthunderchickentoken,Aelrynth,,,Pickup timer for Thunder Chicken Token,,TRUE,72000,-1,,
pickeduptokenoublietteboss_0112,Aelrynth,,,quest timer,,TRUE,72000,-1,checked by Shade of Terelev,
pickeduptokenprodigaltusker_0807,Aelrynth,,,Player has picked up Prodigal Tusker Token,,TRUE,72000,-1,,
pickeduptokentitlegraverobber,Aelrynth,,,You picked up the Grave Robber Title Token.,,TRUE,72000,-1,,
pickedupulgrimsring,Aelrynth,,,Picked up Ulgrim's Stout,,TRUE,72000,-1,,
pickedupulgrimsstout,Aelrynth,,,Picked up Ulgrim's Stout,,TRUE,72000,-1,,
pickedupumbralcruciblebase,Aelrynth,Umbral Crucible Base Pickup,,Umbral Crucible Base pickup timer,,TRUE,72000,-1,,
pickedupumbralcrucibletop,Aelrynth,Umbral Crucible Top Pickup,,Umbral Crucible Top pickup timer,,TRUE,72000,-1,,
pickedupvalaracrystal,Aelrynth,,,picked up 2nd crystal,,TRUE,72000,-1,checked by Lartorus,
pickedupverymadcowtoken,Aelrynth,,,Pickup timer for Very Mad Cow Token,,TRUE,72000,-1,,
pickedupvirindisignet,Aelrynth,,,Picked up the signet,,TRUE,72000,-1,checked by Mage Syltyn Rillon,
pickedupzharalimemblem,Aelrynth,,,You've picked up a Crest of the Shagar Zharala.,,TRUE,72000,-1,checked by Yalik Ibn Ujsef,
pickedupzharalimforemanjournal,Aelrynth,,,You've picked up the Zharalim Foreman's Journal.,,TRUE,72000,-1,,
pickedupzharalimmasterjournal,Aelrynth,,,You've picked up the Zharalim Master's Journal.,,TRUE,72000,-1,,
pickupcastlepietruslogbook,Aelrynth,,,Picked up Castle Pietrus Log Book,,TRUE,1123200,-1,,
pickupdamagedstoneinfuser,Aelrynth,,,Picked up Damaged Stone Infuser,,TRUE,72000,-1,,
pickupdrudgefortblueprints,Aelrynth,,,Player has access to pick up Blueprints,,FALSE,0,1,set by Sergeant Shanks,
pickupnightbrieressence,Aelrynth,,,quest timer,,TRUE,14400,-1,,
pickupnorshuntyressence,Aelrynth,,,quest timer,,TRUE,14400,-1,,
pickuppenguinegg,Aelrynth,,,Flagged to pick up Penguin Egg,,FALSE,0,1,set by Especially Famished Eater,
pickupruschktotem,Aelrynth,,,Picked up Ruschk Totem. - Completed,,TRUE,72000,-1,,
pickuptumerokrecordbook,Aelrynth,,,Picked up Tumerok Record Book,,TRUE,1123200,-1,,
pickupwindfuryessence,Aelrynth,,,quest timer,,TRUE,14400,-1,,
pickupzerzelikyressence,Aelrynth,,,quest timer,,TRUE,14400,-1,,
pieceofknathcorepickuptimer,Aelrynth,,,Picked up Piece of Knath Core,,TRUE,72000,-1,,
pieceofpaperturnin,Aelrynth,,,Player has turned in the Piece of Paper to Researcher Tharin.,,FALSE,0,1,set by Researcher Tharin,
pileofrandompartspickup,Aelrynth,,,quest timer,,TRUE,72000,-1,,
plainmukkirorbnotespickup,Aelrynth,,,Timer for Alizari's Encoded notes pickup,,TRUE,72000,-1,,
platearmoredillokillcount,Aelrynth,,,Plate Armoredillo Kill Counter,,TRUE,0,25,set by Saqr,
platearmoredillokilltask,Aelrynth,,,Plate Armoredillo Kill Task,,TRUE,72000,-1,set by Saqr,
platinumgolemmountainkingkillcount,Aelrynth,,,Platinum Golem Mountain King Kill Counter,,TRUE,0,5,,
platinumgolemmountainkingkilltask,Aelrynth,,,Platinum Golem Mountain King Kill Task,,TRUE,72000,-1,,
platinuminvaderlordhelm,Aelrynth,,,Timer for Platinum Lord Helm,,TRUE,72000,-1,,
platinumknightmedallion,Aelrynth,,,Defense of Zaikhal Medallion Pickup Timer Platinum,,TRUE,72000,-1,set by Jun Sawashima,
platinumlegionchestkey,Aelrynth,,,Pick Up Key for Platinum Chest,,TRUE,72000,-1,,
platinumlegiondoorkey,Aelrynth,,,Pick Up Key for Door to Platinum Legion,,TRUE,72000,-1,,
playerreceivedrossumortatoken,Aelrynth,,,Check to see if player has already received Rossu Morta Token,,FALSE,0,1,set by Meerana du Renari,
playerreceivedsilverantoken,Aelrynth,,,Player has picked up a Silveran Token,,FALSE,0,1,"set by Silveran Atlatl Token, Silveran Axe Token, Silveran Bow Token and 8 more",
playerreceivedwhisperingbladetoken,Aelrynth,,,Check to see if player has already received Whispering Blade Token,,FALSE,0,1,set by Eddred the Wolf,
pluckerofeyes_repeat,Aelrynth,,,Player as completed Eye of Tthuun Quest once.,,FALSE,0,1,set by Tamara du Cinghalle,
pohwrongitemturnin,Aelrynth,,,Player has turned the wrong item into Pillar of Heart,,TRUE,0,3,set by Pillar of the Heart,
polardillokills,Aelrynth,,,Polar Dillo Kill Counter,,TRUE,0,10,set by Alessandro Mardor,
polardillotask,Aelrynth,,,Polar Dillo Kill Task Main Flag,,TRUE,72000,-1,set by Alessandro Mardor,
polarursuin,Aelrynth,,,Polar Ursuin Kill Task Main Flag Timer,,TRUE,72000,-1,set by Mariabella Varanese,
polarursuinkillcount,Aelrynth,,,Polar Ursuin Kill Counter,,TRUE,0,25,set by Mariabella Varanese,
polenoir1,Aelrynth,,,You're wielding the broken fishing pole.,,FALSE,0,1,set by Broken Fishing Pole,
polenoir1pickup,Aelrynth,,,You've picked up the broken fishing pole.,,TRUE,72000,-1,checked by Guard Chandler Hammett,
pookytokenpickuptimer,Aelrynth,Picked up Pooky Token,,Picked up Pooky Token,,TRUE,2332800,-1,,
popofirstspeak,Aelrynth,,,TBD,,FALSE,0,1,,
poporight,Aelrynth,,,Correct answer on Po Po,,FALSE,0,1,set by Po Po,
portalasugertemplepermissiongiven,Aelrynth,,,Player can go into Asuger Temple,,FALSE,0,1,set by Sir Rylanan,
portaldarklightpermissiongiven,Aelrynth,,,Player has picked up the husk,,FALSE,0,1,set by Dame Tsaya,
portaloubliettebypass,Aelrynth,,,Player can now enter the Oubliette.,,FALSE,0,1,set by Oubliette Gatekeeper,
portalpalenqualpermissiongiven,Aelrynth,,,This flag will alert the portal that players are allowed entry to the dungeon.,,FALSE,0,1,set by Aun Shimauri,
portalregicidewitshirepermissiongiven,Aelrynth,,,Player has permission to enter the portal to the bottom of the Witshire Dungeon,,FALSE,0,1,"set by Dame Tsaya, Sir Rylanan, Sir Tenshin",
portalservitoritemsstarted,Aelrynth,,,Player has talked to the Portal Servitor.,,FALSE,0,1,set by Portal Servitor,
portalspacepermissiongiven,Aelrynth,,,Player has received permission to enter the Portal Space dungeon. Created for the March 2004 revision.,,FALSE,0,1,set by Aun Aulakhe,
portalspaceriftsdone,Aelrynth,,,quest timer,,TRUE,72000,-1,set by Marcus Manfried,
portalspaceriftsstarted,Aelrynth,,,quest timer,,FALSE,0,1,set by Marcus Manfried,
presentraidscounter,Aelrynth,,,quest timer,,TRUE,0,9,set by Drudge Balloon,
presentraidsreset,Aelrynth,,,Reward giver reset timer,,TRUE,300,-1,"set by Drudge Present Raids Reset Stopgap, Gurog Present Raids Reset Stopgap",
prismaticstonepickedup,Aelrynth,,,Player has picked up the uncut stone.,,TRUE,72000,-1,,
prismfragmentacidgiven,Aelrynth,,,Player has turned in the Acid Fragment,,FALSE,0,1,"set by Agent Dravos, Agent of the Arcanum",
prismfragmentacidpickup,Aelrynth,,,Player has picked up the Acid Fragment,,TRUE,72000,-1,,
prismfragmentfiregiven,Aelrynth,,,Player has turned in the Fire Fragment,,FALSE,0,1,"set by Agent Dravos, Agent of the Arcanum",
prismfragmentfirepickup,Aelrynth,,,Player has picked up the Fire Fragment,,TRUE,72000,-1,,
prismfragmenticegiven,Aelrynth,,,Player has turned in the Ice Fragment,,FALSE,0,1,"set by Agent Dravos, Agent of the Arcanum",
prismfragmenticepickup,Aelrynth,,,Player has picked up the Ice Fragment,,TRUE,72000,-1,,
prismfragmentlightninggiven,Aelrynth,,,Player has turned in the Lightning Fragment,,FALSE,0,1,"set by Agent Dravos, Agent of the Arcanum",
prismfragmentlightningpickup,Aelrynth,,,Player has picked up the Lightning Fragment,,TRUE,72000,-1,,
privatechambersshortcut,Aelrynth,,,quest timer,,TRUE,7200,-1,,
prodigalharby_completed,Aelrynth,,,Player has went through Portal after defeating Prodigal Harbinger.,,FALSE,0,1,checked by Vincadi,
prodigalharbykillshot,Aelrynth,,,Player has the Killshot on Prodigal Harbinger.,,FALSE,0,1,set by Harbinger,
prodigalhumancompleted_1107,Aelrynth,,,Player wait timer for completing Aerbaxs Prodigal Human,,TRUE,72000,-1,set by Ryukai Hiro,
prodigalhumanpotionacquired_1107,Aelrynth,,,Player has acquired the Paradox infused potion,,FALSE,0,1,set by Dojiro Sangi,
prodigalhumanrepeat_1107,Aelrynth,,,Player has completed Aerbaxs Prodigal Human at least once,,FALSE,0,1,checked by Ryukai Hiro,
prodigalmonougacompleted0707,Aelrynth,,,Player has completed Prodigal Monouga,,TRUE,72000,-1,set by Corporal Liao Chen,
prodigalmonougarepeat0707,Aelrynth,,,Player has completed Monouga Laboratory at least once before,,FALSE,0,1,set by Corporal Liao Chen,
prodigalmonougastarted0707,Aelrynth,,,Player has started Prodigal Monouga,,FALSE,0,1,set by Corporal Liao Chen,
prodigalshadowflag,Aelrynth,,,Player flag for upper Teleport Statue.,,FALSE,0,1,"set by Statue of Bael'Zharon, the Hopeslayer",
prodigalshadowrepeat,Aelrynth,,,Player has completed Aerbaxs Prodigal Shadow at least once.,,FALSE,0,1,set by Riordin Nightbane,
progenitorcrystal1pickup,Aelrynth,,,Picked up Progenitor Crystal,,TRUE,72000,-1,,
progenitorcrystal2pickup,Aelrynth,,,Picked up Progenitor Crystal,,TRUE,72000,-1,,
progenitorcrystal3pickup,Aelrynth,,,Picked up Progenitor Crystal,,TRUE,72000,-1,,
progenitorcrystal4pickup,Aelrynth,,,Picked up Progenitor Crystal,,TRUE,72000,-1,,
progenitorcrystal5pickup,Aelrynth,,,Picked up Progenitor Crystal,,TRUE,72000,-1,,
progenitorcrystal6pickup,Aelrynth,,,Picked up Progenitor Crystal,,TRUE,72000,-1,,
progenitoringotturnin,Aelrynth,,,Turned in Progenitor Ingot,,FALSE,0,1,set by Shade of Ja'qu,
progenitoringotwait,Aelrynth,,,Shade of Jaqu wait timer,,TRUE,72000,-1,set by Shade of Ja'qu,
progenitorsichorpickuptimer,Aelrynth,,,Picked up Progenitors Ichor,,TRUE,72000,-1,,
protectionorb,Aelrynth,,,Picked up Protection Orb,,FALSE,0,1,,
provinggrounds,Aelrynth,,,Player may enter the proving grounds,,FALSE,0,1,set by Platinum Golem,
provinggroundscomplete,Aelrynth,,,Player has finished the proving grounds,,TRUE,10800,-1,checked by Asheron's Platinum Golem,
provinggroundsextreme,Aelrynth,,,Unused Questflag,,TRUE,10800,-1,,
provinggroundsfloorwalk,Aelrynth,,,Player has completed the floor walk,,TRUE,10800,-1,,
provinggroundshigh,Aelrynth,,,Unused Questflag,,TRUE,10800,-1,,
provinggroundslow,Aelrynth,,,Unused Questflag,,TRUE,10800,-1,,
provinggroundsmid,Aelrynth,,,Unused Questflag,,TRUE,10800,-1,,
provinggroundsrollingdeath,Aelrynth,,,Player has finished the rolling death room,,TRUE,10800,-1,,
pumpkinkingcritterskilled,Aelrynth,,,Player has killed a creature found in Pumpkin King,,TRUE,0,-1,set by Pumpkin King Event Watcher,
putridmoarkillcount,Aelrynth,,,Putrid Moar Kill Counter,,TRUE,0,25,,
putridmoarkilltask,Aelrynth,,,Putrid Moar Kill Task,,TRUE,72000,-1,,
putridseainvasionkey_pickup,Aelrynth,,,Pickup timer for Putrid Sea Invasion Key,,TRUE,72000,-1,,
pyrealmoteayan,Aelrynth,,,Picked up an Pyreal Mote in Ayan Baqur Halls of Metos.,,TRUE,72000,-1,,
pyrealmoteayangiven,Aelrynth,Metos Motes,https://acportalstorm.com/wiki/Metos_Motes,Pyreal Mote in Ayan Baquar Halls of Metos given. See Golem Warden of Metos.,,FALSE,0,1,set by Golem Warden of Metos,
pyrealmotewai,Aelrynth,,,Picked up an Pyreal Mote in Wai Jhou Halls of Metos.,,TRUE,72000,-1,,
pyrealmotewaigiven,Aelrynth,,,Pyreal Mote in Wai Jhou Halls of Metos given.,,FALSE,0,1,set by Golem Warden of Metos,
qinxikitbeaten,Aelrynth,,,You've beaten the Qin Xikit temple.,,FALSE,0,1,set by Guardian,
qinxikitcomplete,Aelrynth,,,You've received the reward for the Qin Xikit Temple.,,TRUE,72000,-1,"set by Sarcophagus of High Matriarch, Qin Xikit",
qualityimprintingmote_pickup,Aelrynth,,,Player has picked up the Quality Imprinting Mote at the bottom of Crystal Mine Extreme.,,TRUE,72000,-1,,
queenelysaindangercompleted,Aelrynth,,,Player cooldown for Queen Elysa in Danger,,TRUE,72000,-1,set by Lord Dargeth,
queenelysaindangergaveyuudaibow,Aelrynth,,,Player gave Yuudai the Bow,,FALSE,0,1,set by Yuudai,
queenelysaindangerstart,Aelrynth,,,Player started to Queen Elysa in Danger,,FALSE,0,1,set by Lord Dargeth,
queenelysaindangertalkelysa,Aelrynth,,,Player talked Queen Elysa,,FALSE,0,1,set by Elysa Strathelar,
queenelysaindangertalkmessenger,Aelrynth,,,Player talked to Stranger,,FALSE,0,1,set by Messenger for The Stranger,
queenelysaindangertalkyuudai,Aelrynth,,,Player talked to Yuudai.,,FALSE,0,1,set by Yuudai,
questbanderlinghauntacquired0105,Aelrynth,,,Player is on Banderling Haunt Quest,,FALSE,0,1,set by Cyphis Suldow,
questbanderlinghauntcompleted0105,Aelrynth,,,Player has given the Murky Gem to Cyphis and completed quest,,TRUE,72000,-1,set by Cyphis Suldow,
questlittlestniffisnoteacquired1204,Aelrynth,,,You have acquired the Littlest Niffis note!,,TRUE,72000,-1,,
questreconnaissanceacquired0105,Aelrynth,,,Player is on Reconnaissance quest.,,FALSE,0,1,set by Aludi al-Jaladh,
questreconnaissancecompleted0105,Aelrynth,,,Player has given the Flying Machine Plans to Aludi and completed the quest.,,TRUE,72000,-1,set by Aludi al-Jaladh,
questrewardtimerone,Aelrynth,,,1 hour quest for contract testing.,,TRUE,3600,-1,,
questrumubaspear,Aelrynth,,,Spear Quest,,TRUE,72000,-1,set by Rumuba the Mosswart,
questzaikhaldefenseacquired,Aelrynth,,,Spoke with Jun Sawashima to start Zaikhal Defense,,FALSE,0,1,set by Jun Sawashima,
quiddityfragnorth,Aelrynth,,,1 piece of the purple fragment of pulsing energy.,,TRUE,72000,-1,,
quiddityfragsouth,Aelrynth,,,1 piece of the purple fragment of pulsing energy.,,TRUE,72000,-1,,
quiddityseedquestflag,Aelrynth,,,Flag for Quiddity Seed Quests,,FALSE,0,1,set by Emissary of Asheron,
rabbithutchkey,Aelrynth,,,Picked up Rabbit Hutch Key,,TRUE,72000,-1,,
radiantbloodmember,Aelrynth,,,Player is a member of Radiant Blood,,FALSE,0,1,set by Ayesha of the Radiant Blood,
radiantmanainfusionpickup_0209,Aelrynth,,,Player pickup timer for Radiant Mana Infusion.,,TRUE,72000,-1,,
radiantshardgiven,Aelrynth,,,Radiant Shard given to Lurza,,FALSE,0,1,set by Lurza,
rangedmasterychange,Aelrynth,,,Changed Ranged Mastery.,,FALSE,0,1,,
rankseainvasionkey_pickup,Aelrynth,,,Pickup timer for Rank Sea Invasion Key,,TRUE,72000,-1,,
rarecrystallineshardturnin,Aelrynth,,,Turned in Rare Crystalline Shard,,TRUE,72000,-1,set by Tokashi Ando,
raregamekillcount,Aelrynth,,,Rare Game Kill Counter,,TRUE,0,50,,
raregamekilltask,Aelrynth,,,Rare Game Kill Task,,TRUE,72000,-1,,
ratcatcherquestacquired,Aelrynth,,,Player is on Rat Catcher Quest,,FALSE,0,1,set by Lo Raen,
ratcatcherquestcompleted,Aelrynth,,,Player has completed the Rat Catcher Quest.,,TRUE,72000,-1,set by Lo Raen,
ratcatcherquestcounter,Aelrynth,,,Rat Catcher Counter,,TRUE,0,7,set by Lo Raen,
ravenfragment,Aelrynth,,,Pickup timer for Raven Fragment - Sepulcher of Nightmares,,TRUE,72000,-1,,
ravenouseaterjaw,Aelrynth,,,Ravenous Eater Jaw,,TRUE,72000,-1,checked by Clemenza,
recallsingularitycaul,Aelrynth,,,Picked up Recall Singularity Bore Recall.,,FALSE,0,1,,
recalltuskerisland,Aelrynth,,,Received the spell to return to Tusker Island.,,FALSE,0,1,set by Statue of Artificer's Wish,
receivedarcanepedestal,Aelrynth,,,Player has been given Arcane Pedestal and cannot pick up more for 2 weeks.,,TRUE,72000,-1,set by Slithe Tradittor,
receiveddecorationderethmapunframed,Aelrynth,,,Player has been given unframed Dereth Map and cannot pick up more for 2 weeks.,,TRUE,72000,-1,set by Alatar Locke,
receivedkiviklirarmor,Aelrynth,,,You've used the Eye.,,TRUE,72000,-1,"set by Sarcophagus of High Matriarch, Kivik Lir",
receivedliazkarmor,Aelrynth,,,Player has received the armor for Liazk Itzi's temple.,,TRUE,72000,-1,"set by Sarcophagus of High Matriarch, Liazk Itzi",
receivednewyearsgift,Aelrynth,,,Cooldown for New Years Gift,,TRUE,25920000,-1,set by Rayeesh the Holiday Planner,
receivednewyearsgift0105,Aelrynth,,,You have received a New Year's gift!,,FALSE,0,1,,
receivedpieceofpaper,Aelrynth,,,Player has received the Piece of Paper from Pile of Stained Papers.,,FALSE,0,1,set by Pile of Stained Papers,
receivedsmallicetotem,Aelrynth,,,Player received Small Ice Totem,,FALSE,0,1,set by Ruschk Ice Totem,
receivedthorstenarmorarmor,Aelrynth,,,Player has completed obtaining replica of Thorsten's Armor,,TRUE,72000,-1,set by Lia Tze,
receivedthorstenaxe,Aelrynth,,,Player has completed obtaining replica of Thorsten's Axe,,TRUE,72000,-1,set by Tai Wo,
receivedtitleinitiateoftheblade,Aelrynth,,,Player has Received the Title Initiate of the Blade.,,FALSE,0,1,"set by Ookami Kiri, Sayuji Jina",
receivedtoolonyxcutting,Aelrynth,,,You received an Onyx Cutting Tool from Fanzen San.,,TRUE,72000,-1,set by Fanzen San the Translator,
receivedwaxthorsten,Aelrynth,,,Player has recvd wax to mould Thorsten armor or axe,,TRUE,72000,-1,"set by Lia Tze, Tai Wo",
recruitsent,Aelrynth,,,Player has finished all quests in Area B Senior Guard has sent him to Area C.,,FALSE,0,1,set by Senior Guard,
redbloodgem,Aelrynth,,,Ricardo's Blood Gem - Red,,TRUE,72000,-1,,
redbullcomplete,Aelrynth,,,Red Bull Complete,,FALSE,0,1,set by Grand Knight,
redfireinfusion,Aelrynth,,,Red Fire SOLL Infusion,,TRUE,72000,-1,,
redletterinprogress,Aelrynth,Turn in Timer/Counter for Scarlet Red Letters,,Turn in Timer/Counter for Scarlet Red Letters,,TRUE,604800,100,,
redletterturnins,Aelrynth,Non-Quest,https://acportalstorm.com/wiki/Non-Quest,Counter for Scarlet Red Letter turn ins. See Black Hill Collector; Yukara Miko the Collector; Collector.,Counter for Scarlet Red Letter turn ins.,TRUE,0,100,"set by Black Hill Collector, Collector, Yukara Miko the Collector",
redletterturnintimer,Aelrynth,Non-Quest,https://acportalstorm.com/wiki/Non-Quest,Countdown timer for Scarlet Red Letter turn ins. See Collector; Yukara Miko the Collector; Black Hill Collector.,Countdown timer for Scarlet Red Letter turn ins.,TRUE,604800,-1,"set by Black Hill Collector, Collector, Yukara Miko the Collector",
redmonsterseed,Aelrynth,,,Red Monster Seed counter,,TRUE,0,5,set by Dionaea,
redspiremoarsmencomplete_0508,Aelrynth,,,Player has completed the Redspire portion of Moarsmen on the Shores,,TRUE,72000,-1,set by Guard Liaza,
redveinedgrubtaskwait,Aelrynth,,,quest timer,,TRUE,72000,-1,set by Guliant,
reedsharkhuntingneftetkillcount,Aelrynth,,,Reedshark Hunting Neftet Kill Counter,,TRUE,0,30,,
reedsharkhuntingneftetkilltask,Aelrynth,,,Reedshark Hunting Neftet Kill Task,,TRUE,72000,-1,,
reefhuntersreckreckblue126,Aelrynth,,,Reefhunters Riddle,,FALSE,0,1,set by Statue,
reefhuntersreckreckgreen112,Aelrynth,,,Reefhunters Riddle,,FALSE,0,1,set by Statue,
reefhuntersreckreckred150,Aelrynth,,,Reefhunters Riddle,,FALSE,0,1,set by Statue,
reeshanbeaten,Aelrynth,,,You've beaten Reeshan.,,FALSE,0,1,checked by Guard Ellyon,
reeshancomplete,Aelrynth,,,You've completed the Reeshan quest.,,TRUE,72000,-1,set by Guard Ellyon,
reeshankilled,Aelrynth,,,You killed Reeshan.,,FALSE,0,1,set by Guard Ellyon,
regaliamask,Aelrynth,,,Regalia Quest,,TRUE,72000,-1,,
regaliamaskdesecrator,Aelrynth,,,Picked up Virindi Desectrator Mask,,TRUE,72000,-1,,
regaliamaskextreme,Aelrynth,,,Player has collected the mask from a Virinidi Consul.,,TRUE,72000,-1,,
regaliamaskuber,Aelrynth,,,Player has collected the mask from a Virinidi Profatrix.,,TRUE,72000,-1,,
regaliamaskupper,Aelrynth,,,Greater Regalia Quest,,TRUE,72000,-1,,
regicidecomplete,Aelrynth,,,Player has finished the Regicide Quest,,TRUE,72000,-1,"set by Dame Tsaya, Sir Rylanan, Sir Tenshin",
regicidehusk,Aelrynth,,,Player has turned in HuskRegicide,,FALSE,0,1,set by Dame Tsaya,
regicidespherule,Aelrynth,,,Player has turned in spherule regicide,,FALSE,0,1,set by Sir Rylanan,
regicideuniform,Aelrynth,,,Player has turned Regicide Uniform,,FALSE,0,1,set by Sir Tenshin,
rehirbeaten,Aelrynth,,,You've beaten Rehir.,,FALSE,0,1,checked by Guard Lo Pan,
rehircomplete,Aelrynth,,,You've completed the Rehir quest.,,TRUE,72000,-1,set by Guard Lo Pan,
rehirkilled,Aelrynth,,,You killed Rehir.,,FALSE,0,1,set by Guard Lo Pan,
reignofterrorcomplete_0511,Aelrynth,,,Handed in Olthoi Chitin,,TRUE,72000,-1,set by Sergeant Maloth,
reignofterrorstarted_0511,Aelrynth,,,Spoke with Sergeant Maloth,,FALSE,0,1,set by Sergeant Maloth,
remasteredjittecartilage_turnin,Aelrynth,,,Player has turned in Cartilage to Mi Krau Li,,FALSE,0,1,set by Mi Krau-Li,
remasteredjittecompleted,Aelrynth,,,Player has completed Remastered Jitte Quest,,TRUE,72000,-1,set by Mi Krau-Li,
remasteredjittepyrealbar_turnin,Aelrynth,,,Player has turned in Pyreal Bar to Mi Krau Li,,FALSE,0,1,set by Mi Krau-Li,
remasteredjittestarted,Aelrynth,,,Player has spoke with Mi Krau Li,,FALSE,0,1,set by Mi Krau-Li,
remasteredjittethighbone_turnin,Aelrynth,,,Player has turned in Thighbone to Mi Krau Li,,FALSE,0,1,set by Mi Krau-Li,
remoransearaptorkillcount,Aelrynth,,,Remoran Sea Raptor Kill Counter,,TRUE,0,50,set by Peng-Ya,
remoransearaptorkilltask,Aelrynth,,,Remoran Sea Raptor Kill Task,,TRUE,72000,-1,set by Peng-Ya,
renaldmug,Aelrynth,,,Allowed to pickup Renald's Old Mug,,FALSE,0,1,set by Renald the Eldest,
renaldrefusal,Aelrynth,,,Flagged for Renald Refusal quest,,FALSE,0,1,set by Anton Sillezi,
renaldsoldmug,Aelrynth,,,Renald's Old Mug pickup,,TRUE,72000,-1,,
renegadebreastplategeneral,Aelrynth,,,You have taken the Tumerok Generals Breastplate.,,TRUE,72000,-1,,
renegadechorizite,Aelrynth,,,You have opened the chest containing Chorizite.,,TRUE,72000,-1,,
renegadehauberkpickedup,Aelrynth,,,You have picked up the Renegade's hauberk.,,TRUE,72000,-1,,
renegadehealing,Aelrynth,,,You have opened the chest containing Healing.,,TRUE,72000,-1,,
renegadehelmgeneral,Aelrynth,,,You have taken the Lugian Helm.,,TRUE,72000,-1,,
renegadeleggingspickedup,Aelrynth,,,You have picked up the Renegade's leggings.,,TRUE,72000,-1,,
renegadelockpicks,Aelrynth,,,You have opened the chest containing Lockpicks.,,TRUE,72000,-1,,
renegademanaoil,Aelrynth,,,You have opened the chest containing Mana Oil.,,TRUE,72000,-1,,
renegademeat,Aelrynth,,,You have opened the chest containing Meat.,,TRUE,72000,-1,,
renegaderanforward,Aelrynth,,,I have charged forward already.,,TRUE,0,4,"set by Gotrok Extas, Renegade Trooper, Renegade War Monger",
renegaderinga,Aelrynth,,,You have collected half of Kamenua's ring.,,TRUE,72000,-1,,
renegaderingb,Aelrynth,,,You have collected half of Kamenua's ring.,,TRUE,72000,-1,,
renegadevaultkey_pickup,Aelrynth,,,Player has picked up Vault Key in the 120+ Renegade Fortress.,,TRUE,72000,-1,,
repairedstonegiven,Aelrynth,,,Repaired Shadow Stone given to Shade of Shade of Farelaith,,FALSE,0,1,set by Shade of Farelaith,
repeatmonougaexperimentlog,Aelrynth,,,Player has turned in Monouga Experiment Log once before,,FALSE,0,1,set by Corporal Liao Chen,
repeatolthoiexperimentlog,Aelrynth,,,Player has turned in Olthoi Experiment Log once before,,FALSE,0,1,set by Corporal Liao Chen,
repeattuskerexperimentlog,Aelrynth,,,Player has turned in Tusker Experiment Log once before,,FALSE,0,1,set by Corporal Liao Chen,
repugeaterkillcount,Aelrynth,,,Repugnant Eater Kill Counter,,TRUE,0,50,set by Xun Yu,
repugnanteaterkilltask,Aelrynth,,,Repugnant Eater Kill Task,,TRUE,72000,-1,set by Xun Yu,
rescuingmoufpoptional,Aelrynth,,,Flag for optional Mouf Reward,,FALSE,0,1,set by Larinne Kerendova,
researchingthelostritualscomplete_0612,Aelrynth,,,Player counter for Sister tasks,,TRUE,0,15,"checked by Lady Dan'eel Trianna, Lady Kiara Trianna, Lady Mashal Trianna and 1 more",
rhandeviceretriever,Aelrynth,,,quest timer,,FALSE,0,1,set by Ler Rhan,
rhujunswampstonegiven,Aelrynth,,,Swamp Stone given to Rhujun,,FALSE,0,1,set by Rhujun,
riddlebed,Aelrynth,,,Player has received the corresponding Riddle.,,FALSE,0,1,set by Tribunal,
riddleblack,Aelrynth,,,Player has received the corresponding Riddle.,,FALSE,0,1,set by Tribunal,
riddlecoffin,Aelrynth,,,Player has received the corresponding Riddle.,,FALSE,0,1,set by Tribunal,
riddledarkness,Aelrynth,,,Player has received the corresponding Riddle.,,FALSE,0,1,set by Tribunal,
riddledeath,Aelrynth,,,Player has received the corresponding Riddle.,,FALSE,0,1,set by Tribunal,
riddlee,Aelrynth,,,Player has received the corresponding Riddle.,,FALSE,0,1,set by Tribunal,
riddleeyes,Aelrynth,,,Player has received the corresponding Riddle.,,FALSE,0,1,set by Tribunal,
riddlefail,Aelrynth,,,Player has given the incorrect answer once.,,FALSE,0,1,"set by Bed, Black, Coffin and 17 more",
riddlefail2,Aelrynth,,,Player has given the incorrect answer twice.,,FALSE,0,1,"set by Bed, Black, Coffin and 17 more",
riddleflame,Aelrynth,,,Player has received the corresponding Riddle.,,FALSE,0,1,set by Tribunal,
riddlehole,Aelrynth,,,Player has received the corresponding Riddle.,,FALSE,0,1,set by Tribunal,
riddlehope,Aelrynth,,,Player has received the corresponding Riddle.,,FALSE,0,1,set by Tribunal,
riddleman,Aelrynth,,,Player has received the corresponding Riddle.,,FALSE,0,1,set by Tribunal,
riddlemushroom,Aelrynth,,,Player has received the corresponding Riddle.,,FALSE,0,1,set by Tribunal,
riddlenothing,Aelrynth,,,Player has received the corresponding Riddle.,,FALSE,0,1,set by Tribunal,
riddlering,Aelrynth,,,Player has received the corresponding Riddle.,,FALSE,0,1,set by Tribunal,
riddlesilence,Aelrynth,,,Player has received the corresponding Riddle.,,FALSE,0,1,set by Tribunal,
riddlestars,Aelrynth,,,Player has received the corresponding Riddle.,,FALSE,0,1,set by Tribunal,
riddlesunlight,Aelrynth,,,Player has received the corresponding Riddle.,,FALSE,0,1,set by Tribunal,
riddletime,Aelrynth,,,Player has received the corresponding Riddle.,,FALSE,0,1,set by Tribunal,
riddletomorrow,Aelrynth,,,Player has received the corresponding Riddle.,,FALSE,0,1,set by Tribunal,
riddlewind,Aelrynth,,,Player has received the corresponding Riddle.,,FALSE,0,1,set by Tribunal,
ringjalehtaken,Aelrynth,,,You got the ring of Jaleh,,TRUE,72000,-1,,
ringmaelstrom,Aelrynth,,,You've picked up one of the Dark Rings.,,TRUE,72000,-1,,
ringmaelstrom2,Aelrynth,,,You've picked up one of the Dark Rings.,,TRUE,72000,-1,,
ringofkarlun,Aelrynth,,,Knights of Karlun,,TRUE,72000,-1,,
ringofremembrancepickuptimer,Aelrynth,,,Picked up Ring of Remembrance,,TRUE,72000,-1,,
ringofremembranceturnedin,Aelrynth,,,Turned in Ring of Remembrance,,FALSE,0,1,set by Lord Rytheran,
ringofthesummoningadepts_pickup,Aelrynth,,,Player has picked up the Ring of the Summoning Adepts,,TRUE,72000,-1,,
ringquest01,Aelrynth,,,Give MenhirBell to any of the five Tumerok drummers on the Marae Plateau,,TRUE,72000,-1,"set by Aun Aanaua, Aun Gehaua, Aun Kahmaula and 2 more",
ringquest02,Aelrynth,,,Give MenhirRubbleE to MenhirDrummerN,,TRUE,72000,-1,"set by Aun Kahmaula, Aun Ngationa",
ringquest03,Aelrynth,,,Give MenhirRubbleD to MenhirDrummerNE,,TRUE,72000,-1,"set by Aun Gehaua, Aun Ngationa",
ringquest04,Aelrynth,,,Give MenhirRubbleC to MenhirDrummerSE,,TRUE,72000,-1,"set by Aun Ngationa, Aun Tanaua",
ringquest05,Aelrynth,,,Give MenhirRubbleB to MenhirDrummerSW,,TRUE,72000,-1,"set by Aun Laiaua, Aun Ngationa",
ringquest06,Aelrynth,,,Give MenhirRubbleA to MenhirDrummerNW,,TRUE,72000,-1,"set by Aun Aanaua, Aun Ngationa",
ringshieldingnorthacquired1204,Aelrynth,,,You have picked up RingShieldingNorth,,TRUE,72000,-1,,
ringshieldingsouthacquired1204,Aelrynth,,,You have picked up RingShieldingSouth,,TRUE,72000,-1,,
ringshieldingwestacquired1204,Aelrynth,,,You have picked up RingShieldingWest,,TRUE,72000,-1,,
rithwiccelcyndring,Aelrynth,,,Rithwic Ring Quest,,TRUE,72000,-1,"set by Brentsella, Mindorla",
rithwicmindorlaletter,Aelrynth,,,Rithwic Mindorla Quest,,TRUE,72000,-1,set by Celcynd the Dour,
ritualchambersflag,Aelrynth,,,Player is flagged to use other Ritual Chambers portals,,FALSE,0,1,set by Crystal Array,
ritualchestkeypickuptimer,Aelrynth,,,Picked up Ritual Chest Key,,TRUE,72000,-1,,
ritualhuntcompleted_0311,Aelrynth,,,Cooldown for Dericost Ritual Investigation,,TRUE,72000,-1,set by Sir Learth,
ritualhuntrepeat_0311,Aelrynth,,,Player has already done Dericost Ritual Investigation before,,FALSE,0,1,set by Sir Learth,
ritualhuntstarted_0311,Aelrynth,,,Player has started Dericost Ritual Investigation,,FALSE,0,1,set by Sir Learth,
ritualtimecompleted_0411,Aelrynth,,,Cooldown for Halt Dericost Ritual Quest,,TRUE,72000,-1,set by Lady Daenerah,
ritualtimestarted_0411,Aelrynth,,,Player has started Halt Dericost Ritual Quest,,FALSE,0,1,set by Lady Daenerah,
roadscomplete,Aelrynth,,,You complete the first task set forth by Nuhmudira.,,TRUE,72000,-1,"set by Camryn, Nuhmudira's Student, Nuhmudira",
roadsfailedhevkloz,Aelrynth,,,You failed to answer Hevk loz's question correctly.,,TRUE,72000,-1,"set by Portrait of Asheron Realaidain, Portrait of Avoren Palacost",
roadsfailedjifloz,Aelrynth,,,You failed to answer Jif loz's question correctly.,,TRUE,72000,-1,"set by Bust of Asheron Realaidain, Bust of Emperor Kellin II",
roadsfailedkirloz,Aelrynth,,,You failed to answer Kir loz's question correctly.,,TRUE,72000,-1,"set by Statue of Lauallana, Statue of Ualannan",
roadshevkloz,Aelrynth,,,You have spoken to Hevk Loz.,,FALSE,0,1,set by Hevk Loz,
roadsjifloz,Aelrynth,,,You have spoken to Jif Loz.,,FALSE,0,1,set by Jif Loz,
roadsjournal,Aelrynth,,,You found Nuhmudira's journal and know where to find her.,,FALSE,0,1,set by Open Journal,
roadskirloz,Aelrynth,,,You have spoken to Kir Loz.,,FALSE,0,1,set by Kir Loz,
roadsnuhmudira1,Aelrynth,,,You have been sent to collect a book for Nuhmudira.,,FALSE,0,1,"set by Camryn, Nuhmudira's Student, Nuhmudira",
roadsnuhmudira2,Aelrynth,,,You have been sent to collect an urn for Nuhmudira.,,FALSE,0,1,"set by Camryn, Nuhmudira's Student, Nuhmudira",
roadsnuhmudira3,Aelrynth,,,You have been sent to collect a corpse for Nuhmudira.,,FALSE,0,1,"set by Camryn, Nuhmudira's Student, Nuhmudira",
roadssuccesshevkloz,Aelrynth,,,You successfully answered Heck loz's question.,,FALSE,0,1,set by Portrait of Geraine IV,
roadssuccessjifloz,Aelrynth,,,You successfully answered Jif Loz's question.,,FALSE,0,1,set by Bust of Nali Valind,
roadssuccesskirloz,Aelrynth,,,You successfully answered Kir Loz's question.,,FALSE,0,1,set by Statue of Aurlanna,
roadstask1,Aelrynth,,,You complete the first task set forth by Nuhmudira.,,TRUE,72000,-1,set by Indecipherable Book,
roadstask2,Aelrynth,,,You complete the second task set forth by Nuhmudira.,,TRUE,72000,-1,set by Urn,
roadstask3,Aelrynth,,,You complete the third task set forth by Nuhmudira.,,TRUE,72000,-1,set by Sarcophgus of Xi Ru,
roadsundercoverantius,Aelrynth,,,You have undertaken a special mission for Antius.,,FALSE,0,1,"set by Camryn, Nuhmudira's Student, Nuhmudira",
roostbottleprogress_0904,Aelrynth,,,Bitfield based progress following the Assassin's Roost Bottle Line,,TRUE,518400,31,,
roostbottlestarted_0904,Aelrynth,,,Player has picked up the Contact Instructions (Bottle Clue),,TRUE,518400,-1,checked by Bottle,
roostcarenzikillcount,Aelrynth,,,Weak Mangy Carenzi Kill Task in Roost Dungeon,,TRUE,0,50,set by Maximas,
roostfloorpuzzlecomplete_0904,Aelrynth,,,Player has completed the Assassin's Roost Floor Puzzle,,TRUE,72000,-1,set by Lander,
roostjumppuzzlecomplete_0904,Aelrynth,,,Player has completed the Assassin's Roost Jump Puzzle,,TRUE,72000,-1,set by Maniel,
roostknowledgeprogress_0904,Aelrynth,,,Bitfield based progress following the Assassin's Roost Knowledge Line,,TRUE,518400,31,,
roostknowledgestarted_0904,Aelrynth,,,Player has picked up the Contact Instructions (Knowledge Clue),,TRUE,518400,-1,checked by Open Book,
roostratkillcount,Aelrynth,,,Black Rat Kill Task in Roost Dungeon,,TRUE,0,50,set by Ardenson,
roostsignprogress_0904,Aelrynth,,,Bitfield based progress following the Assassin's Roost Sign Line,,TRUE,518400,31,,
roostsignstarted_0904,Aelrynth,,,Player has picked up the Contact Instructions (Sign Clue),,TRUE,518400,-1,checked by Sign,
rossumortachapterhouse_flag,Aelrynth,,,Access granted to the Rossu Morta Chapterhouse,,FALSE,0,1,set by Ring of the Rossu Morta,
rossumortachapterhouseaccess_start,Aelrynth,,,Player has started Rossu Morta Chapterhouse Access Quest,,FALSE,0,1,set by Melaverre,
rossumortachapterhouseaccess_wait,Aelrynth,,,Player wait timer for Rossu Morta Chapterhouse Access Quest,,TRUE,72000,-1,set by Melaverre,
rossumortaloyaltyreset,Aelrynth,,,Loyalty with Rossu Morta faction reset,,FALSE,0,1,set by Lydda,
royalcloakbookscomplete,Aelrynth,,,Bitfield for the Strathelar Royal Books handed in,,TRUE,0,15,checked by Sir Daeglan,
royalcloakcomplete,Aelrynth,,,Completed Strathelar Royal Cloak Quest,,TRUE,72000,-1,set by Sir Daeglan,
rtwcompleted_1013,Aelrynth,,,quest timer,,TRUE,72000,-1,set by Morgethais,
rtwkeypickup_1013,Aelrynth,,,quest timer,,TRUE,72000,-1,,
rtwstarted_1013,Aelrynth,,,quest timer,,FALSE,0,1,set by Morgethais,
rubycrimsonnightpickup,Aelrynth,,,Flagged to pickup the Ruby of Crimson Night,,FALSE,0,1,checked by Maqudh al Nishadina,
ruinedwatcherflagged,Aelrynth,,,Flagged to use Ruined Watcher,,FALSE,0,1,set by Ruined Watcher,
ruinedwatchertokengiven,Aelrynth,,,Token given to Ruined Watcher,,FALSE,0,1,set by Ruined Watcher,
ruschkaspectofgrael_start,Aelrynth,,,Player has started the Ruschk Aspect of Grael Quest,,FALSE,0,1,set by Lord Pyrovor,
ruschkaspectofgrael_wait,Aelrynth,,,Player has completed Ruschk Aspect of Grael Quest,,TRUE,72000,-1,set by Lord Pyrovor,
ruschkaspectofgraeldericostvault_start,Aelrynth,,,Player has started the Dericost Vault portion of Ruschk Aspect of Grael Quest,,FALSE,0,1,set by Lord Pyrovor,
ruschkkillcount,Aelrynth,,,Ruschk Kill Counter,,TRUE,0,30,,
ruschkkilltask,Aelrynth,,,Ruschk Kill Task,,TRUE,72000,-1,,
ruschkshardoftheblackspear_pickup,Aelrynth,,,Player has picked up Ruschk Shard of the Black Spear,,TRUE,72000,-1,,
rynthidartifacts1_0813,Aelrynth,,,quest timer,,FALSE,0,1,set by The Bringer of Light,
rynthidartifacts2_0813,Aelrynth,,,quest timer,,FALSE,0,1,set by The Bringer of Light,
rynthidartifacts3_0813,Aelrynth,,,quest timer,,TRUE,72000,-1,set by The Bringer of Light,
rynthidartifactsstarted_0813,Aelrynth,,,quest timer,,FALSE,0,1,set by The Bringer of Light,
rynthidartifactswait_0813,Aelrynth,,,quest timer,,TRUE,72000,-1,set by The Bringer of Light,
rynthidcrystalkillcount,Aelrynth,,,Rynthid Crystal Kill Counter,,TRUE,0,6,,
rynthidcrystalkilltask,Aelrynth,,,Rynthid Crystal Kill Task,,TRUE,72000,-1,,
rynthidgenesiskillcount,Aelrynth,,,Player has killed a creature in Rynthid Genesis.,,TRUE,0,-1,set by Rynthid Genesis Event Watcher,
rynthidminionskillcount,Aelrynth,,,Rynthid Minions Kill Counter,,TRUE,0,25,,
rynthidminionskilltask,Aelrynth,,,Rynthid Minions Kill Task,,TRUE,72000,-1,,
rynthidragerskillcount,Aelrynth,,,Rynthid Ragers Kill Counter,,TRUE,0,15,,
rynthidragerskilltask,Aelrynth,,,Rynthid Ragers Kill Task,,TRUE,72000,-1,,
rynthidrarebosskillcount,Aelrynth,,,Rynthid Rare Boss Kill Counter,,FALSE,0,1,,
rynthidrarebosskilltask,Aelrynth,,,Rynthid Rare Boss Kill Task,,TRUE,72000,-1,,
rynthidriftskillcount,Aelrynth,,,Rynthid Rifts Kill Counter,,TRUE,0,10,,
rynthidriftskilltask,Aelrynth,,,Rynthid Rifts Kill Task,,TRUE,72000,-1,,
rynthidslayerskillcount,Aelrynth,,,Rynthid Slayers Kill Counter,,TRUE,0,15,,
rynthidslayerskilltask,Aelrynth,,,Rynthid Slayers Kill Task,,TRUE,72000,-1,,
rynthidsorcererskillcount,Aelrynth,,,Rynthid Sorcerers Kill Counter,,TRUE,0,15,,
rynthidsorcererskilltask,Aelrynth,,,Rynthid Sorcerers Kill Task,,TRUE,72000,-1,,
rynthidtrainingcompleted_1013,Aelrynth,,,Player cooldown for completing Rynthid Training.,,TRUE,72000,-1,set by Rynthid Assessment Crystal,
rynthidtrainingstarted_1013,Aelrynth,,,Player has started Rynthid Training.,,FALSE,0,1,set by Rynthid Assessment Crystal,
rytheranjeweledringpickup,Aelrynth,,,quest timer,,TRUE,72000,-1,,
rytheransuntranslatedjournalpickuptimer,Aelrynth,,,Picked up Rytherans Untranslated Journal,,TRUE,72000,-1,,
rythjournalrepeat,Aelrynth,,,Repeating Journal Quest,,FALSE,0,1,set by Danira the Dusty,
rythjournalstart,Aelrynth,,,Started Journal Quest,,FALSE,0,1,set by Danira the Dusty,
sackofbanderlingartifactspickuptimer,Aelrynth,,,Pick up timer for Sack of Banderling Artifacts,,TRUE,72000,-1,,
sacrificednuhmudira,Aelrynth,,,Player gave their life for Nuhmudira.,,FALSE,0,1,"set by Agent Dravos, Agent of the Arcanum, Balthazar, Royal Guardian and 6 more",
sacrificednuhmudiraagent,Aelrynth,,,This quest flag is obsolete.,,FALSE,0,1,"checked by Agent Dravos, Agent of the Arcanum, Balthazar, Royal Guardian and 5 more",
sacrificednuhmudirahunter,Aelrynth,,,This quest flag is obsolete.,,FALSE,0,1,,
sacritterdead,Aelrynth,,,NPC Check for total critters killed,,TRUE,0,40,set by Saving Asherons Wave Controller,
sahighacolytedead,Aelrynth,,,NPC Check for total critters killed,,TRUE,0,3,set by Saving Asherons Wave Controller,
sanamarflagged,Aelrynth,,,Sanamar flagged,,FALSE,0,1,set by Grand Knight,
sanctumguardiankilltask,Aelrynth,,,Sanctum Guardian Spirit KillTask for Harvesting the Bulb of Mornings quest.,,TRUE,0,10,set by Sanctum Guardian Spirit,
sanctumguardiankilltask_completed,Aelrynth,,,Sanctum Guardian Spirit KillTask completed.,,FALSE,0,1,set by Sanctum Guardian Spirit,
sanctumxiruenter,Aelrynth,,,You have been acknowledged as one who may enter Xi Ru's temple.,,FALSE,0,1,set by Door to Xi Ru's Sanctum,
sanctumxiruhevk,Aelrynth,,,You have been given Hevk Loz's blessing to enter Xi Ru's Temple.,,FALSE,0,1,set by Hevk Loz,
sanctumxirujif,Aelrynth,,,You have been given Jif Loz's blessing to enter Xi Ru's Temple.,,FALSE,0,1,set by Jif Loz,
sanctumxirukir,Aelrynth,,,You have been given Kir Loz's blessing to enter Xi Ru's Temple.,,FALSE,0,1,set by Kir Loz,
sandcaveflagcomplete,Aelrynth,,,Neftet Sand Caves Entrance Flag,,TRUE,72000,-1,set by Nephthys,
sandminifour_canenter_0511,Aelrynth,,,Flagged to enter Ancient portal for Idol of black crystal quest,,FALSE,0,1,set by Ancient Tablet of the Crystal Idol (Level 180+),
sandminifour_wait_0511,Aelrynth,,,Idol of black crystal quest,,TRUE,72000,-1,set by Bemeth the Gatherer,
sandminione_canenter_0511,Aelrynth,,,Flagged to enter Ancient portal for Crystal Staff,,FALSE,0,1,set by Ancient Tablet of the Crystal Staff (Level 180+),
sandminione_critterskilled_0511,Aelrynth,,,Incendiary Guardian Kill Counter,,TRUE,0,20,set by Altar of the Red Crystal,
sandminione_wait_0511,Aelrynth,,,Crystal Staff quest,,TRUE,72000,-1,set by Bemeth the Gatherer,
sandminithree_canenter_0511,Aelrynth,,,Flagged to enter Ancient portal for Green Amulet,,FALSE,0,1,set by Ancient Tablet of the Crystal Amulet (Level 180+),
sandminithree_critterskilled_0511,Aelrynth,,,corrupted flame collection,,TRUE,0,20,set by Corrupted Flame,
sandminithree_wait_0511,Aelrynth,,,Green Amulet quest,,TRUE,72000,-1,set by Bemeth the Gatherer,
sandminitwo_canenter_0511,Aelrynth,,,Flagged to enter Ancient portal for Red Crystal Sword,,FALSE,0,1,set by Ancient Tablet of the Crystal Sword (Level 180+),
sandminitwo_wait_0511,Aelrynth,,,Red Crystal Sword quest,,TRUE,72000,-1,set by Bemeth the Gatherer,
sandstonearmorkeypickedup,Aelrynth,,,You have aquired a sandstone armor key.,,TRUE,72000,-1,,
sandstonemagickeypickedup,Aelrynth,,,You have aquired a sandstone magic key.,,TRUE,72000,-1,,
sandstonemixedkeypickedup,Aelrynth,,,You have aquired a sandstone mixed key.,,TRUE,72000,-1,,
sandstoneweaponkeypickedup,Aelrynth,,,You have aquired a sandstone weapon key.,,TRUE,72000,-1,,
sarcophaguskillcount,Aelrynth,,,SarcophagusKillCount,,TRUE,0,4,set by Sergeant Freng,
sarcophaguskilltask,Aelrynth,,,SarcophagusKillTask,,TRUE,72000,-1,set by Sergeant Freng,
sarqahdrudgecharmquest,Aelrynth,,,Retreive a Drudge Charm for Sarqah bint Ak,,TRUE,72000,-1,set by Sarqah bint Ak,
saveapetfinished_1212,Aelrynth,,,quest timer,,TRUE,72000,-1,set by Colton Reeyan,
saveapetstarted_1212,Aelrynth,,,quest timer,,FALSE,0,1,set by Colton Reeyan,
saveasheroncompleted0207,Aelrynth,,,Player has completed Saving Asheron Quest,,TRUE,72000,-1,set by Collector Golem,
saveasheronrepeat0207,Aelrynth,,,Player has completed Saving Asheron Quest at least once,,FALSE,0,1,set by Collector Golem,
saveasheronstarted0207,Aelrynth,,,Player has started Saving Asheron Quest,,FALSE,0,1,set by Collector Golem,
savefionawait,Aelrynth,,,quest timer,,TRUE,72000,-1,set by Fiona Woron,
savetownspersonwait,Aelrynth,,,quest timer,,TRUE,72000,-1,set by Trapped Townsperson,
sawatoextortioncomplete0806,Aelrynth,,,quest timer,,TRUE,72000,-1,set by Sergeant Huang,
sawatoextortiongotaccess0806,Aelrynth,,,quest timer,,FALSE,0,1,set by Unfriendly Barkeeper,
scallywagnoir1,Aelrynth,,,You've spoken to Jake.,,TRUE,72000,-1,set by Gentleman Jake Hawkins,
scepterlugian,Aelrynth,,,Lugian Commander Trophy,,TRUE,72000,-1,,
scepterlugianoct01,Aelrynth,,,Lugian Warlord Sceptre,,TRUE,72000,-1,,
sclavuspresentfirstguess,Aelrynth,,,Player has opened first Present in a two set for puzzle.,,FALSE,0,1,set by Present,
sclavuspresentmoarselffreed,Aelrynth,,,Player questbit for freed Moarself.,,TRUE,0,31,,
sclavuspresentportaldoor,Aelrynth,,,Player stamp for Impostor door.,,FALSE,0,1,set by Santa Sclavus,
sclavuspresentsopened,Aelrynth,,,Santa Sclavus Presents Opened Bits.,,TRUE,0,65535,,
sclavuspresentstart,Aelrynth,,,Player timer for Present Puzzle.,,TRUE,300,-1,set by Moarself,
sclavuspresentwait,Aelrynth,,,Player wat timer for Sclavus Santas House Quest.,,TRUE,72000,-1,set by Santa Sclavus,
sclavuspresentwrongguess,Aelrynth,,,Player counter for how many non-matches.,,TRUE,0,3,set by Present,
sclavusslayer,Aelrynth,,,Players has collected and worn the flesh of several sclavus.,,FALSE,0,1,set by Sclavus Guise,
scrapofshadowessence_pickup,Aelrynth,,,Player has picked up Scrap of Shadow Essence.,,TRUE,72000,-1,,
scrollofair_pickup,Aelrynth,,,Player has picked up the Scroll of Air,,TRUE,72000,-1,,
scrollofearth_pickup,Aelrynth,,,Player has picked up the Scroll of Earth,,TRUE,72000,-1,,
scrollofwater_pickup,Aelrynth,,,Player has picked up the Scroll of Water,,TRUE,72000,-1,,
sealbookcompleted_0611,Aelrynth,,,quest timer,,TRUE,72000,-1,set by Asheron,
sealbookgotgem,Aelrynth,,,quest timer,,TRUE,72000,-1,set by Avatar of the Deru,
sealbookguardiantalk,Aelrynth,,,quest timer,,FALSE,0,1,set by Guardian Spirit,
sealbookstarted_0611,Aelrynth,,,quest timer,,FALSE,0,1,set by Asheron,
sealedolthoipassage,Aelrynth,,,Player can enter the Sealed Olthoi Passage,,TRUE,7200,-1,set by Sealed Olthoi Passage,
sealedtomepickuptimer,Aelrynth,,,Picked up Sealed Tome,,TRUE,72000,-1,,
seatemplecatacombscompleted_1111,Aelrynth,,,Completed Brain Mansion Ruin (Lou Ka's Stolen Items),,TRUE,72000,-1,set by Lubziklan al-Luq,
secondsistercompleted_1112,Aelrynth,,,Player has completed Harvesting the Bulb of Harvests quest.,,TRUE,72000,-1,set by Adrenkus,
secondsisterstarted_1112,Aelrynth,,,Player has started Harvesting the Bulb of Harvests quest.,,FALSE,0,1,set by Adrenkus,
selainaforgiveness,Aelrynth,,,Player has been redeemed a Writ of Forgiveness with Selaina the Subtle,,TRUE,5184000,-1,set by Selaina the Subtle,
selainakilled,Aelrynth,,,Player has killed Selaina the Subtle,,FALSE,0,1,set by Selaina the Subtle,
selainamanakeywrit,Aelrynth,,,Player has turned in the Mana Key Writ to Selaina the Subtle,,TRUE,5184000,-1,set by Selaina the Subtle,
selainaornatewrit,Aelrynth,,,Player has turned in the Society Armor Writ to Selaina the Subtle,,TRUE,518400,-1,checked by Selaina the Subtle,
selainascorpion,Aelrynth,,,Player has been teleported by Selaina the Subtle,,TRUE,300,-1,set by Selaina the Subtle,
sentrytaskcomplete,Aelrynth,,,Sentry Task Completed,,FALSE,0,1,set by Sentry,
serpentburialgroundsbonepickup,Aelrynth,,,quest timer,,TRUE,72000,-1,,
serpentburialgroundsdone,Aelrynth,,,quest timer,,TRUE,72000,-1,set by Kraytuss Nallah,
serpentburialgroundskeypickup,Aelrynth,,,quest timer,,TRUE,72000,-1,,
serpentburialgroundsstarted,Aelrynth,,,quest timer,,FALSE,0,1,set by Kraytuss Nallah,
shadeironcomplete,Aelrynth,,,Shade Iron Complete,,FALSE,0,1,set by Mekhmet,
shadeironstarted,Aelrynth,,,Shade Iron Started,,FALSE,0,1,set by Mekhmet,
shadeironwait,Aelrynth,,,Shade Iron quest cooldown,,TRUE,72000,-1,set by Mekhmet,
shadeofduleportal,Aelrynth,,,Flag to use Shade of Dule to summon portal,,FALSE,0,1,set by Shade of Dule,
shadeofduleportalfellow,Aelrynth,,,Flag for Fellow to use Shade of Dule to summon portal,,FALSE,0,1,set by Shade of Dule,
shadowarmoraluvian1,Aelrynth,,,Aluvian Shadow Armor 1,,FALSE,0,1,set by Alean the Steel Forger,
shadowarmoraluvian2,Aelrynth,,,Aluvian Shadow Armor 2,,FALSE,0,1,set by Alean the Steel Forger,
shadowarmoraluvian3,Aelrynth,,,Aluvian Shadow Armor 3,,FALSE,0,1,set by Alean the Steel Forger,
shadowarmorgharundim1,Aelrynth,,,Gharundim Shadow Armor 1,,FALSE,0,1,set by Jibril ibn Rashid,
shadowarmorgharundim2,Aelrynth,,,Gharundim Shadow Armor 2,,FALSE,0,1,set by Jibril ibn Rashid,
shadowarmorgharundim3,Aelrynth,,,Gharundim Shadow Armor 3,,FALSE,0,1,set by Jibril ibn Rashid,
shadowarmorsho1,Aelrynth,,,Sho Shadow Armor 1,,FALSE,0,1,set by Koga Hideki,
shadowarmorsho2,Aelrynth,,,Sho Shadow Armor 2,,FALSE,0,1,set by Koga Hideki,
shadowarmorsho3,Aelrynth,,,Sho Shadow Armor 3,,FALSE,0,1,set by Koga Hideki,
shadowaspectofgrael_wait,Aelrynth,,,Player has completed Shadow Aspect of Grael Quest,,TRUE,72000,-1,set by Abbess Zik'Lir,
shadowassaultdule,Aelrynth,,,quest timer,,FALSE,0,1,set by Isin Dule,
shadowcaptainsheaume,Aelrynth,,,Shadow Captain's Heaume,,TRUE,72000,-1,,
shadowchestkeypickuptimer,Aelrynth,,,Player has picked up Shadow Chest Key,,TRUE,72000,-1,,
shadowgempickuptimer,Aelrynth,,,Player has picked up Shadow Gem,,TRUE,72000,-1,,
shadowinvasion,Aelrynth,,,quest timer,,TRUE,0,6,"set by Black Ferah, Emissary of Asheron, Isin Dule and 1 more",
shadowinvasiontitle,Aelrynth,,,quest timer,,FALSE,0,1,set by Isin Dule,
shadowinvasionwait,Aelrynth,,,quest timer,,TRUE,72000,-1,"set by Black Ferah, Emissary of Asheron, Isin Dule and 1 more",
shadowshardoftheblackspear_pickup,Aelrynth,,,Player has picked up Shard of the Black Spear,,TRUE,72000,-1,,
shadowstone,Aelrynth,,,Shadow Stone Quest,,TRUE,72000,-1,,
shadowswintercomplete1205,Aelrynth,,,Shadows of Bitter Winter quest cooldown timer,,TRUE,72000,-1,set by Shade of Farelaith,
shadowswintercontractcomplete,Aelrynth,,,Contract Completed for the Shadows of Bitter Winter quest,,FALSE,0,1,,
shadowswinterstarted_0511,Aelrynth,,,Flagged for the Shadows of Bitter Winter quest,,FALSE,0,1,set by Shade of Farelaith,
shadowtouchedvirindiparadoxkillcount,Aelrynth,,,Shadow-touched Virindi Paradox Kill Counter,,TRUE,0,75,set by Guard Li,
shadowtouchedvirindiparadoxkilltask,Aelrynth,,,Shadow-touched Virindi Paradox Kill Task,,TRUE,72000,-1,set by Guard Li,
shadowtouchedvirindiquidioxkillcount,Aelrynth,,,Shadow-touched Virindi Quidiox Kill Counter,,TRUE,0,75,set by Guard Alfric,
shadowtouchedvirindiquidioxkilltask,Aelrynth,,,Shadow-touched Virindi Quidiox Kill Task,,TRUE,72000,-1,set by Guard Alfric,
shadowvortexdule,Aelrynth,,,quest timer,,FALSE,0,1,set by Isin Dule,
shadowvortexferah,Aelrynth,,,quest timer,,FALSE,0,1,set by Black Ferah,
shadowyvirindiessencepickup,Aelrynth,,,quest timer,,TRUE,72000,-1,,
shallowsgorgerkillcount,Aelrynth,,,Shallows Gorger Kill Counter,,TRUE,0,50,set by Dayla Bint Kazm,
shallowsgorgerkilltask,Aelrynth,,,Shallows Gorger Kill Task,,TRUE,72000,-1,set by Dayla Bint Kazm,
shamblingarchivistdestroyer,Aelrynth,,,Shambling Archivist Destroyer,,TRUE,72000,-1,,
shardofharraagsdaggerpickuptimer,Aelrynth,,,Pick up timer for Shard of Harraags Dagger,,TRUE,72000,-1,,
shardoftheabyssaltotempickuptimer,Aelrynth,,,Picked up Shard of the Abyssal Totem,,TRUE,72000,-1,,
shardoftheblackspearpickuptimer,Aelrynth,,,Player has picked up Shard of the Black Spear,,TRUE,72000,-1,,
shardsoulcrystal,Aelrynth,,,Shard of the Soul Crystal,,TRUE,72000,-1,,
shardturshtotemassaulthighacquired0105,Aelrynth,,,You have acquired a shard of the Tursh totem!,,TRUE,72000,-1,,
shardturshtotemassaultlowacquired0105,Aelrynth,,,You have acquired a shard of the Tursh totem!,,TRUE,72000,-1,,
shardturshtotemassaultmidacquired0105,Aelrynth,,,You have acquired a shard of the Tursh totem!,,TRUE,72000,-1,,
shardturshtotemassaultuberacquired0105,Aelrynth,,,You have acquired a shard of the Tursh totem!,,TRUE,72000,-1,,
shatteredcoresamplereceived,Aelrynth,,,Player stamp for receiving the Shattered Aetherium Core Sample.,,TRUE,300,-1,set by Large Shattered Aetherium Core,
shatteredmasterbloodstoneshardpickedup,Aelrynth,,,Pickup timer for Shattered Master Bloodstone,,TRUE,72000,-1,,
shellgamecompleted,Aelrynth,,,You've compleated the Clutch of Kings shell game puzzle.,,TRUE,72000,-1,set by Shell Table,
shellgameplaying,Aelrynth,,,You are currently playing the game.,,TRUE,1800,-1,set by Shell Table,
shellgameshellanswer1,Aelrynth,,,You have seen the shell game.,,TRUE,1800,-1,set by Shell Table,
shellgameshellanswer2,Aelrynth,,,You have seen the shell game.,,TRUE,1800,-1,set by Shell Table,
shellgameshellanswer3,Aelrynth,,,You have seen the shell game.,,TRUE,1800,-1,set by Shell Table,
shemzayellowjewelgiven,Aelrynth,,,Yellow Jewel given to Shemza,,FALSE,0,1,set by Shemza,
shendolaincrystal,Aelrynth,,,Shendolain Crystal,,TRUE,72000,-1,,
shieldcragstonestatuepickup,Aelrynth,,,Player has picked up this shield and cannot pick up another one for 1 day,,TRUE,72000,-1,,
shieldkitestatuepickup,Aelrynth,,,Player has picked up this shield and cannot pick up another one for 1 day,,TRUE,72000,-1,,
shieldquestspawnkilled,Aelrynth,,,Player has killed a critter in Spawn,,TRUE,0,-1,,
shieldroundstatuepickup,Aelrynth,,,Player has picked up this shield and cannot pick up another one for 1 day,,TRUE,72000,-1,,
shieldsimulacra,Aelrynth,,,Shield of the Simulacra,,TRUE,72000,-1,,
shieldsuperior,Aelrynth,,,You have picked up the Superior Shield.,,TRUE,72000,-1,,
shieldtowerstatuepickup,Aelrynth,,,Player has picked up this shield and cannot pick up another one for 1 day,,TRUE,72000,-1,,
shimshimfirstspeak,Aelrynth,,,TBD,,FALSE,0,1,,
shimshimright,Aelrynth,,,Correct answer on Shim Shim,,FALSE,0,1,set by Shim Shim,
shirtbeltsloraquest,Aelrynth,,,Retreive Beltslora's Pretty Shirt,,TRUE,72000,-1,,
shirtjalehtaken,Aelrynth,,,You got the heart of Jaleh,,TRUE,72000,-1,,
shiveringstonemajor,Aelrynth,,,Shivering Stone Major Quest,,TRUE,3600,-1,,
shiveringstoneminor,Aelrynth,,,Shivering Stone Minor Quest,,TRUE,3600,-1,,
shoguthmoarsmankillcount,Aelrynth,,,Shoguth Moarsman Kill Counter,,TRUE,0,40,,
shoguthmoarsmankilltask,Aelrynth,,,Shoguth Moarsman Kill Task,,TRUE,72000,-1,,
shonossoarfragment_pickup,Aelrynth,,,Player has picked up the Shonossoar Fragment,,TRUE,72000,-1,,
shoushibraidbracelet1204,Aelrynth,,,Retreive Bai Den's Bracelet,,TRUE,72000,-1,,
shoushibraidkatar1204,Aelrynth,,,Retreive Lou Ka's Katar,,TRUE,72000,-1,,
shoushibraidnecklace1204,Aelrynth,,,Retreive Bai Den's Necklace,,TRUE,72000,-1,,
shoushibraidring1204,Aelrynth,,,Retreive Bai Den's Ring,,TRUE,72000,-1,,
shoushibraidshuriken1204,Aelrynth,,,Retreive Lou Ka's Shouken,,TRUE,72000,-1,,
shoushibraidtrident1204,Aelrynth,,,Retreive Lou Ka's Trident,,TRUE,72000,-1,,
shoushicomplete,Aelrynth,,,Player has completed the Shoushi Regicide Quest,,TRUE,72000,-1,set by Sir Tenshin,
shoushigreetinggiven,Aelrynth,,,Tenshin has said hello to player,,FALSE,0,1,set by Sir Tenshin,
shoushinenaicheese1204,Aelrynth,,,Retreive Cheese for Nen Ai,,TRUE,72000,-1,,
shoushinenaicider1204,Aelrynth,,,Retreive Cider for Nen Ai,,TRUE,72000,-1,,
shoushistonecompassion,Aelrynth,,,Stone of Compassion Quest,,TRUE,72000,-1,,
shoushistonedetachment,Aelrynth,,,Stone of Detachment Quest,,TRUE,72000,-1,,
shoushistonediscipline1204,Aelrynth,,,Stone of Discipline Quest,,TRUE,72000,-1,,
shoushistonehumility1204,Aelrynth,,,Stone of Humility Quest,,TRUE,72000,-1,,
shrineofblackwater_flag,Aelrynth,,,Player flag to use the Shrine of Black Water,,FALSE,0,1,set by Pau Yajin,
shroudapathypickup,Aelrynth,,,quest timer,,TRUE,72000,-1,,
shroudbloodlustpickup,Aelrynth,,,quest timer,,TRUE,72000,-1,,
shroudcabalnorthaccess0208,Aelrynth,,,Player has spoke to Nomendar al-Rakh,,FALSE,0,1,set by Nomendar al-Rakh,
shroudcabalsouthaccess0208,Aelrynth,,,Player has spoke to Nomendar al-Rakh,,FALSE,0,1,set by Nomendar al-Rakh,
shroudenvypickup,Aelrynth,,,quest timer,,TRUE,72000,-1,,
shroudspitepickup,Aelrynth,,,quest timer,,TRUE,72000,-1,,
shroudvirindioct01,Aelrynth,,,Virindi Shroud,,TRUE,72000,-1,,
shuntranslatedorderspickuptimer,Aelrynth,,,Pick up timer for Soul Hunters Untranslated Orders,,TRUE,72000,-1,,
siblackspeartemple_flag,Aelrynth,,,Access granted to the Shadow Infested Black Spear Temple,,FALSE,0,1,set by Abbess Zik'Lir,
sigiloflinvaktukalpickuptimer,Aelrynth,,,Pickup timer for Sigil of Linvak Tukal,,TRUE,72000,-1,,
signetfragmentcharged_pickup,Aelrynth,,,Player has picked up Signet Fragment from Charged Niche.,,TRUE,72000,-1,,
signetfragmentfiery_pickup,Aelrynth,,,Player has picked up Signet Fragment from the Fiery Alcove.,,TRUE,72000,-1,,
signetfragmentfrozen_pickup,Aelrynth,,,Player has picked up Signet Fragment from the Frozen Recess.,,TRUE,72000,-1,,
signetfragmentstinging_pickup,Aelrynth,,,Player has picked up Signet Fragment from the Stinging Corner.,,TRUE,72000,-1,,
silifiofcrimsonnightcomplete,Aelrynth,,,Silifi of Crimson Night quest cooldown timer,,TRUE,72000,-1,set by Maqudh al Nishadina,
silkoswaldtaken,Aelrynth,,,Took the torn shirt,,TRUE,72000,-1,,
silverinvaderlordhelm,Aelrynth,,,Timer for Silver Lord Helm,,TRUE,72000,-1,,
silverknightmedallion,Aelrynth,,,Defense of Zaikhal Medallion Pickup Timer Silver,,TRUE,72000,-1,set by Jun Sawashima,
silverlegionchestkey,Aelrynth,,,Pick Up Key for Silver Chest,,TRUE,72000,-1,,
silverlegiondoorkey,Aelrynth,,,Pick Up Key for Door to Silver Legion,,TRUE,72000,-1,,
silverscopetrooperkillcount,Aelrynth,,,kill count,,TRUE,0,25,set by Lieutenant Faen,
silverscopetrooperkilltask,Aelrynth,,,kill task timer,,TRUE,72000,-1,set by Lieutenant Faen,
silyunflagged,Aelrynth,,,Silyun flagged,,FALSE,0,1,set by Grand Mother,
simistatuepickup,Aelrynth,,,Player has picked up this weapons and cannot pick up another one for 1 day,,TRUE,72000,-1,,
siraluunclawhairbrushbadlands1204,Aelrynth,,,You have turned in this item already.,,TRUE,72000,-1,set by Aun Ihmenaura,
siraluunclawhairbrushkithless1204,Aelrynth,,,You have turned in this item already.,,TRUE,72000,-1,set by Aun Ihmenaura,
siraluunclawhairbrushlittoral1204,Aelrynth,,,You have turned in this item already.,,TRUE,72000,-1,set by Aun Ihmenaura,
siraluunclawhairbrushmarsh1204,Aelrynth,,,You have turned in this item already.,,TRUE,72000,-1,set by Aun Ihmenaura,
siraluunclawhairbrushstrand1204,Aelrynth,,,You have turned in this item already.,,TRUE,72000,-1,set by Aun Ihmenaura,
siraluunclawhairbrushtidal1204,Aelrynth,,,You have turned in this item already.,,TRUE,72000,-1,set by Aun Ihmenaura,
siraluunclawhairbrushtimber1204,Aelrynth,,,You have turned in this item already.,,TRUE,72000,-1,set by Aun Ihmenaura,
siraluunclawhairbrushuntamed1204,Aelrynth,,,You have turned in this item already.,,TRUE,72000,-1,set by Aun Ihmenaura,
siraluunclawhairgelbadlands1204,Aelrynth,,,You have turned in this item already.,,TRUE,72000,-1,set by Aun Kahuiura,
siraluunclawhairgelkithless1204,Aelrynth,,,You have turned in this item already.,,TRUE,72000,-1,set by Aun Kahuiura,
siraluunclawhairgellittoral1204,Aelrynth,,,You have turned in this item already.,,TRUE,72000,-1,set by Aun Kahuiura,
siraluunclawhairgelmarsh1204,Aelrynth,,,You have turned in this item already.,,TRUE,72000,-1,set by Aun Kahuiura,
siraluunclawhairgelstrand1204,Aelrynth,,,You have turned in this item already.,,TRUE,72000,-1,set by Aun Kahuiura,
siraluunclawhairgeltidal1204,Aelrynth,,,You have turned in this item already.,,TRUE,72000,-1,set by Aun Kahuiura,
siraluunclawhairgeltimber1204,Aelrynth,,,You have turned in this item already.,,TRUE,72000,-1,set by Aun Kahuiura,
siraluunclawhairgeluntamed1204,Aelrynth,,,You have turned in this item already.,,TRUE,72000,-1,set by Aun Kahuiura,
siraluunclawhairpinbadlands1204,Aelrynth,,,You have turned in this item already.,,TRUE,72000,-1,set by Aun Nireeura,
siraluunclawhairpinkithless1204,Aelrynth,,,You have turned in this item already.,,TRUE,72000,-1,set by Aun Nireeura,
siraluunclawhairpinlittoral1204,Aelrynth,,,You have turned in this item already.,,TRUE,72000,-1,set by Aun Nireeura,
siraluunclawhairpinmarsh1204,Aelrynth,,,You have turned in this item already.,,TRUE,72000,-1,set by Aun Nireeura,
siraluunclawhairpinstrand1204,Aelrynth,,,You have turned in this item already.,,TRUE,72000,-1,set by Aun Nireeura,
siraluunclawhairpintidal1204,Aelrynth,,,You have turned in this item already.,,TRUE,72000,-1,set by Aun Nireeura,
siraluunclawhairpintimber1204,Aelrynth,,,You have turned in this item already.,,TRUE,72000,-1,set by Aun Nireeura,
siraluunclawhairpinuntamed1204,Aelrynth,,,You have turned in this item already.,,TRUE,72000,-1,set by Aun Nireeura,
siraluunclawscissorsbadlands1204,Aelrynth,,,You have turned in this item already.,,TRUE,72000,-1,set by Aun Pitamaura,
siraluunclawscissorskithless1204,Aelrynth,,,You have turned in this item already.,,TRUE,72000,-1,set by Aun Pitamaura,
siraluunclawscissorslittoral1204,Aelrynth,,,You have turned in this item already.,,TRUE,72000,-1,set by Aun Pitamaura,
siraluunclawscissorsmarsh1204,Aelrynth,,,You have turned in this item already.,,TRUE,72000,-1,set by Aun Pitamaura,
siraluunclawscissorsstrand1204,Aelrynth,,,You have turned in this item already.,,TRUE,72000,-1,set by Aun Pitamaura,
siraluunclawscissorstidal1204,Aelrynth,,,You have turned in this item already.,,TRUE,72000,-1,set by Aun Pitamaura,
siraluunclawscissorstimber1204,Aelrynth,,,You have turned in this item already.,,TRUE,72000,-1,set by Aun Pitamaura,
siraluunclawscissorsuntamed1204,Aelrynth,,,You have turned in this item already.,,TRUE,72000,-1,set by Aun Pitamaura,
sircoretto,Aelrynth,,,Knights of Karlun - Sir Ginazio,,TRUE,72000,-1,set by Sir Ginazio,
sirginaziosword,Aelrynth,,,Pick up of Sir Ginazio's Sword,,TRUE,72000,-1,checked by Sir Ginazio,
sishaltislithiskillcount,Aelrynth,,,Sishalti Slithis Kill Counter,,TRUE,0,150,set by Zava bint Laurma,
sishaltislithiskilltask,Aelrynth,,,Sishalti Slithis Kill Task,,TRUE,72000,-1,set by Zava bint Laurma,
skeletonnoir1,Aelrynth,,,You've examined the skeleton.,,TRUE,5400,-1,set by Skeleton,
skillalterationgempickedup,Aelrynth,,,Picked up a skill alteration gem.,,TRUE,72000,-1,,
skillloweringgempickedup,Aelrynth,,,Picked up a forgetfulness gem.,,TRUE,72000,-1,,
skillpoint01,Aelrynth,,,Give Aun Hareltah any SkillToken,,TRUE,0,5,set by Aun Hareltah,
skillreset30day,Aelrynth,,,Used your 30 day skill reset at Asheron's Castle,,TRUE,2592000,-1,set by Fianhe,
skinmorgluuk,Aelrynth,,,You've collected the skin from Morgluuk's hide.,,TRUE,72000,-1,,
slippersjalehtaken,Aelrynth,,,You got the heart of Jaleh,,TRUE,72000,-1,,
slithistentacleskillcount,Aelrynth,,,Slithis Tentacles Kill Counter,,TRUE,0,50,,
slithistentacleskilltask,Aelrynth,,,Slithis Tentacles Kill Task,,TRUE,72000,-1,,
smallfledglingmukkirkillcount,Aelrynth,,,Small Fledgling Mukkir Kill Counter,,TRUE,0,15,,
smallfledglingmukkirkilltask,Aelrynth,,,Small Fledgling Mukkir Kill Task,,TRUE,72000,-1,,
smallshadowstatueturnins,Aelrynth,,,Player stamp for handing in Small Shadow Statue of the Hopeslayer,,TRUE,0,3,set by Riordin Nightbane,
smallshadowstatueturnins_wait,Aelrynth,,,Player wait timer for handing in Small Shadow Statue of the Hopeslayer,,TRUE,518400,-1,set by Riordin Nightbane,
smolderingstonemajor,Aelrynth,,,Smoldering Stone Major Quest,,TRUE,3600,-1,,
smolderingstoneminor,Aelrynth,,,Smoldering Stone Minor Quest,,TRUE,3600,-1,,
snowlillies,Aelrynth,,,Lila Fiori Snow Lillies,,TRUE,72000,-1,set by Lila Fiori,
snowmakerused,Aelrynth,,,You've set off some snow.,,TRUE,90,-1,set by Snowmaker,
snowtuskerkillcount,Aelrynth,,,Snow Tusker Kill Counter,,TRUE,0,20,set by Hunter,
snowtuskerkillleadercount,Aelrynth,,,Snow Tusker Leader Kill Counter,,TRUE,0,10,set by Hunter,
snowtuskerkillleadertask,Aelrynth,,,Snow Tusker Leader Kill Task,,TRUE,72000,-1,set by Hunter,
snowtuskerkilltask,Aelrynth,,,Snow Tusker Kill Task,,TRUE,72000,-1,set by Hunter,
snowtuskerkillwarriorcount,Aelrynth,,,Snow Tusker Warrior Kill Counter,,TRUE,0,20,set by Hunter,
snowtuskerkillwarriortask,Aelrynth,,,Snow Tusker Warrior Kill Task,,TRUE,72000,-1,set by Hunter,
socaugcommanderdefeated,Aelrynth,,,Defeated Society Aug Commander,,FALSE,0,1,set by Commander,
socaugdocumentsread,Aelrynth,,,Society Documents Read,,FALSE,0,1,set by Documents,
socaugprisonersfree,Aelrynth,,,Society Aug Dungeon Prisoners Freed,,FALSE,0,1,"set by Blood Captives Doorman, Hand Captives Doorman, Web Captives Doorman",
socaugzoneatotaldead,Aelrynth,,,Society Aug Dungeon Zone A West Killed,,TRUE,0,11,"set by Blood v Blood Doorman, Blood v Hand Doorman, Blood v Web Doorman and 6 more",
societyarmorwritwait,Aelrynth,,,Cooldown for Society Armor Writ turn in,,TRUE,72000,-1,"set by Society Breastplate Armorsmith, Society Gauntlets Armorsmith, Society Girth Armorsmith and 6 more",
societyauginprogress_0611,Aelrynth,,,SocietyAugInProgress_0611 Countdown to complete,,TRUE,2400,-1,set by Operations Specialist,
societyauginprogresswait,Aelrynth,,,Countdown to clean up after Society Aug run,,TRUE,60,-1,set by Operations Specialist,
societyaugneedreward_0210,Aelrynth,,,Society Aug Quest Started,,FALSE,0,1,set by Operations Specialist,
societyaugreward_0210,Aelrynth,,,SocietyAugReward_0210 Cooldown Timer,,TRUE,518400,-1,set by Operations Specialist,
societydamagedribbonsperdaycounter,Aelrynth,,,Limiter for amount of damaged ribbons a player has turned in per day,,TRUE,0,25,set by Commendations Officer,
societydamagedribbonsperdaytimer,Aelrynth,,,Timer for how often a player can turn in the limit of damaged ribbons,,TRUE,216000,-1,set by Commendations Officer,
societyflag,Aelrynth,,,Player is flagged for access to one or more societies,,TRUE,0,7,,
societymasterstipendcollectioncounter,Aelrynth,,,Counter for Society Stipends collected,,TRUE,0,-1,"set by Master Mhoire, Master Rhan, Master Tarkor'in",
societymasterstipendcollectiontimer,Aelrynth,,,Timer for how often a player can collect a society stipend,,TRUE,590400,-1,"set by Master Mhoire, Master Rhan, Master Tarkor'in",
societymember,Aelrynth,,,Player has joined a society,,TRUE,0,4,,
societyresetwait,Aelrynth,,,Cooldown for Society reset,,TRUE,2332800,-1,set by Gaston Shadowbound,
societyribbonsperdaycounter,Aelrynth,,,Limiter for amount of ribbons a player has turned in per day,,TRUE,0,200,set by Commendations Officer,
societyribbonsperdaytimer,Aelrynth,,,"Timer for how often a player can turn in the per rank, per day limit of ribbons",,TRUE,72000,-1,set by Commendations Officer,
solidmukkirorbnotespickup,Aelrynth,Timer for Halmeras Encoded Notes pickup,,Timer for Halmera's Encoded Notes pickup,Timer for Halmera's Encoded Notes pickup,TRUE,72000,-1,,
soulfearingvestrykey,Aelrynth,,,The key from the High Acolyte,,TRUE,18000,-1,,
soulfearingvestryskull,Aelrynth,,,The skull of the High Acolyte,,TRUE,72000,-1,,
soulhunterquestflag_1106,Aelrynth,,,Player is Flagged for Soul Hunters Lair,,FALSE,0,1,set by Hasin Lin,
soulhunterquestwait_1106,Aelrynth,,,Wait timer for Soul Hunters Quest,,TRUE,72000,-1,set by Hasin Lin,
soulhunterschamberflag_1106,Aelrynth,,,Player is Flagged for Soul Hunters Chamber Portal,,FALSE,0,1,set by Altar of Urdhinivix,
southernresonatingcrystalflag,Aelrynth,,,Player has turned in the Southern Resonator,,FALSE,0,1,set by Southern Resonating Crystal,
southernshroudcabalcomplete_0511,Aelrynth,,,Player has completed Southern Shroud Cabal,,TRUE,72000,-1,set by Nomendar al-Rakh,
southerntumerokinsignia,Aelrynth,,,Southern Tumerok Insignia,,TRUE,72000,-1,,
southinfiltratorshardpickup,Aelrynth,,,Southern Infiltrator Message Shard pickup timer,,TRUE,72000,-1,,
spareparts_0813,Aelrynth,,,quest timer,,TRUE,72000,-1,set by Pile of Spare Parts,
sparkingstonemajor,Aelrynth,,,Sparking Stone Major Quest,,TRUE,3600,-1,,
sparkingstoneminor,Aelrynth,,,Sparking Stone Minor Quest,,TRUE,3600,-1,,
sparklingportalflag_0910,Aelrynth,,,Player flag to use Sparkling Portal,,TRUE,3600,-1,set by Emissary of Asheron,
spawnzenithcount,Aelrynth,,,Count for spawning a Zenith in the Portal Space Rifts quest,,TRUE,0,8,"set by Acid Plane Stopgap, Electric Plane Stopgap, Fire Plane Stopgap and 1 more",
speakcorrect,Aelrynth,,,TBD,,FALSE,0,1,,
speakincorrect,Aelrynth,,,TBD,,FALSE,0,1,,
spearofbaranaith,Aelrynth,,,Spear of Baranaith pickup timer,,TRUE,72000,-1,,
spearstatuepickup,Aelrynth,,,Player has picked up this weapons and cannot pick up another one for 1 day,,TRUE,72000,-1,,
spectralarcherkillcount,Aelrynth,,,Spectral Archer Kill Counter,,TRUE,0,15,,
spectralarcherkilltask,Aelrynth,,,Spectral Archer Kill Task,,TRUE,72000,-1,,
spectralbladeandclawkillcount,Aelrynth,,,Spectral Blade and Claw Kill Counter,,TRUE,0,10,,
spectralbladeandclawkilltask,Aelrynth,,,Spectral Blade and Claw Kill Task,,TRUE,72000,-1,,
spectralbushikillcount,Aelrynth,,,Spectral Bushi Kill Counter,,TRUE,0,10,,
spectralbushikilltask,Aelrynth,,,Spectral Bushi Kill Task,,TRUE,72000,-1,,
spectralmagekillcount,Aelrynth,,,Spectral Mage Kill Counter,,TRUE,0,5,,
spectralmagekilltask,Aelrynth,,,Spectral Mage Kill Task,,TRUE,72000,-1,,
spectralminionkillcount,Aelrynth,,,Spectral Minion Kill Counter,,TRUE,0,15,,
spectralminionkilltask,Aelrynth,,,Spectral Minion Kill Task,,TRUE,72000,-1,,
spectralnanjoushoujenkillcount,Aelrynth,,,Spectral Nanjou Shou-jen Kill Counter,,TRUE,0,5,,
spectralnanjoushoujenkilltask,Aelrynth,,,Spectral Nanjou Shou-jen Kill Task,,TRUE,72000,-1,,
spectralsamuraikillcount,Aelrynth,,,Spectral Samurai Kill Counter,,TRUE,0,10,,
spectralsamuraikilltask,Aelrynth,,,Spectral Samurai Kill Task,,TRUE,72000,-1,,
spellcastinggloves,Aelrynth,,,Fiun Spell Casting Gloves NPC,,TRUE,72000,-1,set by Senior Sage Shibak,
spellcastingglovesactive,Aelrynth,,,Flagged to enter Abayar's Study,,FALSE,0,1,set by Senior Sage Shibak,
spheruleregicidepickup,Aelrynth,,,Player has picked up the Spherule,,TRUE,72000,-1,checked by Sir Rylanan,
spiketoothshead_pickuptimer,Aelrynth,,,Player has picked up Spiketooths Head,,TRUE,72000,-1,,
spirechunk_pickup,Aelrynth,,,Player has picked up Spire Chunk,,TRUE,72000,-1,,
spiredrudgedead,Aelrynth,,,NPC Kill Count,,TRUE,0,4,,
spiritdefendedwait,Aelrynth,,,Timer for defending a spirit in Hoshino Must Die.,,TRUE,300,-1,"set by Spirit of Dana'lith, Spirit of Khira'thi, Spirit of Rhia'ni",
spiritedapathy,Aelrynth,,,quest timer,,FALSE,0,1,set by Sapphire Annex,
spiritedbloodlust,Aelrynth,,,quest timer,,FALSE,0,1,set by Ruby Annex,
spiritedcompleted_0813,Aelrynth,,,quest timer,,TRUE,72000,-1,set by Rinne Gorber,
spiritedenvy,Aelrynth,,,quest timer,,FALSE,0,1,set by Jade Annex,
spiritedspite,Aelrynth,,,quest timer,,FALSE,0,1,set by Amethyst Annex,
spiritedstarted_0813,Aelrynth,,,quest timer,,FALSE,0,1,set by Rinne Gorber,
splintersgivenulgrim,Aelrynth,,,Number of splinters handed to Ulgrim.,,TRUE,0,9,set by Ulgrim the Unpleasant,
splinterulgrimcombat,Aelrynth,,,Found Splinter10 of Ulgrim's Wand.,,FALSE,0,1,,
splinterulgrimeastham,Aelrynth,,,Found Splinter1 of Ulgrim's Wand.,,FALSE,0,1,set by Ulgrim the Underhanded,
splinterulgrimlytelthorpe,Aelrynth,,,Found Splinter2 of Ulgrim's Wand.,,FALSE,0,1,set by Ulgrim the Uncertain,
splinterulgrimrithwic,Aelrynth,,,Found Splinter3 of Ulgrim's Wand.,,FALSE,0,1,set by Ulgrim the Unintelligible,
splinterulgrimsamsur,Aelrynth,,,Found Splinter4 of Ulgrim's Wand.,,FALSE,0,1,set by Ulgrim the Uncooperative,
splinterulgrimsawato,Aelrynth,,,Found Splinter5 of Ulgrim's Wand.,,FALSE,0,1,set by Ulgrim the Unclean,
splinterulgrimshoushi,Aelrynth,,,Found Splinter6 of Ulgrim's Wand.,,FALSE,0,1,set by Ulgrim the Underdressed,
splinterulgrimtoutou,Aelrynth,,,Found Splinter7 of Ulgrim's Wand.,,FALSE,0,1,set by Ulgrim the Unreal,
splinterulgrimuziz,Aelrynth,,,Found Splinter8 of Ulgrim's Wand.,,FALSE,0,1,set by Ulgrim the Unlucky,
splinterulgrimyanshi,Aelrynth,,,Found Splinter9 of Ulgrim's Wand.,,FALSE,0,1,set by Ulgrim the Unbalanced,
splitgraelhighcomplete0806,Aelrynth,,,Player has completed Split Grael High,,TRUE,72000,-1,set by Hoshar ibn Jalaq,
splitgraelhighichorturnin0806,Aelrynth,,,Player has started Split Grael High,,FALSE,0,1,set by Hoshar ibn Jalaq,
splitgraellowbloodturnin0806,Aelrynth,,,Player has turned in Garaktars Blood to Lamorda,,FALSE,0,1,set by Lamorda Loschi,
splitgraellowcomplete0806,Aelrynth,,,Player has completed Splitting Grael Low Quest,,TRUE,72000,-1,set by Lamorda Loschi,
splitgraellowstarted0806,Aelrynth,,,Player has spoke with Lamorda,,FALSE,0,1,set by Lamorda Loschi,
splitgraelmidcomplete0806,Aelrynth,,,Player has completed Splitting Greal Mid,,FALSE,0,1,set by Soju Bo-Ki,
splitgraelmidessenceturnin0806,Aelrynth,,,Player has turned in Essence to Soju Bo-Ki,,FALSE,0,1,set by Soju Bo-Ki,
splitgraelmidstarted0806,Aelrynth,,,Player has spoke with Soju Bo-Ki,,FALSE,0,1,set by Soju Bo-Ki,
spokeayanamechiyoko,Aelrynth,,,quest timer,,FALSE,0,1,set by Ayaname Chiyoko,
spokenbobo,Aelrynth,,,TBD,,FALSE,0,1,"set by Oolutanga, the Tusker King",
spokenbrighteyes,Aelrynth,Oswald's Dirk Quest,https://acportalstorm.com/wiki/Oswald's_Dirk_Quest,TBD. See Brighteyes; the Tailor. In Oolatangas refuge.,TBD,FALSE,0,1,"set by Brighteyes, the Tailor",
spokentoeyekiviklirtriallogic,Aelrynth,,,You have spoken to the Logical Eye of the Watcher.,,FALSE,0,1,set by Eye of the Watcher,
spokentokielerea,Aelrynth,,,You've talked to Kielerea.,,FALSE,0,1,set by Aun Kielerea,
spokentostatuekiviklirarena,Aelrynth,,,You have spoken to the Guardian of the Arena.,,FALSE,0,1,set by Guardian of the Arena,
spoketershen,Aelrynth,,,quest timer,,FALSE,0,1,set by Ter Shen,
spoketofadsahil,Aelrynth,,,Player has spoken to Fadsahil al-Tashbi and been given the info on the quest.,,FALSE,0,1,set by Fadsahil al-Tashbi the Master Archmage,
spoketojondor,Aelrynth,,,Player spoke to Jondor,,FALSE,0,1,set by Jondor Torgren,
spoketolaedron,Aelrynth,,,Player spoke to Laedron the Geomancer,,FALSE,0,1,set by Laedron the Geomancer,
spoketolugianspy,Aelrynth,,,You have spoken to Toberik the Lugian Spy.,,FALSE,0,1,set by Toberik,
spoketomaqudh,Aelrynth,,,Maqudh spoken to,,FALSE,0,1,set by Maqudh al Nishadina,
spoketossavish,Aelrynth,,,Ssavish spoken to,,FALSE,0,1,set by Ssavish,
spoketrevor,Aelrynth,,,Spoke to Trevor Shunderson.,,TRUE,72000,-1,set by Trevor Shunderson,
spokewithastara,Aelrynth,,,Spoke With Astara.,,TRUE,72000,-1,set by Astara Duskshield,
spokewithdelton,Aelrynth,,,Spoke With Delton,,TRUE,72000,-1,set by Delton Hardor,
spokewithfallenmgr,Aelrynth,,,was in robbed warehouse,,TRUE,72000,-1,set by Aun Talamura,
spokewithsharia,Aelrynth,,,Spoke to Sharia Blackmist and started Ghost Hunter quest,,FALSE,0,1,set by Sharia Blackmist,
spokewithslithe,Aelrynth,,,Player has spoken with Slithe Tradittor and may go thru portal,,FALSE,0,1,set by Slithe Tradittor,
spokewithsyltyn,Aelrynth,,,Spoke With Syltyn,,TRUE,72000,-1,set by Mage Syltyn Rillon,
springgolem,Aelrynth,,,Player has picked up a Golem spring and cannot pick up another for 1 day.,,TRUE,72000,-1,,
springgolemgiven,Aelrynth,,,Player has given this spring and cannot give another for one day.,,TRUE,72000,-1,set by Arcanum Researcher,
springsclavus,Aelrynth,,,Player has picked up a Sclavus spring and cannot pick up another for 1 day.,,TRUE,72000,-1,,
springsclavusgiven,Aelrynth,,,Player has given this spring and cannot give another for one day.,,TRUE,72000,-1,set by Arcanum Researcher,
springskeleton,Aelrynth,,,Player has picked up a Skeleton spring and cannot pick up another for 1 day.,,TRUE,72000,-1,,
springskeletongiven,Aelrynth,,,Player has given this spring and cannot give another for one day.,,TRUE,72000,-1,set by Arcanum Researcher,
springtumerok,Aelrynth,,,Player has picked up a Tumerok spring and cannot pick up another for 1 day.,,TRUE,72000,-1,,
springtumerokgiven,Aelrynth,,,Player has given this spring and cannot give another for one day.,,TRUE,72000,-1,set by Arcanum Researcher,
staffstatuepickup,Aelrynth,,,Player has picked up this weapons and cannot pick up another one for 1 day,,TRUE,72000,-1,,
staminapickup,Aelrynth,,,Player has picked up an Academy stamina potion,,TRUE,0,15,,
startdarkisleflag,Aelrynth,,,Flagged to use Deep Mukkir portal,,FALSE,0,1,set by Lanaith,
startedfiregolems,Aelrynth,,,Fire Golem Kill Task started,,FALSE,0,1,set by Water Guardian,
startedoublietteboss_0112,Aelrynth,,,quest timer,,FALSE,0,1,set by Shade of Terelev,
startedwatergolems,Aelrynth,,,Water Golem Kill Task started,,FALSE,0,1,set by Flame Guardian,
startknorr,Aelrynth,,,Start the Knorr Quest,,FALSE,0,1,"set by Olcris, Nuhmudira's Student",
statuekiviklirguardianantechamber,Aelrynth,Kivik Lir Guardian,,You have spoken to the Guardian of the Antechamber.,,FALSE,0,1,set by Guardian,
statuekiviklirguardiantrial,Aelrynth,,,You have spoken to the Guardian of the Trials.,,FALSE,0,1,set by Guardian of the Trials,
stingingstonemajor,Aelrynth,,,Stinging Stone Major Quest,,TRUE,3600,-1,,
stingingstoneminor,Aelrynth,,,Stinging Stone Minor Quest,,TRUE,3600,-1,,
stipendscollectedinamonth,Aelrynth,,,Amount of stipends player has received within a 27 day period.,,TRUE,0,4,set by Monroe,
stipendtimer_0812,Aelrynth,,,Amount of stipends received.,,TRUE,518400,-1,set by Monroe,
stipendtimer_monthly,Aelrynth,,,Monthly timer for receiving up to 4 stipends.,,TRUE,2332800,-1,set by Monroe,
stolenamulet,Aelrynth,,,Thrungus Hovels,,TRUE,72000,-1,,
stolenbracelet,Aelrynth,,,Thrungus Hovels,,TRUE,72000,-1,,
stolenbrewkettle,Aelrynth,,,Thrungus Hovels,,TRUE,72000,-1,,
stolenewer,Aelrynth,,,Thrungus Hovels,,TRUE,72000,-1,,
stolenfryingpan,Aelrynth,,,Thrungus Hovels,,TRUE,72000,-1,,
stolennecklace,Aelrynth,,,Thrungus Hovels,,TRUE,72000,-1,,
stolenplatter,Aelrynth,,,Thrungus Hovels,,TRUE,72000,-1,,
stolenring,Aelrynth,,,Thrungus Hovels,,TRUE,72000,-1,,
stonebagcomplete,Aelrynth,,,Bits for completed Stone Bag,,TRUE,0,7,checked by Bucket,
stonefistscritterskilled,Aelrynth,,,Player has killed a creature found in Stone Fist,,TRUE,0,-1,set by Stone Fists Event Watcher,
stoneholdtranscription,Aelrynth,,,Stonehold Frore Transcription,,TRUE,72000,-1,,
stoneofalbarel_pickup,Aelrynth,,,Player has picked up the Stone of Albarel,,TRUE,72000,-1,,
stoneofrezarel_pickup,Aelrynth,,,Player has picked up the Stone of Rezarel.,,TRUE,72000,-1,,
stonetool,Aelrynth,,,Stone Tool Quest,,TRUE,3600,-1,,
storageboxpickup,Aelrynth,,,Picked up Storage Box (42111),,TRUE,72000,-1,,
storehousebypass,Aelrynth,,,This quest flag is obsolete.,,FALSE,0,1,,
storehousehientry,Aelrynth,,,This quest flag is obsolete.,,TRUE,72000,-1,,
storehousehiwait,Aelrynth,,,This quest flag is obsolete.,,TRUE,72000,-1,,
storehouselowentry,Aelrynth,,,This quest flag is obsolete.,,TRUE,72000,-1,,
storehouselowwait,Aelrynth,,,This quest flag is obsolete.,,TRUE,72000,-1,,
storehousemidentry,Aelrynth,,,This quest flag is obsolete.,,TRUE,72000,-1,,
storehousemidwait,Aelrynth,,,This quest flag is obsolete.,,TRUE,72000,-1,,
strangecrystalstart,Aelrynth,,,quest timer,,FALSE,0,1,set by Isin Dule,
strangedeviceinprogress,Aelrynth,,,Strange Device is giving out rewards.,,TRUE,120,-1,"set by Strange Device 1 Reward Giver, Strange Device 2 Reward Giver, Strange Device 4 Reward Giver",
strangemanagempickup,Aelrynth,,,quest timer,,TRUE,72000,-1,,
strongholdbuilder,Aelrynth,,,Your status for donations to all of the Stronghold Collectors.,,TRUE,0,100,"set by Aun Teverea, Caelis Renning, Kreavon",
strongholdbuildercomplete,Aelrynth,,,You have recieved your Stronghold Flag Stamp.,,FALSE,0,1,"set by Aun Teverea, Caelis Renning, Kreavon",
strongholdhumanbuilder,Aelrynth,,,Your status for donations to the Human Stronghold Collector.,,TRUE,0,201,set by Caelis Renning,
strongholdlugianbuilder,Aelrynth,,,Your status for donations to the Lugian Stronghold Collector.,,TRUE,0,201,set by Kreavon,
strongholdtumerokbuilder,Aelrynth,,,Your status for donations to the Tumerok Stronghold Collector.,,TRUE,0,201,set by Aun Teverea,
summoningadepts_flag,Aelrynth,,,Access granted to the Summoning Chamber and Binding Realm,,FALSE,0,1,set by Ring of the Summoning Adepts,
summoningcavecrystal1,Aelrynth,,,quest timer,,TRUE,1800,-1,set by Strange Crystal,
summoningcavecrystal2,Aelrynth,,,quest timer,,TRUE,1800,-1,set by Strange Crystal,
summoningcrystalcount,Aelrynth,,,Player has killed a summoning crystal.,,TRUE,0,-1,set by Torment Event Watcher,
summoningtthuuncounter,Aelrynth,,,Number of bosses killed,,TRUE,0,3,set by Tthuun Counter Stopgap,
summonmasterychange,Aelrynth,Changed Summoning Mastery,,Changed Summoning Mastery.,,FALSE,0,1,,
superbimprintingmotepickedup,Aelrynth,,,Picked up the Superb Imprinting Mote,,TRUE,518400,-1,,
suppliesturnedin1209,Aelrynth,,,Player wait time for Supply Saboteur.,,TRUE,72000,-1,set by Fort Commander,
suppliesturnedinch,Aelrynth,,,Player stamp for turning in CH Supplies.,,FALSE,0,1,set by Fort Commander,
suppliesturnedinew,Aelrynth,,,Player stamp for turning in EW Supplies.,,FALSE,0,1,set by Fort Commander,
suppliesturnedinrb,Aelrynth,,,Player stamp for turning in RB Supplies.,,FALSE,0,1,set by Fort Commander,
suzuharacomplete_0511,Aelrynth,,,Delivered Baijin's Care Package to Suzuhara Sheshumi,,TRUE,72000,-1,set by Suzuhara Sheshumi,
suzuharapackageacquired1204,Aelrynth,,,You have acquired Suzuhara's Package!,,TRUE,72000,-1,,
swordlongstatuepickup,Aelrynth,,,Player has picked up this weapons and cannot pick up another one for 1 day,,TRUE,72000,-1,,
swordlostlight,Aelrynth,,,You have picked up the Sword of Lost Light.,,TRUE,72000,-1,,
swordofbellenese,Aelrynth,,,Sword of Bellenese Timer,,TRUE,72000,-1,,
swordofsorokupickuptimer,Aelrynth,,,Pickup timer for Sword of Soroku,,TRUE,1123200,-1,,
swordshortstatuepickup,Aelrynth,,,Player has picked up this weapons and cannot pick up another one for 1 day,,TRUE,72000,-1,,
sylsfeartreasurekey,Aelrynth,,,Sylsfear Dungeon Chest Key,,TRUE,72000,-1,,
tachistatuepickup,Aelrynth,,,Player has picked up this weapons and cannot pick up another one for 1 day,,TRUE,72000,-1,,
tainted1_0813,Aelrynth,,,quest timer,,FALSE,0,1,set by Aetherium Ore,
tainted2_0813,Aelrynth,,,quest timer,,FALSE,0,1,set by Aetherium Ore,
tainted3_0813,Aelrynth,,,quest timer,,FALSE,0,1,set by Aetherium Ore,
taintedall_0813,Aelrynth,,,quest timer,,FALSE,0,1,set by Aetherium Ore,
takenblackbookpages,Aelrynth,,,Taken a set of pages of the Black Book of Salt and Ash,,TRUE,72000,-1,set by Black Book of Salt and Ash,
takewaterlethe,Aelrynth,,,Player has picked up Water of Lethe.,,TRUE,72000,-1,,
talkedtoassistantrot2,Aelrynth,,,talked to Nuhmudira's Assistant,,FALSE,0,1,"set by Darhy, Assistant to Nuhmudira",
talkedtobuilder,Aelrynth,,,You have talked to the Stronghold Collectors.,,FALSE,0,1,"set by Aun Teverea, Caelis Renning, Kreavon",
talkedtodaliuskendmar,Aelrynth,,,Talked to Dalius Kendmar.,,TRUE,72000,-1,set by Dalius Kendmar,
talkedtoexstudentrot2,Aelrynth,,,Talked to Cydna Wren,,FALSE,0,1,set by Cydna Wren,
talkedtoladydain,Aelrynth,,,Talked to Lady Dain.,,TRUE,72000,-1,set by Talira Dain,
talkedtoliatzethorstenarmor,Aelrynth,,,Player has spoken with Lia Tze,,TRUE,72000,-1,set by Lia Tze,
talkedtolighthousehermit,Aelrynth,,,You've spoken to the Lighthouse Hermit recently.,,TRUE,72000,-1,set by Lighthouse Hermit,
talkedtoowner,Aelrynth,,,Player has already spoken with owner,,TRUE,72000,-1,set by Frest Greelving,
talkedtosnowmanmayor,Aelrynth,,,You recently talked to the Mayor of Frost Haven.,,TRUE,28800,-1,set by The Mayor,
talkedtotacklemaster,Aelrynth,,,Player has spoken to the Tacklemaster.,,FALSE,0,1,set by Tackle Master,
talkedtotaiwothorstenarmor,Aelrynth,,,Player has spoken with Tai Wo,,TRUE,72000,-1,set by Tai Wo,
talkedtozaikhaljeweler,Aelrynth,,,Talked to ROT2 Jeweler,,FALSE,0,1,set by Djusufa bint Huqis the Jeweler,
talkshadowcaptain,Aelrynth,,,quest timer,,FALSE,0,1,set by Black Ferah,
talkshadowsoldier,Aelrynth,,,quest timer,,FALSE,0,1,set by Shadow Captain,
tanadaclanmedallionturnin,Aelrynth,,,Player has turned in the Tanada Clan Masters Medallion.,,TRUE,0,-1,"set by Ookami Kiri, Sayuji Jina",
tanadaconsulsmessageshard_pickup,Aelrynth,,,Player has picked up Tanada Consuls Message Shard,,TRUE,72000,-1,,
tanadadirectives,Aelrynth,,,Counter for Tanada House of Water Directives,,TRUE,0,-1,set by Meshenq,
tanadadirectivespickup,Aelrynth,,,Pickup timer for Tanada House of Water Directives,,TRUE,72000,-1,,
tanadahouseofbreath_flag,Aelrynth,,,Player flag for Tanada House of Breath Portal,,FALSE,0,1,set by Tanada Shrine of Wind,
tanadahouseofearth_flag,Aelrynth,,,Player flag for Tanada House of Earth Portal,,FALSE,0,1,set by Ookami Kiri,
tanadahouseofearthcompleted,Aelrynth,,,Player wait timer for Tanada House of Earth Quest.,,TRUE,72000,-1,set by Sayuji Jina,
tanadahouseofearthmaster_flag,Aelrynth,,,Player flag for Tanada House of Earth Master Chambers Portal,,FALSE,0,1,set by Tanada Shrine of Metal,
tanadahouseofearthquest_flag,Aelrynth,,,Player has completed Tanada House of Storms Quest,,FALSE,0,1,set by Sayuji Jina,
tanadahouseofearthstarted,Aelrynth,,,Player has started Tanada House of Earth Quest,,FALSE,0,1,set by Sayuji Jina,
tanadahouseoffirecompleted,Aelrynth,,,Player wait timer for Tanada House of Fire Quest.,,TRUE,72000,-1,set by Tanada Han-Tu,
tanadahouseoffirequest_flag,Aelrynth,,,Player flag to start Tanada House of Fire Quest,,FALSE,0,1,set by Pau Yajin,
tanadahouseoffirestarted,Aelrynth,,,Player has started Tanada House of Fire Quest,,FALSE,0,1,set by Tanada Sajo,
tanadahouseofmetal_flag,Aelrynth,,,Player flag for Tanada House of Metal Portal,,FALSE,0,1,set by Tanada Shrine of Stone,
tanadahouseofstone_flag,Aelrynth,,,Player flag for Tanada House of Stone Portal,,FALSE,0,1,set by Tanada Shrine of Earth,
tanadahouseofstormscompleted,Aelrynth,,,Player wait timer for Tanada House of Storms Quest.,,TRUE,72000,-1,set by Sayuji Jina,
tanadahouseofstormsmaster_flag,Aelrynth,,,Player flag for Tanada House of Storms Master Chambers Portal,,FALSE,0,1,set by Tanada Shrine of Breath,
tanadahouseofstormsstarted,Aelrynth,,,Player has started Tanada House of Storms Quest,,FALSE,0,1,set by Sayuji Jina,
tanadahouseofwatercompleted,Aelrynth,,,Player wait timer for Tanada House of Water Quest.,,TRUE,72000,-1,set by Meshenq,
tanadahouseofwaterportal_flag,Aelrynth,,,Player flag for access to Tanada House of Water Portal,,FALSE,0,1,set by Tanada Gate Medallion,
tanadahouseofwaterquest_flag,Aelrynth,,,Player flag for Tanada House of Water Quest,,FALSE,0,1,set by Sayuji Jina,
tanadahouseofwaterstarted,Aelrynth,,,Player has started Tanada House of Water Quest,,FALSE,0,1,set by Meshenq,
tanadahouseofwind_flag,Aelrynth,,,Player flag for Tanada House of Wind Portal,,FALSE,0,1,set by Tanada Shrine of Storms,
tanadainterceptkeypickup,Aelrynth,,,quest timer,,TRUE,72000,-1,,
tanadaslaughterfinished_0912,Aelrynth,,,quest timer,,TRUE,72000,-1,"set by Kousha, Tanada Nanjou Kutekei",
tanadaslaughterkilltask_0912,Aelrynth,,,quest timer,,TRUE,0,6,set by Kousha,
tanadaslaughterscrollfinished_0912,Aelrynth,,,quest timer,,TRUE,72000,-1,set by Kinchou,
tanadaslaughterscrollstarted_0912,Aelrynth,,,quest timer,,FALSE,0,1,set by Kinchou,
tanadatempleofblackwatercompleted,Aelrynth,,,Player wait timer for Tanada Temple of Black Water Quest.,,TRUE,72000,-1,set by Pau Yajin,
tanadatempleofblackwaterquest_flag,Aelrynth,,,Player flag to start Tanada Temple of Black Water Quest,,FALSE,0,1,"set by Meshenq, Pau Yajin",
tanadatempleofblackwaterstarted,Aelrynth,,,Player has started Tanada Temple of Black Water Quest,,FALSE,0,1,set by Pau Yajin,
tanadatoresentemplecanenter,Aelrynth,,,quest timer,,FALSE,0,1,"set by Kinchou, Kousha",
tanaegiven,Aelrynth,,,Aun Shimauri will give players permission to enter the Palenqual dungeon only once per month.,,TRUE,72000,-1,,
tanningoiltanuagiven,Aelrynth,,,Tikakhe has given players the tanning oil,,TRUE,72000,-1,,
tanuacompleted,Aelrynth,,,Once players complete the Tanua quest Bachus Flufens will stamp them so they can only go on the quest once/week.,,TRUE,72000,-1,set by Bachus Flufens,
tanuacompleted01,Aelrynth,,,Players may pick the key to the spear altar off the Tumerok Gladiator only once per week,,TRUE,72000,-1,,
tanuacompleted02,Aelrynth,,,Players may pick the key to the figurine altar off the Tumerok Shaman only once per week,,TRUE,72000,-1,,
taskcoraltowersstarted,Aelrynth,,,TaskCoralTowersStarted,,FALSE,0,1,"set by Akahana, Chiyo, Kiko",
taskcoraltowerswait,Aelrynth,,,TaskCoralTowersWait,,TRUE,72000,-1,"set by Akahana, Chiyo, Kiko",
taskdiblackcoralcomplete,Aelrynth,,,Black Coral Collecting Wait Dark Isle,,TRUE,72000,-1,"set by Daisei Chirana, Hidoshi Kawara, Manto Sakara",
taskdiblackcoralstarted,Aelrynth,,,Black Coral Collecting Dark Isle,,FALSE,0,1,"set by Daisei Chirana, Hidoshi Kawara, Manto Sakara",
taskdidelivery,Aelrynth,,,Society Task Dark Isle Delivery,,FALSE,0,1,set by The Deep,
taskdideliverywait,Aelrynth,,,Cooldown for Society Task Dark Isle Delivery,,TRUE,72000,-1,"set by Aisley Swiftfoot, Erline the Fleet, Rheda the Watcher",
taskdireportstarted,Aelrynth,,,Falatacot Journal Collecting Dark Isle,,FALSE,0,1,"set by Agbeart, Boroth Bearhand, Turvald Snorborgson",
taskdireportwait,Aelrynth,,,Falatacot Journal Collecting Wait Dark Isle,,TRUE,72000,-1,"set by Agbeart, Boroth Bearhand, Turvald Snorborgson",
taskdiruschkbosskilltask,Aelrynth,,,Counter for Society Task Vaeshok,,FALSE,0,1,"set by Keiji Sozoji, Sudeko Nojiri, Takahara Masikawa",
taskdiruschkbosskilltaskwait,Aelrynth,,,Cooldown for Society Task Vaeshok,,TRUE,72000,-1,"set by Keiji Sozoji, Sudeko Nojiri, Takahara Masikawa",
taskdiscoutcomplete,Aelrynth,,,Cooldown for Society Task Dark Isle Scouting,,TRUE,72000,-1,"set by Ali ibn Qasid, Qa'li al-Kesh, Rafin ibn Fezesh",
taskdiscoutstarted,Aelrynth,,,Society Task Dark Isle Scouting,,FALSE,0,1,"set by Ali ibn Qasid, Qa'li al-Kesh, Rafin ibn Fezesh",
taskdisocietyrocksfound,Aelrynth,,,Player has touched some rocks,,TRUE,0,7,,
taskfreebooterbanditbosskill,Aelrynth,,,Mana Hunter Boss Kill Task,,FALSE,0,1,"set by Armand di Bellenesse, Corrado Wardun, Giovanni di Alduressa",
taskfreebooterbanditbosskillwait,Aelrynth,,,Mana Hunter Boss Kill Task,,TRUE,72000,-1,"set by Armand di Bellenesse, Corrado Wardun, Giovanni di Alduressa",
taskfreebooterjungleflowercomplete,Aelrynth,,,Mana Flower Freebooter,,TRUE,72000,-1,"set by Giri bint Ashud, Leisall bint Jumadd, Ti'alla bint Ashud",
taskfreebooterjungleflowerstarted,Aelrynth,,,Mana Flower Freebooter,,FALSE,0,1,"set by Giri bint Ashud, Leisall bint Jumadd, Ti'alla bint Ashud",
taskfreebooterjunglelilycomplete,Aelrynth,,,Jungle Lily Freebooter,,TRUE,72000,-1,"set by Atsuko, Kojina, Satsuki",
taskfreebooterjunglelilystarted,Aelrynth,,,Jungle Lily Freebooter,,FALSE,0,1,"set by Atsuko, Kojina, Satsuki",
taskfreebootermoarglandcomplete,Aelrynth,,,Moar Freebooter,,TRUE,72000,-1,"set by Aurellia du Cinghalle, Elloisa du Cinghalle, Pia du Cinghalle",
taskfreebootermoarglandstarted,Aelrynth,,,Moar Gland Freebooter,,FALSE,0,1,"set by Aurellia du Cinghalle, Elloisa du Cinghalle, Pia du Cinghalle",
taskfreebootermoarsmankilltask,Aelrynth,,,Blessed Moarsman Kill Task,,TRUE,0,50,"set by Alexander Bowspeaker, Ian Foefinder, Kieran Stronghammer",
taskfreebootermoarsmankilltaskwait,Aelrynth,,,Blessed Moarsman Kill Task,,TRUE,72000,-1,"set by Alexander Bowspeaker, Ian Foefinder, Kieran Stronghammer",
taskgrave1bosskillstarted,Aelrynth,,,Shambling Archivist Kill Task,,FALSE,0,1,"set by Aldoro di Belleforte, Eccai Marinni, Garain di Spesi",
taskgrave1bosskillwait,Aelrynth,,,Shambling Archivists Kill Task,,TRUE,72000,-1,"set by Aldoro di Belleforte, Eccai Marinni, Garain di Spesi",
taskgrave1jawcollectstarted,Aelrynth,,,Pyre Skeleton Jawbone Collection,,FALSE,0,1,"set by Balon Strongarm, Cullum of Celdon, Hador the Vengeful",
taskgrave1jawcollectwait,Aelrynth,,,Pyre Skeleton Jawbone Collection,,TRUE,72000,-1,"set by Balon Strongarm, Cullum of Celdon, Hador the Vengeful",
taskgrave1wightmagekilltask,Aelrynth,,,White Blade Sorcerer Kill Task,,TRUE,0,12,"set by Idaris bint Qumal, Mashira bint Tamur, Zumaq al-Jaluzi",
taskgrave1wightmagewait,Aelrynth,,,White Blade Sorcerer Kill Task,,TRUE,72000,-1,"set by Idaris bint Qumal, Mashira bint Tamur, Zumaq al-Jaluzi",
taskgrave2fedexdelivered,Aelrynth,,,Delivered Massilor Supplies,,FALSE,0,1,set by Massilor the Withered,
taskgrave2fedexstarted,Aelrynth,,,Started Massilor Supplies,,FALSE,0,1,"set by Annelina Fabarin, Saphine Brauno, Streza du Vorchass",
taskgrave2fedexwait,Aelrynth,,,Massilor Supplies Cooldown,,TRUE,72000,-1,"set by Annelina Fabarin, Saphine Brauno, Streza du Vorchass",
taskgrave2wallcarvingstarted,Aelrynth,,,Started GraveYard Wall Carving,,FALSE,0,1,"set by Durvush the Dusty, Kalal ibn Dariz, Turiq al Qorra",
taskgrave2wallcarvingwait,Aelrynth,,,GraveYard Wall Carving Cooldown,,TRUE,72000,-1,"set by Durvush the Dusty, Kalal ibn Dariz, Turiq al Qorra",
taskmoarsmenartifactsstarted,Aelrynth,,,Moarsman Artifact Started,,FALSE,0,1,"set by Boshi Sutadasuto, Kanji Hatashiya, Kotaro Ueda",
taskmoarsmenartifactswait,Aelrynth,,,Moarsman Artifact Moarsman City,,TRUE,72000,-1,"set by Boshi Sutadasuto, Kanji Hatashiya, Kotaro Ueda",
taskspawnpoolsstarted,Aelrynth,,,TaskSpawnPoolsStarted,,FALSE,0,1,"set by Payla bint Dumandi, Shishalti bint Jaffa, Ualya bint Muyzal",
taskspawnpoolswait,Aelrynth,,,TaskSpawnPoolsWait,,TRUE,72000,-1,"set by Payla bint Dumandi, Shishalti bint Jaffa, Ualya bint Muyzal",
tattereddesolationmoarsmanritual_pickup,Aelrynth,,,Pickup timer for Tattered Desolation Moarsman Ritual,,TRUE,72000,-1,,
tattereddisgustingmoarsmanritual_pickup,Aelrynth,,,Pickup timer for Tattered Disgusting Moarsman Ritual,,TRUE,72000,-1,,
tatteredgrimymoarsmanritual_pickup,Aelrynth,,,Pickup timer for Tattered Grimy Moarsman Ritual,,TRUE,72000,-1,,
tatteredputridmoarsmanritual_pickup,Aelrynth,,,Pickup timer for Tattered Putrid Moarsman Ritual,,TRUE,72000,-1,,
tatteredrankmoarsmanritual_pickup,Aelrynth,,,Pickup timer for Tattered Rank Moarsman Ritual,,TRUE,72000,-1,,
tatteredverdantmoarsmanritual_pickup,Aelrynth,,,Pickup timer for Tattered Verdant Moarsman Ritual,,TRUE,72000,-1,,
tcsturnin1,Aelrynth,,,Player has turned in a piece of torn scrap,,FALSE,0,1,set by Jarvis Hammerstone,
tcsturnin10,Aelrynth,,,Player has turned in a piece of torn scrap,,FALSE,0,1,set by Jarvis Hammerstone,
tcsturnin11,Aelrynth,,,Player has turned in a piece of torn scrap,,FALSE,0,1,set by Jarvis Hammerstone,
tcsturnin12,Aelrynth,,,Player has turned in a piece of torn scrap,,FALSE,0,1,set by Jarvis Hammerstone,
tcsturnin13,Aelrynth,,,Player has turned in a piece of torn scrap,,FALSE,0,1,set by Jarvis Hammerstone,
tcsturnin14,Aelrynth,,,Player has turned in a piece of torn scrap,,FALSE,0,1,set by Jarvis Hammerstone,
tcsturnin15,Aelrynth,,,Player has turned in a piece of torn scrap,,FALSE,0,1,set by Jarvis Hammerstone,
tcsturnin16,Aelrynth,,,Player has turned in a piece of torn scrap,,FALSE,0,1,set by Jarvis Hammerstone,
tcsturnin17,Aelrynth,,,Player has turned in a piece of torn scrap,,FALSE,0,1,set by Jarvis Hammerstone,
tcsturnin18,Aelrynth,,,Player has turned in a piece of torn scrap,,FALSE,0,1,set by Jarvis Hammerstone,
tcsturnin2,Aelrynth,,,Player has turned in a piece of torn scrap,,FALSE,0,1,set by Jarvis Hammerstone,
tcsturnin3,Aelrynth,,,Player has turned in a piece of torn scrap,,FALSE,0,1,set by Jarvis Hammerstone,
tcsturnin4,Aelrynth,,,Player has turned in a piece of torn scrap,,FALSE,0,1,set by Jarvis Hammerstone,
tcsturnin5,Aelrynth,,,Player has turned in a piece of torn scrap,,FALSE,0,1,set by Jarvis Hammerstone,
tcsturnin6,Aelrynth,,,Player has turned in a piece of torn scrap,,FALSE,0,1,set by Jarvis Hammerstone,
tcsturnin7,Aelrynth,,,Player has turned in a piece of torn scrap,,FALSE,0,1,set by Jarvis Hammerstone,
tcsturnin8,Aelrynth,,,Player has turned in a piece of torn scrap,,FALSE,0,1,set by Jarvis Hammerstone,
tcsturnin9,Aelrynth,,,Player has turned in a piece of torn scrap,,FALSE,0,1,set by Jarvis Hammerstone,
temoscepterwait,Aelrynth,,,Cooldown for Temo Scepter Turn In,,TRUE,72000,-1,set by Kousu Temo,
templeappeasementchosen,Aelrynth,,,Player has been chosen to solve the Appeasement puzzle.,,FALSE,0,1,set by Guardian of the Restless Dead,
templeappeasementcomplete,Aelrynth,,,Fellowship has completed the Appeasement test.,,FALSE,0,1,set by Judge of the Appeasement,
templeappeasementspoken,Aelrynth,,,Fellowship has spoken to the Appeasement Statue.,,TRUE,900,-1,set by Guardian of the Restless Dead,
templearbiterspoken,Aelrynth,,,Fellowship has spoken to the Arbiter.,,FALSE,0,1,set by Arbiter,
templecunningchosen,Aelrynth,,,Player has been chosen to solve the Cunning puzzle.,,FALSE,0,1,set by Guardian of Fury,
templecunningcomplete,Aelrynth,,,Fellowship has completed the Cunning Test.,,FALSE,0,1,set by High Matron Arbiter,
templecunningspoken,Aelrynth,,,Fellowship has spoken to the Cunning Statue.,,TRUE,900,-1,set by Guardian of Fury,
templeeastwing,Aelrynth,,,Flagged to enter the Temple East wing,,FALSE,0,1,set by Shade of Farelaith,
templeenlightenmentbistort,Aelrynth,,,Skill sellback quest.,,FALSE,0,1,set by Guardian of the Temple of Enlightenment,
templeenlightenmentcomfrey,Aelrynth,,,Skill sellback quest.,,FALSE,0,1,set by Guardian of the Temple of Enlightenment,
templeenlightenmentdamiana,Aelrynth,,,Skill sellback quest.,,FALSE,0,1,set by Guardian of the Temple of Enlightenment,
templeenlightenmentdragonsblood,Aelrynth,,,Skill sellback quest.,,FALSE,0,1,set by Guardian of the Temple of Enlightenment,
templeenlightenmenteyebright,Aelrynth,,,Skill sellback quest.,,FALSE,0,1,set by Guardian of the Temple of Enlightenment,
templeenlightenmentginseng,Aelrynth,,,Skill sellback quest.,,FALSE,0,1,set by Guardian of the Temple of Enlightenment,
templeenlightenmenthawthorn,Aelrynth,,,Skill sellback quest.,,FALSE,0,1,set by Guardian of the Temple of Enlightenment,
templeenlightenmenthyssop,Aelrynth,,,Skill sellback quest.,,FALSE,0,1,set by Guardian of the Temple of Enlightenment,
templeenlightenmentmandrake,Aelrynth,,,Skill sellback quest.,,FALSE,0,1,set by Guardian of the Temple of Enlightenment,
templeenlightenmentmugwort,Aelrynth,,,Skill sellback quest.,,FALSE,0,1,set by Guardian of the Temple of Enlightenment,
templeenlightenmentmyrrh,Aelrynth,,,Skill sellback quest.,,FALSE,0,1,set by Guardian of the Temple of Enlightenment,
templeenlightenmentsaffron,Aelrynth,,,Skill sellback quest.,,FALSE,0,1,set by Guardian of the Temple of Enlightenment,
templeenlightenmentvervain,Aelrynth,,,Skill sellback quest.,,FALSE,0,1,set by Guardian of the Temple of Enlightenment,
templeenlightenmentwormwood,Aelrynth,,,Skill sellback quest.,,FALSE,0,1,set by Guardian of the Temple of Enlightenment,
templeenlightenmentyarrow,Aelrynth,,,Skill sellback quest.,,FALSE,0,1,set by Guardian of the Temple of Enlightenment,
templeentranceflagged,Aelrynth,,,Turned in Blue Face Paint Recipe,,FALSE,0,1,set by Fiun Layeel,
templeforgetfulnessbistort,Aelrynth,,,Skill sellback quest.,,FALSE,0,1,set by Guardian of the Temple of Forgetfulness,
templeforgetfulnesscomfrey,Aelrynth,,,Skill sellback quest.,,FALSE,0,1,set by Guardian of the Temple of Forgetfulness,
templeforgetfulnessdamiana,Aelrynth,,,Skill sellback quest.,,FALSE,0,1,set by Guardian of the Temple of Forgetfulness,
templeforgetfulnessdragonsblood,Aelrynth,,,Skill sellback quest.,,FALSE,0,1,set by Guardian of the Temple of Forgetfulness,
templeforgetfulnesseyebright,Aelrynth,,,Skill sellback quest.,,FALSE,0,1,set by Guardian of the Temple of Forgetfulness,
templeforgetfulnessginseng,Aelrynth,,,Skill sellback quest.,,FALSE,0,1,set by Guardian of the Temple of Forgetfulness,
templeforgetfulnesshawthorn,Aelrynth,,,Skill sellback quest.,,FALSE,0,1,set by Guardian of the Temple of Forgetfulness,
templeforgetfulnesshyssop,Aelrynth,,,Skill sellback quest.,,FALSE,0,1,set by Guardian of the Temple of Forgetfulness,
templeforgetfulnessmandrake,Aelrynth,,,Skill sellback quest.,,FALSE,0,1,set by Guardian of the Temple of Forgetfulness,
templeforgetfulnessmugwort,Aelrynth,,,Skill sellback quest.,,FALSE,0,1,set by Guardian of the Temple of Forgetfulness,
templeforgetfulnessmyrrh,Aelrynth,,,Skill sellback quest.,,FALSE,0,1,set by Guardian of the Temple of Forgetfulness,
templeforgetfulnesssaffron,Aelrynth,,,Skill sellback quest.,,FALSE,0,1,set by Guardian of the Temple of Forgetfulness,
templeforgetfulnessvervain,Aelrynth,,,Skill sellback quest.,,FALSE,0,1,set by Guardian of the Temple of Forgetfulness,
templeforgetfulnesswormwood,Aelrynth,,,Skill sellback quest.,,FALSE,0,1,set by Guardian of the Temple of Forgetfulness,
templeforgetfulnessyarrow,Aelrynth,,,Skill sellback quest.,,FALSE,0,1,set by Guardian of the Temple of Forgetfulness,
templekilledibrexijikti,Aelrynth,,,Fellowship has killed Ibrexi Jikti.,,FALSE,0,1,set by Consort Ibrexi Jikti,
templekilledjexkiki,Aelrynth,,,Fellowship has killed Jexki Ki.,,FALSE,0,1,set by Apprentice Jexki Ki,
templekilledkixktixri,Aelrynth,,,Fellowship has killed Kixkti Xri.,,FALSE,0,1,set by Matriarch Kixkti Xri,
templeliazka,Aelrynth,,,Liazk feeder A has taken a sacrifice.,,TRUE,45,-1,set by Eye of the Watcher,
templeliazkb,Aelrynth,,,Liazk feeder B has taken a sacrifice.,,TRUE,45,-1,set by Eye of the Watcher,
templeliazkburun100,Aelrynth,,,Player killed the boss Burun monster.,,FALSE,0,1,,
templeliazkburun40,Aelrynth,,,Player killed the boss Burun monster.,,FALSE,0,1,,
templeliazkburun60,Aelrynth,,,Player killed the boss Burun monster.,,FALSE,0,1,,
templeliazkburun80,Aelrynth,,,Player killed the boss Burun monster.,,FALSE,0,1,,
templeliazkc,Aelrynth,,,Liazk feeder C has taken a sacrifice.,,TRUE,45,-1,set by Eye of the Watcher,
templenorthwing,Aelrynth,,,Flagged to enter the Temple North wing,,FALSE,0,1,set by Shade of Farelaith,
templeofxikminru,Aelrynth,,,Picked up Aurulent Key,,TRUE,72000,-1,,
templereceivedshirt,Aelrynth,,,Player has obtained the Falatacot shirt,,TRUE,72000,-1,"set by Sarcophagus of High Matriarch, Ixir Zi",
templesacredstone,Aelrynth,,,Picked up the sacred stone.,,TRUE,3600,-1,,
templewitchosen,Aelrynth,,,Player has been chosen to solve the Wit puzzle.,,FALSE,0,1,set by Guardian of the Sacrificial Urns,
templewitcomplete,Aelrynth,,,Fellowship has completed the Wit test.,,FALSE,0,1,set by Judge of the Sacrifice,
templewitspoken,Aelrynth,,,Fellowship has spoken to the Wit Statue.,,TRUE,900,-1,set by Guardian of the Sacrificial Urns,
tentaclestthuuncomplete0408,Aelrynth,,,Player has completed Blightfinger,,TRUE,72000,-1,set by Merwart Mundagurg,
tentaclestthuunstarted0408,Aelrynth,,,Player has started Blightfinger,,FALSE,0,1,set by Merwart Mundagurg,
tentacleweaponpickup,Aelrynth,,,quest timer,,TRUE,72000,-1,,
testhookerquest,Aelrynth,,,Hookin ain't easy.,,FALSE,0,1,set by EmoteTestHooker,
thearchivist_repeat,Aelrynth,,,Player has alread completed The Archivist Quest once,,FALSE,0,1,set by Ennio di Cinghalle,
thearchivist_start,Aelrynth,,,Player has started The Archivist Quest,,FALSE,0,1,set by Ennio di Cinghalle,
thearchivist_wait,Aelrynth,,,Player wait timer for The Archivist Quest,,TRUE,72000,-1,checked by Ennio di Cinghalle,
themastercritterskilled,Aelrynth,,,Player has killed a creature found in The Master,,TRUE,0,-1,set by The Master Event Watcher,
themasterpass24,Aelrynth,,,Access timer for The Master Pass,,TRUE,86400,-1,set by The Master,
thetooth,Aelrynth,,,Golems do have teeth,,TRUE,15,-1,,
thirdsistercompleted_1212,Aelrynth,,,Player has completed Harvesting the Bulb of Twilight quest.,,TRUE,72000,-1,set by Norus,
thirdsisterstarted_1212,Aelrynth,,,Player has started Harvesting the Bulb of tWILIGHT quest.,,FALSE,0,1,set by Norus,
thrungusfeedings,Aelrynth,,,kill counter,,TRUE,0,6,set by Baby Thrungus,
thrungushovels,Aelrynth,,,Thrungus Hovels Timer,,TRUE,72000,-1,set by Portal Guardian,
thrungushovelsitemturnin,Aelrynth,,,Thrungus Hovels item turn in counter.,,TRUE,0,8,set by Portal Guardian,
thughideoutcured,Aelrynth,,,quest timer,,FALSE,0,1,set by Fiona Woron,
thughideoutprisonbreak,Aelrynth,,,quest timer,,FALSE,0,1,"set by Fiona Woron, Thrungus, Trapped Townsperson",
thunderchickencritterskilled,Aelrynth,,,Player has killed a creature found in Thunder Chicken,,TRUE,0,-1,set by Thunder Chicken Event Watcher,
tihnhealingmachine,Aelrynth,,,Healing Machine Tihn,,TRUE,72000,-1,,
tokenacademygiven,Aelrynth,,,Second version of above so the NPC's use string will work,,FALSE,0,1,set by Guard,
tomenightmaresepulcher_0805,Aelrynth,,,Contract Repeat timer for Sepulcher of Nightmares,,TRUE,72000,-1,set by Sarkin Killcrane,
topathwarden,Aelrynth,,,Sent to the Pathwarden,,FALSE,0,1,"set by A'shadieeyah, Benjirou, Buckminster and 1 more",
torgashstasks,Aelrynth,,,Torgash's Tasks,,TRUE,72000,-1,,
tormentinnersanctum,Aelrynth,,,quest timer,,TRUE,72000,-1,,
tormentshardpickup,Aelrynth,,,quest timer,,TRUE,72000,-1,,
tornstripofparchmentpickuptimer,Aelrynth,,,Player has picked up Torn Strip of Parchment of Prophetess,,TRUE,72000,-1,,
totalfiregolemdead,Aelrynth,,,Fire Golem Kill Counter,,TRUE,0,5,set by Water Guardian,
totalgolemcoralviceroydead,Aelrynth,,,You have killed some Coral Golem Viceroys,,TRUE,0,10,set by Coral Golem Viceroy,
totalgolemglacialmargravedead,Aelrynth,,,You have killed some Glacial Golem Magraves,,TRUE,0,10,set by Glacial Golem Margrave,
totalgolemironkingpindead,Aelrynth,,,You have killed some Iron Golem Kingpins,,TRUE,0,10,set by Copper Golem Kingpin,
totalgolemmagmaexarchdead,Aelrynth,,,You have killed some Magma Golem Exarchs,,TRUE,0,10,set by Magma Golem Exarch,
totalgolemmudsludgelorddead,Aelrynth,,,You have killed some Mud Golem SLudge Lords,,TRUE,0,10,set by Mud Golem Sludge Lord,
totalgolemplatinumkingdead,Aelrynth,,,You have killed some Platinum Golem Mountain Kings,,TRUE,0,10,set by Platinum Golem Mountain King,
totalwatergolemdead,Aelrynth,,,Water Golem Kill Counter,,TRUE,0,5,set by Flame Guardian,
totemgiven,Aelrynth,,,Aun Shimauri has given players permission to enter the Palenqual Caverns,,FALSE,0,1,set by Aun Shimauri,
totheartenergycagedown,Aelrynth,,,Player is flagged for Trials Graduation Portal,,FALSE,0,1,set by Lord Kresovus,
tothebarkeep,Aelrynth,,,Sent to the Barkeep,,FALSE,0,1,"set by Alcott, Eiichi, Ghaziyah and 1 more",
totmbucketbalanced,Aelrynth,,,One of the Buckets is balanced in Trial of the Mind,,TRUE,0,2,,
touchedpvphateeffigy200205,Aelrynth,,,You received an XP award from the Effigy of Bitterness,,TRUE,300,-1,set by Effigy of Bitterness,
touchedpvphateeffigy400205,Aelrynth,,,You received an XP award from the Effigy of Anger,,TRUE,300,-1,set by Effigy of Anger,
touchedpvphateeffigy600205,Aelrynth,,,You received an XP award from the Effigy of Cruelty,,TRUE,300,-1,set by Effigy of Cruelty,
touchedpvphateeffigy800205,Aelrynth,,,You received an XP award from the Effigy of Slaughter,,TRUE,300,-1,set by Effigy of Slaughter,
touchedpvphatepillar200205,Aelrynth,,,You touched the Pillar of Bitterness,,TRUE,1800,-1,set by Pillar of Bitterness,
touchedpvphatepillar400205,Aelrynth,,,You touched the Pillar of Anger,,TRUE,1800,-1,set by Pillar of Anger,
touchedpvphatepillar600205,Aelrynth,,,You touched the Pillar of Cruelty,,TRUE,1800,-1,set by Pillar of Cruelty,
touchedpvphatepillar800205,Aelrynth,,,You touched the Pillar of Slaughter,,TRUE,1800,-1,set by Pillar of Slaughter,
towerdungeonaccess,Aelrynth,,,got access to tower portal,,TRUE,72000,-1,,
towerguardian100reward,Aelrynth,,,Player has turned in 100 material for Tower Guarding Repair,,FALSE,0,1,set by Asheron's Servant,
towerguardian50reward,Aelrynth,,,Player has turned in 50 material for Tower Guarding Repair,,FALSE,0,1,set by Asheron's Servant,
towerguardiankill,Aelrynth,,,Player has killed Tower Guardian,,FALSE,0,1,set by Tower Guardian,
towerguardianrepairs_completed,Aelrynth,,,Player has completed Tower Guardian Repairs,,FALSE,0,1,set by Asheron's Servant,
towerguardianrepairs_counter,Aelrynth,,,Player counter for Tower Guardian Repairs,,TRUE,0,200,set by Asheron's Servant,
tracingthestone,Aelrynth,,,Tracing The Stone,,TRUE,72000,-1,,
trackinggrael_wait,Aelrynth,,,Player has completed Tracking Grael Quest,,TRUE,72000,-1,set by Varlanna,
trackinggraelvargol_start,Aelrynth,,,Player has started the Vargol part of Tracking Grael Quest,,FALSE,0,1,set by Varlanna,
trackinggraelwhitespear_start,Aelrynth,,,Player has started the White Spear part of Tracking Grael Quest,,FALSE,0,1,set by Varlanna,
tradealliancemossyherb,Aelrynth,,,Mossy Herb Pickup Timer - Trade Alliance quest,,TRUE,72000,-1,,
tradealliancequestcompleted,Aelrynth,,,Trade Alliance Quest wait timer.,,TRUE,72000,-1,set by Anton Sillezi,
tradealliancequeststarted,Aelrynth,,,Trade Alliance Quest started.,,FALSE,0,1,set by Anton Sillezi,
tradejestercard,Aelrynth,,,Trading Jester card,,FALSE,0,1,"set by Arshid al-Qiyid, Mi Gan-Zo, Monty the Munificent",
trainingacademycomplete,Aelrynth,,,Completion of Training Academy for Exit,,TRUE,0,-1,,
trialoftheheart_flag,Aelrynth,,,Player is flagged for Trial of the Heart Portal,,FALSE,0,1,set by Pillar of the Mind,
trialofthemind_attempts,Aelrynth,,,Player attempts at Trial of the Mind Puzzle,,TRUE,0,3,"set by Bag of Stones, Bucket, Pillar of the Mind",
trialofthemind_flag,Aelrynth,,,Player is flagged for Trial of the Mind Portal,,FALSE,0,1,set by Shadow Kresovus,
trophymageacademy_1110,Aelrynth,,,quest timer,,TRUE,72000,-1,,
trustbetrayalbug0905,Aelrynth,,,Of Trust and Betrayal quest started.,,FALSE,0,1,set by Jedeth Eckhart,
trustbetrayalbugpickedup0905,Aelrynth,,,Pickup timer for Grazer Bug,,TRUE,72000,-1,,
tugofwar,Aelrynth,,,Fort Tethana Tug Of War,,TRUE,72000,-1,set by Jin Ghao,
tukoralieutenantkillcount,Aelrynth,,,Tukora Lieutenant Kill Counter,,TRUE,0,250,set by Claire Artmad,
tukoralieutenantkilltask,Aelrynth,,,Tukora Lieutenant Kill Task,,TRUE,72000,-1,set by Claire Artmad,
tumerokgladiatorkillcount,Aelrynth,,,Tumerok Gladiator Kill Counter,,TRUE,0,25,,
tumerokgladiatorkilltask,Aelrynth,,,Tumerok Gladiator Kill Task,,TRUE,72000,-1,,
tumerokvanguardamulet,Aelrynth,,,Tumerok Vanguard Amulet,,TRUE,72000,-1,,
tumerokvanguardcrossbow,Aelrynth,,,Tumerok Vanguard Crossbow,,TRUE,72000,-1,,
tumerokvanguardmorningstar,Aelrynth,,,Tumerok Vanguard Morningstar,,TRUE,72000,-1,,
tumerokwaraxequest,Aelrynth,,,Tumerok War Axe Quest,,TRUE,72000,-1,,
tumerokwarmacequest,Aelrynth,,,Tumerok War Mace Quest,,TRUE,72000,-1,,
tumerokwarspearquest,Aelrynth,,,Tumerok War Spear Quest,,TRUE,72000,-1,,
tumerokwarstaffquest,Aelrynth,,,Tumerok War Staff Quest,,TRUE,72000,-1,,
tunneloflove,Aelrynth,,,Flagged for entry into Tunnel Of Love,,FALSE,0,1,set by Xireri,
tunneloflovecooldown,Aelrynth,,,Timer for turn in of Butterscotch Suckling to Xireri,,TRUE,72000,-1,set by Xireri,
turbanjalehtaken,Aelrynth,,,You got the heart of Jaleh,,TRUE,72000,-1,,
turgoscorepickup,Aelrynth,Turgo Score Pickup,,quest timer,,TRUE,72000,-1,,
turnedinantiqueplatterhauntedmansion,Aelrynth,,,Player turned in platter,,TRUE,72000,-1,set by Frest Greelving,
turnedincoil,Aelrynth,,,Player has given Slithe the coil,,FALSE,0,1,set by Slithe Tradittor,
turnedincrystallineshard0311,Aelrynth,,,Player turned in a Crystalline Shard.,,TRUE,72000,20,,
turnedindailantiumcrystal,Aelrynth,,,Turned in a Daichroic Crystal to Student.,,TRUE,72000,-1,"set by Anasha, Emissary of Asheron",
turnedindais,Aelrynth,,,Player has given Slithe the Gelidate Dias,,FALSE,0,1,set by Slithe Tradittor,
turnedingear,Aelrynth,,,Player has given Slithe the gear,,FALSE,0,1,set by Slithe Tradittor,
turnedinheadhollowminion,Aelrynth,,,Turned in Hollow Minion Visage to the Mask Collector.,,FALSE,0,1,"set by Alexander the Deft, Janda Sulifiya, Tsua Kagemata",
turnedinimagingcrystal,Aelrynth,,,Player has given Slithe the imaging crystal with the required image,,FALSE,0,1,set by Slithe Tradittor,
turnedinjewelemeraldhauntedmansion,Aelrynth,,,Player turned in jewel,,TRUE,72000,-1,set by Frest Greelving,
turnedinnutbolt,Aelrynth,,,Player has given Slithe nut and bolt,,FALSE,0,1,,
turnedinplatespine,Aelrynth,,,Plate Armoredillo spine turned in,,FALSE,0,1,set by Maqudh al Nishadina,
turnedinrytheransmnemosynelacarra,Aelrynth,,,Turned Mnemosyne in to Lacarra,,TRUE,72000,-1,set by Lacarra Avanthi,
turnedinrytheransmnemosynezho,Aelrynth,,,Turned Mnemosyne in to Zho,,TRUE,72000,-1,set by Zho Heishan,
turnedinshirtpuffyhauntedmansion,Aelrynth,,,Player turned in shirt,,TRUE,72000,-1,set by Frest Greelving,
turnedinspring,Aelrynth,,,Player has given Slithe the spring,,FALSE,0,1,set by Slithe Tradittor,
turnedinvalaracrystal,Aelrynth,,,turned in 2nd crystal,,TRUE,72000,-1,set by Aun Talamura,
turshchallengercomplete,Aelrynth,,,Tursh Challenger Cooldown Timer,,TRUE,72000,-1,set by Ruschk Challenger,
turshscalp,Aelrynth,,,Tursh Scalp,,TRUE,72000,-1,,
turshtotemhighcomplete_0511,Aelrynth,,,Completed Assault (High),,TRUE,72000,-1,set by Tirenia,
turshtotemlowcomplete_0511,Aelrynth,,,Completed Assault (Low),,TRUE,72000,-1,set by Tirenia,
turshtotemmidcomplete_0511,Aelrynth,,,Completed Assault (Mid),,TRUE,72000,-1,set by Tirenia,
turshtotemubercomplete_0511,Aelrynth,,,Completed Assault (Expert),,TRUE,72000,-1,set by Tirenia,
tuskarmoredpickup,Aelrynth,,,Tusk picked up from an Armored Tusker.,,TRUE,72000,-1,,
tuskassailerpickup,Aelrynth,,,Tusk picked up from a Tusker Assailer.,,TRUE,72000,-1,,
tuskcrimsonbackpickup,Aelrynth,,,Tusk picked up from a Crimsonback Tusker.,,TRUE,72000,-1,,
tuskdevastatorpickup,Aelrynth,,,Tusk picked up from a Tusker Devastator.,,TRUE,72000,-1,,
tuskerbloodcollectionstart,Aelrynth,,,Snow Tusker Blood Sample Turning,,FALSE,0,1,set by Archmage Ichihiri,
tuskerbloodcollectionwait,Aelrynth,,,Snow Tusker Blood Sample Turning,,TRUE,72000,-1,set by Archmage Ichihiri,
tuskerexperimentlogpickuptimer,Aelrynth,,,Pickup timer for Tusker Experiment Log,,TRUE,72000,-1,,
tuskerg,Aelrynth,,,Tusker Guard Kill Task Main Flag,,TRUE,72000,-1,set by Shoichi,
tuskergkillcount,Aelrynth,,,Tusker Guard Kill Counter,,TRUE,0,500,set by Shoichi,
tuskerhelm,Aelrynth,,,Player has put on the Tusker Skull Helm.,,FALSE,0,1,set by Tusker Skull Helm,
tuskermask,Aelrynth,,,TBD,,FALSE,0,1,set by Tusker Mask,
tuskfemalepickup,Aelrynth,,,Tusk picked up from a Female Tusker.,,TRUE,72000,-1,,
tuskgoldenbackpickup,Aelrynth,,,Tusk picked up from a Goldenback Tusker.,,TRUE,72000,-1,,
tuskguardpickup,Aelrynth,,,Tusk picked up from a Tusker Guard.,,TRUE,72000,-1,,
tuskliberatorpickup,Aelrynth,,,Tusk picked up from a Tusker Liberator.,,TRUE,72000,-1,,
tuskmalepickup,Aelrynth,,,Tusk picked up from a Male Tusker.,,TRUE,72000,-1,,
tuskplatedpickup,Aelrynth,,,Tusk picked up from a Plated Tusker.,,TRUE,72000,-1,,
tuskrampagerpickup,Aelrynth,,,Tusk picked up from a Tusker Rampager.,,TRUE,72000,-1,,
tuskredeemerpickup,Aelrynth,,,Tusk picked up from a Tusker Redeemer.,,TRUE,72000,-1,,
tusksilverpickup,Aelrynth,,,Tusk picked up from a Silver Tusker.,,TRUE,72000,-1,,
tuskslavepickup,Aelrynth,,,Tusk picked up from a Tusker Slave.,,TRUE,72000,-1,,
tusksnowpickup_0513,Aelrynth,,,Tusk picked up from a Snow Leader Tusker.,,TRUE,72000,-1,,
twilightfragment,Aelrynth,,,Pickup timer for Twilight Fragment - Sepulcher of Nightmares,,TRUE,72000,-1,,
twistedrefugekillcount,Aelrynth,,,Player has killed a crystal in Twisted Refuge.,,TRUE,0,-1,set by Twisted Refuge Stopgap,
tyrinacorruptedessencearmorcount,Aelrynth,,,Corrupted Essence turn in counter for Armor Piece,,TRUE,0,-1,set by Tyrina of Arwic,
uberaerfallestaffobtained,Aelrynth,,,War Staff of Aerfalle,,TRUE,72000,-1,,
uberpalliumobtained,Aelrynth,,,Aerfalle's Supreme Pallium,,TRUE,72000,-1,,
ulgrimsbathrobegiven,Aelrynth,,,Found Splinter1 of Ulgrim's Wand.,,FALSE,0,1,,
ulgrimsbookcaseflag,Aelrynth,,,Access granted to use the Bookcase portal in Xarabydun,,FALSE,0,1,set by Ulgrim the Unquiet,
ulgrimsdrinkingcontestdrinking,Aelrynth,,,Player is competing in Ulgrims Drinking Contest,,FALSE,0,1,set by Stout,
ulgrimsdrinkingcontestdrinks,Aelrynth,,,Player is competing in Ulgrims Drinking Contest,,TRUE,0,5,set by Stout,
ulgrimsdrinkingcontestflag,Aelrynth,,,Player is competing in Ulgrims Drinking Contest,,FALSE,0,1,set by Ulgrim the Unpleasant,
ulgrimsdrinkingcontestwins,Aelrynth,,,Player stamp for ten wins in Ulgrims Drinking Contest,,TRUE,0,10,set by Ulgrim the Unpleasant,
uncoverrenegadescomplete0309,Aelrynth,,,Player wait time for Uncovering the Renegades,,TRUE,72000,-1,set by Aruq ibn Balthar,
uncoverrenegadesstarted0309,Aelrynth,,,Player started Uncovering the Renegades,,FALSE,0,1,set by Aruq ibn Balthar,
undeaddigbone1_0812,Aelrynth,,,quest timer,,FALSE,0,1,set by Mareeno Donn,
undeadjawcollection,Aelrynth,,,Undead Jaw Collection,,TRUE,72000,-1,,
undeadmechanismpickup1,Aelrynth,,,Reign of Terror Part III - Undead Mechanism,,TRUE,72000,-1,,
undeadmechanismpickup10,Aelrynth,,,Reign of Terror Part III - Undead Mechanism,,TRUE,72000,-1,,
undeadmechanismpickup11,Aelrynth,,,Reign of Terror Part III - Undead Mechanism,,TRUE,72000,-1,,
undeadmechanismpickup12,Aelrynth,,,Reign of Terror Part III - Undead Mechanism,,TRUE,72000,-1,,
undeadmechanismpickup13,Aelrynth,,,Reign of Terror Part III - Undead Mechanism,,TRUE,72000,-1,,
undeadmechanismpickup14,Aelrynth,,,Reign of Terror Part III - Undead Mechanism,,TRUE,72000,-1,,
undeadmechanismpickup15,Aelrynth,,,Reign of Terror Part III - Undead Mechanism,,TRUE,72000,-1,,
undeadmechanismpickup16,Aelrynth,,,Reign of Terror Part III - Undead Mechanism,,TRUE,72000,-1,,
undeadmechanismpickup17,Aelrynth,,,Reign of Terror Part III - Undead Mechanism,,TRUE,72000,-1,,
undeadmechanismpickup18,Aelrynth,,,Reign of Terror Part III - Undead Mechanism,,TRUE,72000,-1,,
undeadmechanismpickup19,Aelrynth,,,Reign of Terror Part III - Undead Mechanism,,TRUE,72000,-1,,
undeadmechanismpickup2,Aelrynth,,,Reign of Terror Part III - Undead Mechanism,,TRUE,72000,-1,,
undeadmechanismpickup20,Aelrynth,,,Reign of Terror Part III - Undead Mechanism,,TRUE,72000,-1,,
undeadmechanismpickup3,Aelrynth,,,Reign of Terror Part III - Undead Mechanism,,TRUE,72000,-1,,
undeadmechanismpickup4,Aelrynth,,,Reign of Terror Part III - Undead Mechanism,,TRUE,72000,-1,,
undeadmechanismpickup5,Aelrynth,,,Reign of Terror Part III - Undead Mechanism,,TRUE,72000,-1,,
undeadmechanismpickup6,Aelrynth,,,Reign of Terror Part III - Undead Mechanism,,TRUE,72000,-1,,
undeadmechanismpickup7,Aelrynth,,,Reign of Terror Part III - Undead Mechanism,,TRUE,72000,-1,,
undeadmechanismpickup8,Aelrynth,,,Reign of Terror Part III - Undead Mechanism,,TRUE,72000,-1,,
undeadmechanismpickup9,Aelrynth,,,Reign of Terror Part III - Undead Mechanism,,TRUE,72000,-1,,
undeadslayerwait,Aelrynth,,,Undead Slayer Quest Wait Timer,,TRUE,72000,-1,,
undercovercryptcompleted_1111,Aelrynth,,,Completed the Holtburg Redoubt Quest,,TRUE,72000,-1,,
underminernotestimer,Aelrynth,,,Underminer Notes pickup timer,,TRUE,72000,-1,,
unfinisheddericostphylactery_pickup,Aelrynth,,,Player has picked up Unfinished Dericost Phylactery,,TRUE,72000,-1,,
uniformregicidepickup,Aelrynth,,,Player has picked up UniformRegicide.,,TRUE,72000,-1,"checked by Ostentatious Farmer, Sir Tenshin",
unleashgearknightcomplete0909,Aelrynth,,,Player has completed Unleash Gear Knight Quest,,TRUE,72000,-1,set by Hei Shou,
unleashgearknightstart0909,Aelrynth,,,Player has started Unleash Gear Knight Quest,,FALSE,0,1,set by Hei Shou,
unreadabledericosttome,Aelrynth,,,Pickup Flag for Dericost Tome,,TRUE,72000,-1,,
untransdreamsaltash,Aelrynth,,,Picked Up Untranslated Dreams of Ash & Salt,,TRUE,72000,-1,,
untransgraelrebellionpickup,Aelrynth,,,Picked Up Untranslated Grael Rebellion,,TRUE,72000,-1,,
untranslatedboundfalatacotfragment_pickup,Aelrynth,,,Player has picked up the Untranslated Bound Falatacot Fragment,,TRUE,72000,-1,,
untranssongofgrael,Aelrynth,,,Picked Up Untranslated Song of Grael,,TRUE,72000,-1,,
upperinsatiablejaw,Aelrynth,,,Upper Insatiable Eater Jaw,,TRUE,72000,-1,checked by Clemenza,
usedattributereset,Aelrynth,,,Used attribute reset at Asheron's Castle,,TRUE,0,-1,set by Chafulumisa,
usedchestmfks,Aelrynth,,,Player used Chest of Mana Forge Keys.,,TRUE,3600,-1,set by Chest of Mana Forge Keys,
usedchestmmds,Aelrynth,,,Player used Chest of Trade Notes.,,TRUE,3600,-1,set by Chest of Trade Notes,
usedfloatingbottle,Aelrynth,,,You've used the floating bottle recently.,,TRUE,72000,-1,set by Floating Bottle,
usedfreeattributereset,Aelrynth,,,Used your free attribute reset at Asheron's Castle,,FALSE,0,1,set by Chafulumisa,
usedfreemeleemasteryreset,Aelrynth,,,Used free Melee Mastery Reset in Arwic,,FALSE,0,1,"set by Axe Mastery, Dagger Mastery, Mace Mastery and 5 more",
usedfreerangedmasteryreset,Aelrynth,,,Used free Ranged Mastery Reset in Arwic,,FALSE,0,1,"set by Bow Mastery, Crossbow Mastery, Magic Mastery and 1 more",
usedfreeskillreset,Aelrynth,,,Used your free skill reset at Asheron's Castle,,FALSE,0,1,set by Fianhe,
usedfreesummoningmasteryreset,Aelrynth,,,Used free Summoning Mastery Reset in Arwic,,FALSE,0,1,"set by Naturalist, Necromancer, Primalist",
usedheadhomunculus,Aelrynth,,,You have used the Head of the Homunculus.,,TRUE,7200,-1,,
usedlifestonecandethkeep,Aelrynth,,,Used the Candeth Keep Lifestone.,,FALSE,0,1,,
usedlumwisp15k,Aelrynth,,,Player used Luminance Wisp.,,TRUE,3600,-1,set by Luminance Wisp,
usedlumwisp30k,Aelrynth,,,Player used Luminance Wisp.,,TRUE,3600,-1,set by Luminance Wisp,
usedlumwisp5k,Aelrynth,,,Player used Luminance Wisp.,,TRUE,3600,-1,set by Luminance Wisp,
usedmeleemasteryreset,Aelrynth,,,Used Melee Mastery Reset in Arwic,,TRUE,2332800,-1,"set by Axe Mastery, Dagger Mastery, Mace Mastery and 5 more",
usedmhoirethrone,Aelrynth,,,quest timer,,FALSE,0,1,set by Ancient Throne,
usedmonolithdark,Aelrynth,,,You have used the Dark Monolith.,,TRUE,7200,-1,,
usednuhmudiralifestone,Aelrynth,,,Used new Nuhmudira Lifestone,,FALSE,0,1,"checked by Antius Blackmoor, Camryn, Nuhmudira's Student, Guard Audrey and 1 more",
usedpaintingtrialofheart,Aelrynth,,,Player has used the Painting in Trial of Heart,,FALSE,0,1,set by Painting of the Building of Linvak Tukal,
usedrangedmasteryreset,Aelrynth,,,Used Ranged Mastery Reset in Arwic,,TRUE,2332800,-1,"set by Bow Mastery, Crossbow Mastery, Magic Mastery and 1 more",
usedskillreset,Aelrynth,,,Used skill reset at Asheron's Castle,,TRUE,0,-1,set by Fianhe,
usedsummoningmasteryreset,Aelrynth,,,Used Summoning Mastery Reset in Arwic,,TRUE,2332800,-1,"set by Naturalist, Necromancer, Primalist",
utterdarknessrobepickup,Aelrynth,,,quest timer,,TRUE,72000,-1,,
variniafails,Aelrynth,,,Times player can incorrectly guess Varinia passwords,,TRUE,0,4,set by Varinia,
vaultofeternalslumberflag,Aelrynth,,,Player has access to Landscape Vault of Eternal Slumber portal,,FALSE,0,1,,
vendortimaruarmorer,Aelrynth,,,Timaru NPCs will recognize players who return to them within the next 60 minutes,,TRUE,3600,-1,set by Aun Maanuawa the Armorer,
vendortimarubarkeep,Aelrynth,,,Timaru NPCs will recognize players who return to them within the next 60 minutes,,TRUE,3600,-1,set by Aun Laranawa the Barkeep,
vendortimarubowyer,Aelrynth,,,Timaru NPCs will recognize players who return to them within the next 60 minutes,,TRUE,3600,-1,set by Aun Paikitea the Bowyer,
vendortimaruhealer,Aelrynth,,,Timaru NPCs will recognize players who return to them within the next 60 minutes,,TRUE,3600,-1,set by Aun Taguauri the Healer,
vendortimarujeweler,Aelrynth,,,Timaru NPCs will recognize players who return to them within the next 60 minutes,,TRUE,3600,-1,set by Aun Ngaiona the Jeweler,
vendortimarushaman,Aelrynth,,,Timaru NPCs will recognize players who return to them within the next 60 minutes,,TRUE,3600,-1,set by Aun Dreganaua the Elder Shaman,
vendortimarushopkeep,Aelrynth,,,Timaru NPCs will recognize players who return to them within the next 60 minutes,,TRUE,3600,-1,set by Aun Mireona the Shopkeep,
verymadcowwave1critterskilled,Aelrynth,,,Player has killed a creature found in Very Mad Cow,,TRUE,0,-1,set by VeryMadCow Event Watcher,
verymadcowwave2critterskilled,Aelrynth,,,Player has killed a creature found in Very Mad Cow,,TRUE,0,-1,set by VeryMadCow Event Watcher,
viamontianknightskillcount,Aelrynth,,,Viamontian Knights Kill Counter,,TRUE,0,30,,
viamontianknightskilltask,Aelrynth,,,Viamontian Knights Kill Task,,TRUE,72001,-1,,
viamontianmanatarmskillcount,Aelrynth,,,Viamontian Man-at-Arms Kill Counter,,TRUE,0,50,set by Robert Gutsmasher,
viamontianmanatarmskilltask,Aelrynth,,,Viamontian Man-at-Arms Kill Task,,TRUE,72000,-1,set by Robert Gutsmasher,
viridiananekshenkillcount,Aelrynth,,,Viridian A'nekshen Kill Counter,,TRUE,0,10,,
viridiananekshenkilltask,Aelrynth,,,Viridian A'nekshen Kill Task,,TRUE,72000,-1,,
viridianfail,Aelrynth,,,quest timer,,FALSE,0,1,,
viridianflag,Aelrynth,,,quest timer,,FALSE,0,1,set by Guardian of Ash,
viridianportal2rewardwait,Aelrynth,,,Viridian Portal 2 Rewards Cooldown,,TRUE,86400,-1,set by Viridian Portal,
viridianportal3rewardwait,Aelrynth,,,Viridian Portal 3 Rewards Cooldown,,TRUE,86400,-1,set by Viridian Portal,
viridianportal4rewardwait,Aelrynth,,,Viridian Portal 4 Rewards Cooldown,,TRUE,86400,-1,set by Viridian Portal,
viridianportal5rewardwait,Aelrynth,,,Viridian Portal 5 Rewards Cooldown,,TRUE,86400,-1,set by Viridian Portal,
viridianportal6rewardwait,Aelrynth,,,Viridian Portal 6 Rewards Cooldown,,TRUE,86400,-1,set by Viridian Portal,
viridianrecharge,Aelrynth,,,quest timer,,TRUE,20,-1,"set by Ancient Statue of the Viridian Rise, Ancient Statue of the Viridian Root, Viridian Portal",
viridianritual1,Aelrynth,,,quest timer,,FALSE,0,1,set by Guardian of Oak,
viridianritual2,Aelrynth,,,quest timer,,FALSE,0,1,set by Guardian of Hickory,
viridianritual3,Aelrynth,,,quest timer,,FALSE,0,1,set by Guardian of Birch,
viridianritual4,Aelrynth,,,quest timer,,FALSE,0,1,set by Guardian of Willow,
viridianritual5,Aelrynth,,,quest timer,,FALSE,0,1,set by Guardian of Maple,
viridianritual6,Aelrynth,,,quest timer,,FALSE,0,1,set by Guardian of Cedar,
viridianritual7,Aelrynth,,,quest timer,,FALSE,0,1,set by Guardian of Pine,
viridianritual8,Aelrynth,,,quest timer,,FALSE,0,1,set by Guardian of Spruce,
viridianritual9,Aelrynth,,,quest timer,,FALSE,0,1,set by Guardian of Yew,
viridianwaspkillcount,Aelrynth,,,Viridian Wasp Kill Counter,,TRUE,0,10,,
viridianwaspkilltask,Aelrynth,,,Viridian Wasp Kill Task,,TRUE,72000,-1,,
viridianzefirkillcount,Aelrynth,,,Viridian Zefir Kill Counter,,TRUE,0,10,,
viridianzefirkilltask,Aelrynth,,,Viridian Zefir Kill Task,,TRUE,72000,-1,,
virindiaxe,Aelrynth,,,Quintessence Axe,,TRUE,72000,-1,,
virindichimera,Aelrynth,,,Virindi Chimera,,TRUE,72000,-1,"set by Narrow Rift, Shallow Rift",
virindiessence,Aelrynth,,,Virindi Essence,,TRUE,72000,-1,,
virindiisland,Aelrynth,,,Singularity Island,,FALSE,0,1,set by Guardian of the Singularity,
virindikiller,Aelrynth,,,Ahurenga Collector will stamp players who bring him Virindi jewels and refuse to trade with them again,,TRUE,72000,-1,set by Hea Riketura the Collector,
virindikillerbagsiraluun,Aelrynth,,,This quest flag is obsolete.,,TRUE,72000,-1,,
virindikillerbagsiraluun1,Aelrynth,,,This quest flag is obsolete.,,TRUE,72000,-1,,
virindikillerbagsiraluun2,Aelrynth,,,This quest flag is obsolete.,,TRUE,72000,-1,,
virindikillerbagsiraluun3,Aelrynth,,,This quest flag is obsolete.,,TRUE,72000,-1,,
virindikillerbagsiraluun4,Aelrynth,,,This quest flag is obsolete.,,TRUE,72000,-1,,
virindikillerbagsiraluun5,Aelrynth,,,This quest flag is obsolete.,,TRUE,72000,-1,,
virindikillercarenzipeltburrower,Aelrynth,,,This quest flag is obsolete.,,TRUE,72000,-1,,
virindikillercarenzipeltpouchling,Aelrynth,,,This quest flag is obsolete.,,TRUE,72000,-1,,
virindikillercarenzipeltrabid,Aelrynth,,,This quest flag is obsolete.,,TRUE,72000,-1,,
virindikillercarenzipeltsentry,Aelrynth,,,This quest flag is obsolete.,,TRUE,72000,-1,,
virindikillercarenzipeltstalker,Aelrynth,,,This quest flag is obsolete.,,TRUE,72000,-1,,
virindikillerdrudgecharm,Aelrynth,,,This quest flag is obsolete.,,TRUE,72000,-1,,
virindikillerfeatherssiraluun,Aelrynth,,,This quest flag is obsolete.,,TRUE,72000,-1,,
virindikillergolemheartforest,Aelrynth,,,This quest flag is obsolete.,,TRUE,72000,-1,,
virindikillergolemheartmud,Aelrynth,,,This quest flag is obsolete.,,TRUE,72000,-1,,
virindikillergolemheartsand,Aelrynth,,,This quest flag is obsolete.,,TRUE,72000,-1,,
virindikillergolemheartvapor,Aelrynth,,,This quest flag is obsolete.,,TRUE,72000,-1,,
virindikillergolemheartwater,Aelrynth,,,This quest flag is obsolete.,,TRUE,72000,-1,,
virindikillerolthoiclaw,Aelrynth,,,This quest flag is obsolete.,,TRUE,72000,-1,,
virindikillerpendantaun,Aelrynth,,,This quest flag is obsolete.,,TRUE,72000,-1,,
virindikillersiraluunclawlittoral,Aelrynth,,,This quest flag is obsolete.,,TRUE,72000,-1,,
virindikillersiraluunclawmarsh,Aelrynth,,,This quest flag is obsolete.,,TRUE,72000,-1,,
virindikillersiraluunclawstrand,Aelrynth,,,This quest flag is obsolete.,,TRUE,72000,-1,,
virindikillersiraluunclawtidal,Aelrynth,,,This quest flag is obsolete.,,TRUE,72000,-1,,
virindikillersiraluunclawtimber,Aelrynth,,,This quest flag is obsolete.,,TRUE,72000,-1,,
virindikillerwatergolemhearts,Aelrynth,,,This quest flag is obsolete.,,TRUE,72000,-1,,
virindimanacles,Aelrynth,,,Virindi Manacles,,TRUE,72000,-1,,
virindimasteramulet,Aelrynth,,,Virindi Master's Amulet,,TRUE,72000,-1,,
virindimessageshardpickuptimer,Aelrynth,,,Pick up timer for Virindi Message Shard,,TRUE,72000,-1,,
virindiparadoxkillcount,Aelrynth,,,Virindi Paradox Kill Counter,,TRUE,0,75,set by Guard Taziq,
virindiparadoxkilltask,Aelrynth,,,Virindi Paradox Kill Task,,TRUE,72000,-1,set by Guard Taziq,
virindiquidioxkillcount,Aelrynth,,,Virindi Quidiox Kill Counter,,TRUE,0,75,set by Guard Q'alia,
virindiquidioxkilltask,Aelrynth,,,Virindi Quidiox Kill Task,,TRUE,72000,-1,set by Guard Q'alia,
virindirescuecompleted0612,Aelrynth,,,quest timer,,TRUE,72000,-1,set by Omarah,
virindirescuestarted0612,Aelrynth,,,quest timer,,FALSE,0,1,set by Omarah,
virinditatteredcloak,Aelrynth,,,Tattered Virindi Cloak,,TRUE,72000,-1,,
visionquest1,Aelrynth,,,quest timer,,TRUE,1800,-1,set by Keh Fire,
visionquest2,Aelrynth,,,quest timer,,TRUE,1800,-1,set by Keh Fire,
visionquest3,Aelrynth,,,quest timer,,TRUE,1800,-1,set by Keh Fire,
visionquest4,Aelrynth,,,quest timer,,TRUE,1800,-1,set by Keh Fire,
visionquestcompleted1007,Aelrynth,,,quest timer,,TRUE,72000,-1,set by Leopold,
visionquestrepeat1007,Aelrynth,,,Player has completed Delving into Claudes Mind once.,,FALSE,0,1,set by Leopold,
visionqueststarted_0911,Aelrynth,,,quest timer,,FALSE,0,1,,
visitingshaman_flag,Aelrynth,,,Player has spoken to one of the Visiting Shamans while flagged to do so.,,FALSE,0,1,set by Visiting Shaman,
visitors4completed_0713,Aelrynth,,,quest timer,,TRUE,72000,-1,set by Virindi Delegate,
visitorsgotaccess_0713,Aelrynth,,,quest timer,,FALSE,0,1,set by Rynthid Crystal Access Device,
vissflagcomplete,Aelrynth,,,Flagged to use Vissidal Island portal,,FALSE,0,1,set by Watcher of the Deep,
voidcrystalfinished,Aelrynth,,,Retrieved Void Crystal,,FALSE,0,1,set by Balior,
voidcrystalflag,Aelrynth,,,Flagged for entering Collegium Occultus dungeon,,FALSE,0,1,set by Balior,
voidcrystalpickup,Aelrynth,,,Void Crystal pickup timer,,TRUE,72000,-1,,
voidlordkillcount,Aelrynth,,,Void Lord Kill Counter,,TRUE,0,15,,
voidlordkilltask,Aelrynth,,,Void Lord Kill Task,,TRUE,72000,-1,,
volkamagiven,Aelrynth,,,Aun Shimauri will give players permission to enter the Palenqual dungeon only once per month.,,TRUE,72000,-1,,
voraciouseaterjaw,Aelrynth,,,Voracious Eater Jaw,,TRUE,72000,-1,checked by Clemenza,
voraciouseaterkillcount,Aelrynth,,,Voracious Eater Kill Counter,,TRUE,0,50,set by Aun Ruperea,
voraciouseaterkilltask,Aelrynth,,,Voracious Eater Kill Task,,TRUE,72000,-1,set by Aun Ruperea,
warriorcorthosbet,Aelrynth,,,Player bet on Warrior Corthos,,FALSE,0,1,set by Warrior Corthos,
waspwingdone,Aelrynth,,,No more wasp wings for the Academy Collector,,FALSE,0,1,set by Academy Foreman,
waspwingdone1,Aelrynth,,,Second verson of above so Collector will work,,FALSE,0,1,set by Academy Foreman,
waspwinggiven,Aelrynth,,,Player has handed over a Carpenter Wasp wing in the Academy,,FALSE,0,1,set by Academy Foreman,
watchersmessageshardpickuptimer,Aelrynth,,,Pickup timer for Watchers Message Shard,,TRUE,72000,-1,,
waterbanewellquest,Aelrynth,,,Water Bane Well Quest,,TRUE,72000,-1,,
wavekillcount,Aelrynth,,,Player has killed a creature in the room.,,TRUE,0,-1,set by Wave Watcher,
weakenedharbingerreflectiveshard,Aelrynth,,,Weakened Harbinger Reflective Shard pickup timer,,TRUE,72000,-1,,
wearingmask0806,Aelrynth,,,quest timer,,FALSE,0,1,set by Sawato Bandit's Mask,
weedingofthederutree,Aelrynth,,,Weeding of the Deru Tree,,TRUE,72000,-1,,
weedingofthederutree_repeat,Aelrynth,,,Player as completed Weeding of the Deru Tree Quest once.,,FALSE,0,1,set by Valerian McGreggor,
wellbalancedlugiangreataxepickuptimer,Aelrynth,,,Pickup timer for Well Balanced Lugian Great Axe,,TRUE,72000,-1,,
westernpedestalshard_pickup,Aelrynth,,,Player has picked up the Shard of the Western Pedestal.,,TRUE,72000,-1,,
westernroyalhiveok,Aelrynth,,,quest timer,,TRUE,7200,-1,set by Olthoi Hive Eviscerator,
whisperingbladechapterhouse_flag,Aelrynth,,,Access granted to the Whispering Blade Chapterhouse,,FALSE,0,1,set by Ring of the Whispering Blade,
whisperingbladechapterhouseaccess_start,Aelrynth,,,Player has started Whispering Blade Chapterhouse Access Quest,,FALSE,0,1,set by Harkwull the Discreet,
whisperingbladechapterhouseaccess_wait,Aelrynth,,,Player wait timer for Whispering Blade Chapterhouse Access Quest,,TRUE,72000,-1,set by Harkwull the Discreet,
whisperingbladeinfiltrationcomplete,Aelrynth,,,Whispering Blade Infiltration Complete,,FALSE,0,1,set by Garmasi,
whisperingbladeinfiltrationstarted,Aelrynth,,,Whispering Blade Infiltration Started,,FALSE,0,1,set by Garmasi,
whisperingbladeinfiltrationwait,Aelrynth,,,Whispering Blade Infiltration quest cooldown,,TRUE,72000,-1,set by Garmasi,
whisperingbladeloyaltyreset,Aelrynth,,,Loyalty with Whispering Blade faction reset,,FALSE,0,1,set by Giordonni,
whitefireinfusion,Aelrynth,,,White Fire SOLL Infusion,,TRUE,72000,-1,,
whitetotemshard_pickup,Aelrynth,,,Player has picked up Shard of the White Totem,,TRUE,72000,-1,,
whitetotemtemple_flag,Aelrynth,,,Player flag for White Totem Gateway,,FALSE,0,1,set by White Totem Gateway,
wickedskeletonkillcount,Aelrynth,,,Wicked Skeleton Kill Counter,,TRUE,0,100,set by Ruqaya al Mubarak,
wickedskeletonkilltask,Aelrynth,,,Wicked Skeleton Kill Task,,TRUE,72000,-1,set by Ruqaya al Mubarak,
wieldingfishingpole,Aelrynth,Fishing,,Player has the fishing pole weilded.,,FALSE,0,1,"set by Fishing Pole, Fishing Rod (Advanced), Fishing Rod (Beginner) and 2 more",
wightbladesorcererkillcount,Aelrynth,,,Wight Blade Sorcerer Kill Counter,,TRUE,0,12,,
wightbladesorcererkilltask,Aelrynth,,,Wight Blade Sorcerer Kill Task,,TRUE,72000,-1,,
wightkilltask,Aelrynth,,,Wight Kill Task,,TRUE,72000,-1,,
witheredatollatlatl0105,Aelrynth,,,You have acquired the Anemic Atlatl! Now go out and kill something!,,TRUE,72000,-1,,
witheredatollaxe0105,Aelrynth,,,You have acquired the Insensate Axe! Now go out and kill something!,,TRUE,72000,-1,,
witheredatollbow0105,Aelrynth,,,You have acquired the Barren Bow! Now go out and kill something!,,TRUE,72000,-1,,
witheredatollcrossbow0105,Aelrynth,,,Wretched  Crossbow pickup,,TRUE,72000,-1,,
witheredatollknuckles0105,Aelrynth,,,Lifeless Knuckles pickup,,TRUE,72000,-1,,
witheredatollstaff0105,Aelrynth,,,Soulless Staff pickup,,TRUE,72000,-1,,
witheredatollsword0105,Aelrynth,,,You have acquired the Sterile Sword! Now go out and kill something!,,TRUE,72000,-1,,
workersmotivated,Aelrynth,,,Counter for On Strike,,TRUE,0,10,"set by Mosswart Grunt, Mosswart Worker",
wrentalkweek1,Aelrynth,,,quest timer,,FALSE,0,1,set by Wren the Curious,
writingjhongmiaquest,Aelrynth,,,Writing Jhong MiA Quest,,TRUE,518400,-1,,
writingjhongmibquest,Aelrynth,,,Writing Jhong MiB Quest,,TRUE,72000,-1,,
writingjhongmicquest,Aelrynth,,,Writing Jhong MiC Quest,,TRUE,72000,-1,,
writofapology_0508,Aelrynth,,,Writ of Apology Quest - Player can get 1 Writ if they have this quest bestowed,,FALSE,0,1,checked by Royal Guard,
xbowstatuepickup,Aelrynth,,,Player has picked up this weapons and cannot pick up another one for 1 day,,TRUE,72000,-1,,
xikminrutrophy32024,Aelrynth,,,Offering of Xi Minru given,,FALSE,0,1,set by Shrine to Xik Minru,
xikminrutrophy70094,Aelrynth,,,Offering of Xi Minru given,,FALSE,0,1,set by Shrine to Xik Minru,
xikminrutrophy70095,Aelrynth,,,Offering of Xi Minru given,,FALSE,0,1,set by Shrine to Xik Minru,
xikminrutrophy70096,Aelrynth,,,Offering of Xi Minru given,,FALSE,0,1,set by Shrine to Xik Minru,
xikminrutrophy70097,Aelrynth,,,Offering of Xi Minru given,,FALSE,0,1,set by Shrine to Xik Minru,
yalainbookgiven,Aelrynth,,,Player has been given the Yalain books,,TRUE,72000,-1,set by Bookshelf,
yanshimatronclawtimer,Aelrynth,,,Yanshi Matron's Claw pickup timer,,TRUE,72000,-1,,
yanshimine,Aelrynth,,,Flagged to enter the Yanshi Lower Undermine,,FALSE,0,1,set by Royal Guard Adrana,
yanshitunnelsclaw1205,Aelrynth,,,Started the Yanshi Tunnels quest,,FALSE,0,1,set by Royal Guard Adrana,
yanshitunnelscomplete1205,Aelrynth,,,Yanshi Tunnels quest timer,,TRUE,72000,-1,set by Royal Guard Adrana,
yanshiwritingmid,Aelrynth,,,Writing Jhong MiD Quest,,TRUE,72000,-1,set by Dai Ya the Scholar,
yaojiloukaquest,Aelrynth,,,Yaoji Lou Ka Quest,,TRUE,72000,-1,,
yaraqahyaraletter,Aelrynth,,,Yaraq Ahyara Letter Quest,,TRUE,72000,-1,set by Ahyara,
yaraqapplecoveperfect1204,Aelrynth,,,Sea Temple Catacombs Quest,,TRUE,72000,-1,,
yaraqapplepiehot1204,Aelrynth,,,Sea Temple Catacombs Quest,,TRUE,72000,-1,,
yaraqbakingpancoveapple1204,Aelrynth,,,Sea Temple Catacombs Quest,,TRUE,72000,-1,,
yaraqcidercoveappleaged1204,Aelrynth,,,Sea Temple Catacombs Quest,,TRUE,72000,-1,,
yaraqciderhardcoveapple1204,Aelrynth,,,Sea Temple Catacombs Quest,,TRUE,72000,-1,,
yaraqcomplete,Aelrynth,,,Player has completed the Yaraq Regicide Quest,,TRUE,72000,-1,set by Dame Tsaya,
yaraqgreetinggiven,Aelrynth,,,Tsaya has said hello to player,,FALSE,0,1,set by Dame Tsaya,
yaraqheadmarionettemadstar1204,Aelrynth,,,Yaraq Akyafi Quest,,TRUE,72000,-1,,
yaraqknifecoveapple1204,Aelrynth,,,Sea Temple Catacombs Quest,,TRUE,72000,-1,,
yaraqnasunletter,Aelrynth,,,Yaraq Nasun Letter Quest,,TRUE,72000,-1,set by Nasun ibn Tifar,
yaraqnotecovecrypt1204,Aelrynth,,,Ma'yad ibn Ibsar Quest,,TRUE,72000,-1,,
yaraqregicidebanditgreeting,Aelrynth,,,Yaraq Bandit has said hello to player,,FALSE,0,1,set by Stranger in Town,
yaraqwinecoveapple1204,Aelrynth,,,Sea Temple Catacombs Quest,,TRUE,72000,-1,,
yellowmonsterseed,Aelrynth,,,Yellow Monster Seed counter,,TRUE,0,5,set by Sara Sen,
zaikhaldefensecoppercomplete_0511,Aelrynth,,,Completed Defense of Zaikhal (Copper),,TRUE,72000,-1,set by Jun Sawashima,
zaikhaldefensegoldcomplete_0511,Aelrynth,,,Completed Defense of Zaikhal (Gold),,TRUE,72000,-1,set by Jun Sawashima,
zaikhaldefenseplatinumcomplete_0511,Aelrynth,,,Completed Defense of Zaikhal (Platinum),,TRUE,72000,-1,set by Jun Sawashima,
zaikhaldefensesilvercomplete_0511,Aelrynth,,,Completed Defense of Zaikhal (Silver),,TRUE,72000,-1,set by Jun Sawashima,
zenithphase,Aelrynth,,,Time window for using the Rift Closing Device to spawn a Zenith in the Portal Space Rifts quest,,TRUE,180,-1,"set by Acid Plane Stopgap, Electric Plane Stopgap, Fire Plane Stopgap and 1 more",
zigguratentrance,Aelrynth,,,Player may enter any of the ziggurats,,FALSE,0,1,set by Asheron's Platinum Golem,
zombiebrainpickup,Aelrynth,,,Picked up a Decaying Zombie Brain Portion,,TRUE,72000,-1,,
zombiebutlerarm,Aelrynth,,,Turned in a Fresh Zombie Arm.,,TRUE,0,2,set by Ungrim the Unpleasant Smelling,
zombiebutlerhead,Aelrynth,,,Turned in a Fresh Zombie Head.,,FALSE,0,1,set by Ungrim the Unpleasant Smelling,
zombiebutlerleg,Aelrynth,,,Turned in a Fresh Zombie Leg.,,TRUE,0,2,set by Ungrim the Unpleasant Smelling,
zombiebutlertorso,Aelrynth,,,Turned in a Fresh Zombie Torso.,,FALSE,0,1,set by Ungrim the Unpleasant Smelling,
beaconcomplete,Aelrynth,,,,,,,,,TRUE
bulboftwilightseedgiven,Aelrynth,,,,,,,,,TRUE
burportalservitor,Aelrynth,,,,,,,,,TRUE
darkrecording1,Aelrynth,,,,,,,,,TRUE
darkrecording2,Aelrynth,,,,,,,,,TRUE
darkrockstart,Aelrynth,,,,,,,,,TRUE
defeatedbonecrunchrepeat,Aelrynth,,,,,,,,,TRUE
elderspiritssealstamp,Aelrynth,,,,,,,,,TRUE
furgalmushroomturnin,Aelrynth,,,,,,,,,TRUE
heartofmadness,Aelrynth,,,,,,,,,TRUE
leatherhandedin,Aelrynth,,,,,,,,,TRUE
maruuntestweek1,Aelrynth,,,,,,,,,TRUE
metalhandedin,Aelrynth,,,,,,,,,TRUE
mhoireswflame1,Aelrynth,,,,,,,,,TRUE
mhoireswflame2,Aelrynth,,,,,,,,,TRUE
mhoireswflame3,Aelrynth,,,,,,,,,TRUE
mhoireswflame4,Aelrynth,,,,,,,,,TRUE
mhoireswflame5,Aelrynth,,,,,,,,,TRUE
mhoireswflame6,Aelrynth,,,,,,,,,TRUE
mhoireswflame7,Aelrynth,,,,,,,,,TRUE
mhoireswflame8,Aelrynth,,,,,,,,,TRUE
oswaldjournal,Aelrynth,,,,,,,,,TRUE
pickedupquiddityingot,Aelrynth,,,,,,,,,TRUE
progenitoringotstarted,Aelrynth,,,,,,,,,TRUE
realaidaineasternvault,Aelrynth,,,,,,,,,TRUE
realaidainnorthernvault,Aelrynth,,,,,,,,,TRUE
realaidainwesternvault,Aelrynth,,,,,,,,,TRUE
seed1_0713,Aelrynth,,,,,,,,,TRUE
seed2_0713,Aelrynth,,,,,,,,,TRUE
seed3_0713,Aelrynth,,,,,,,,,TRUE
summoningcaverhan,Aelrynth,,,,,,,,,TRUE
thrungaldenportal,Aelrynth,,,,,,,,,TRUE
turshdungeonflag,Aelrynth,,,,,,,,,TRUE
turshscalpcount,Aelrynth,,,,,,,,,TRUE
ubermetos,Aelrynth,,,,,,,,,TRUE
ubermetoscatacombs,Aelrynth,,,,,,,,,TRUE
ubermetostemp10,Aelrynth,,,,,,,,,TRUE
viridianritualfail,Aelrynth,,,,,,,,,TRUE
