# RynthCore.LosProof ground truth for landblock 0x6346, built from the fixed geometry loader.
# kind playerCell monsterCell ax ay az bx by bz wallBetween  (feet positions, global meters; wallBetween = the chest-height
# line crosses a solid render polygon). W wall pair, H both hugging that wall, O open pair,
# M monster 1.5 m away in the same cell, L Lucy's 2026-09-30 07:19 stall (0x63460132 -> 0x63460118, 3.7-4.9 m),
# D in view through a doorway at an angle (0x6346012E -> 0x63460118, 5.0-5.4 m),
# R up or down a ramp or step (0.5-3 m of height, 2-10 m apart, nothing between).
W 63460100 63460101 19011.809 13280.000 -24.000 19011.809 13270.000 -24.000 1
H 63460100 63460101 19011.809 13277.976 -24.000 19011.809 13272.024 -24.000 1
O 63460100 63460104 19011.809 13280.000 -24.000 19015.832 13280.000 -24.000 0
M 63460100 63460100 19011.809 13280.000 -24.000 19013.309 13280.000 -24.000 0
W 63460101 63460102 19011.809 13270.000 -24.000 19011.809 13260.000 -24.000 1
H 63460101 63460102 19011.809 13267.976 -24.000 19011.809 13262.024 -24.000 1
O 63460101 63460109 19011.809 13270.000 -24.000 19018.000 13266.683 -24.000 0
M 63460101 63460101 19011.809 13270.000 -24.000 19013.309 13270.000 -24.000 0
O 63460102 6346010E 19011.809 13260.000 -24.000 19016.555 13260.000 -24.000 0
M 63460102 63460102 19011.809 13260.000 -24.000 19013.309 13260.000 -24.000 0
O 63460103 63460104 19018.000 13290.000 -24.000 19015.832 13280.000 -24.000 0
O 63460103 63460107 19018.000 13290.000 -24.000 19018.000 13284.668 -24.000 0
M 63460103 63460103 19018.000 13290.000 -24.000 19019.500 13290.000 -24.000 0
O 63460104 63460105 19015.832 13280.000 -24.000 19018.000 13275.332 -24.000 0
O 63460104 63460106 19015.832 13280.000 -24.000 19022.668 13280.000 -24.000 0
O 63460104 63460107 19015.832 13280.000 -24.000 19018.000 13284.668 -24.000 0
O 63460104 63460108 19015.832 13280.000 -24.000 19013.332 13280.000 -24.000 0
O 63460104 6346010C 19015.832 13280.000 -24.000 19018.000 13274.668 -24.000 0
O 63460104 63460115 19015.832 13280.000 -24.000 19024.191 13280.000 -24.000 0
M 63460104 63460104 19015.832 13280.000 -24.000 19017.332 13280.000 -24.000 0
O 63460105 63460106 19018.000 13275.332 -24.000 19022.668 13280.000 -24.000 0
O 63460105 63460107 19018.000 13275.332 -24.000 19018.000 13284.668 -24.000 0
O 63460105 63460108 19018.000 13275.332 -24.000 19013.332 13280.000 -24.000 0
O 63460105 63460109 19018.000 13275.332 -24.000 19018.000 13266.683 -24.000 0
M 63460105 63460105 19018.000 13275.332 -24.000 19019.500 13275.332 -24.000 0
O 63460106 63460107 19022.668 13280.000 -24.000 19018.000 13284.668 -24.000 0
O 63460106 63460108 19022.668 13280.000 -24.000 19013.332 13280.000 -24.000 0
M 63460106 63460106 19022.668 13280.000 -24.000 19024.168 13280.000 -24.000 0
O 63460107 63460108 19018.000 13284.668 -24.000 19013.332 13280.000 -24.000 0
M 63460107 63460107 19018.000 13284.668 -24.000 19019.500 13284.668 -24.000 0
M 63460108 63460108 19013.332 13280.000 -24.000 19014.832 13280.000 -24.000 0
O 63460109 6346010B 19018.000 13266.683 -24.000 19022.668 13270.000 -24.000 0
O 63460109 6346010C 19018.000 13266.683 -24.000 19018.000 13274.668 -24.000 0
O 63460109 6346010D 19018.000 13266.683 -24.000 19013.332 13270.000 -24.000 0
O 63460109 63460110 19018.000 13266.683 -24.000 19018.000 13264.668 -24.000 0
O 63460109 63460116 19018.000 13266.683 -24.000 19024.191 13270.000 -24.000 0
M 63460109 63460109 19018.000 13266.683 -24.000 19019.500 13266.683 -24.000 0
O 6346010A 6346010B 19018.000 13265.332 -24.000 19022.668 13270.000 -24.000 0
O 6346010A 6346010C 19018.000 13265.332 -24.000 19018.000 13274.668 -24.000 0
O 6346010A 6346010D 19018.000 13265.332 -24.000 19013.332 13270.000 -24.000 0
O 6346010A 6346010E 19018.000 13265.332 -24.000 19016.555 13260.000 -24.000 0
M 6346010A 6346010A 19018.000 13265.332 -24.000 19019.500 13265.332 -24.000 0
O 6346010B 6346010C 19022.668 13270.000 -24.000 19018.000 13274.668 -24.000 0
O 6346010B 6346010D 19022.668 13270.000 -24.000 19013.332 13270.000 -24.000 0
M 6346010B 6346010B 19022.668 13270.000 -24.000 19024.168 13270.000 -24.000 0
O 6346010C 6346010D 19018.000 13274.668 -24.000 19013.332 13270.000 -24.000 0
M 6346010C 6346010C 19018.000 13274.668 -24.000 19019.500 13274.668 -24.000 0
M 6346010D 6346010D 19013.332 13270.000 -24.000 19014.832 13270.000 -24.000 0
O 6346010E 6346010F 19016.555 13260.000 -24.000 19018.000 13255.332 -24.000 0
O 6346010E 63460110 19016.555 13260.000 -24.000 19018.000 13264.668 -24.000 0
O 6346010E 63460111 19016.555 13260.000 -24.000 19013.332 13260.000 -24.000 0
O 6346010E 63460114 19016.555 13260.000 -24.000 19018.000 13254.010 -24.000 0
M 6346010E 6346010E 19016.555 13260.000 -24.000 19018.055 13260.000 -24.000 0
O 6346010F 63460110 19018.000 13255.332 -24.000 19018.000 13264.668 -24.000 0
O 6346010F 63460111 19018.000 13255.332 -24.000 19013.332 13260.000 -24.000 0
O 6346010F 63460112 19018.000 13255.332 -24.000 19019.059 13251.058 -24.000 0
M 6346010F 6346010F 19018.000 13255.332 -24.000 19019.500 13255.332 -24.000 0
O 63460110 63460111 19018.000 13264.668 -24.000 19013.332 13260.000 -24.000 0
M 63460110 63460110 19018.000 13264.668 -24.000 19019.500 13264.668 -24.000 0
M 63460111 63460111 19013.332 13260.000 -24.000 19014.832 13260.000 -24.000 0
O 63460112 63460113 19019.059 13251.058 -24.000 19022.010 13250.000 -24.000 0
O 63460112 63460114 19019.059 13251.058 -24.000 19018.000 13254.010 -24.000 0
O 63460112 63460117 19019.059 13251.058 -24.000 19028.000 13250.000 -24.000 0
M 63460112 63460112 19019.059 13251.058 -24.000 19020.559 13251.058 -24.000 0
O 63460113 63460114 19022.010 13250.000 -24.000 19018.000 13254.010 -24.000 0
O 63460113 63460117 19022.010 13250.000 -24.000 19028.000 13250.000 -24.000 0
M 63460113 63460113 19022.010 13250.000 -24.000 19023.510 13250.000 -24.000 0
M 63460114 63460114 19018.000 13254.010 -24.000 19019.500 13254.010 -24.000 0
W 63460115 63460116 19024.191 13280.000 -24.000 19024.191 13270.000 -24.000 1
H 63460115 63460116 19024.191 13277.976 -24.000 19024.191 13272.024 -24.000 1
M 63460115 63460115 19024.191 13280.000 -24.000 19025.691 13280.000 -24.000 0
M 63460116 63460116 19024.191 13270.000 -24.000 19025.691 13270.000 -24.000 0
W 63460117 63460118 19028.000 13250.000 -24.000 19038.000 13260.000 -24.000 1
H 63460117 63460118 19030.156 13252.156 -24.000 19033.318 13255.318 -24.000 1
O 63460117 63460119 19028.000 13250.000 -24.000 19041.309 13250.000 -24.000 0
M 63460117 63460117 19028.000 13250.000 -24.000 19029.500 13250.000 -24.000 0
W 63460118 63460119 19038.000 13260.000 -24.000 19041.309 13250.000 -24.000 1
H 63460118 63460119 19039.514 13255.427 -24.000 19040.631 13252.048 -24.000 1
O 63460118 6346012E 19038.000 13260.000 -24.000 19046.555 13260.000 -24.000 0
O 63460118 63460131 19038.000 13260.000 -24.000 19043.332 13260.000 -24.000 0
M 63460118 63460118 19038.000 13260.000 -24.000 19039.500 13260.000 -24.000 0
W 63460119 6346011A 19041.309 13250.000 -24.000 19039.059 13238.942 -24.000 1
H 63460119 6346011A 19040.895 13247.966 -24.000 19039.574 13241.477 -24.000 1
W 63460119 6346011B 19041.309 13250.000 -24.000 19038.000 13235.990 -24.000 1
H 63460119 6346011B 19040.828 13247.963 -24.000 19039.268 13241.359 -24.000 1
W 63460119 6346011C 19041.309 13250.000 -24.000 19042.010 13240.000 -24.000 1
H 63460119 6346011C 19041.451 13247.975 -24.000 19041.867 13242.025 -24.000 1
O 63460119 63460132 19041.309 13250.000 -24.000 19046.555 13250.000 -24.000 0
O 63460119 63460135 19041.309 13250.000 -24.000 19043.332 13250.000 -24.000 0
M 63460119 63460119 19041.309 13250.000 -24.000 19042.809 13250.000 -24.000 0
O 6346011A 6346011B 19039.059 13238.942 -24.000 19038.000 13235.990 -24.000 0
O 6346011A 6346011C 19039.059 13238.942 -24.000 19042.010 13240.000 -24.000 0
O 6346011A 6346011F 19039.059 13238.942 -24.000 19038.000 13234.010 -24.000 0
W 6346011A 63460135 19039.059 13238.942 -24.000 19043.332 13250.000 -24.000 1
H 6346011A 63460135 19040.148 13241.764 -24.000 19042.537 13247.945 -24.000 1
O 6346011A 63460138 19039.059 13238.942 -24.000 19043.990 13240.000 -24.000 0
M 6346011A 6346011A 19039.059 13238.942 -24.000 19040.559 13238.942 -24.000 0
O 6346011B 6346011C 19038.000 13235.990 -24.000 19042.010 13240.000 -24.000 0
O 6346011B 6346011D 19038.000 13235.990 -24.000 19039.059 13231.058 -24.000 0
W 6346011B 63460135 19038.000 13235.990 -24.000 19043.332 13250.000 -24.000 1
H 6346011B 63460135 19040.205 13241.785 -24.000 19042.551 13247.946 -24.000 1
M 6346011B 6346011B 19038.000 13235.990 -24.000 19039.500 13235.990 -24.000 0
O 6346011C 63460136 19042.010 13240.000 -24.000 19046.941 13241.058 -24.000 0
M 6346011C 6346011C 19042.010 13240.000 -24.000 19043.510 13240.000 -24.000 0
O 6346011D 6346011E 19039.059 13231.058 -24.000 19042.010 13230.000 -24.000 0
O 6346011D 6346011F 19039.059 13231.058 -24.000 19038.000 13234.010 -24.000 0
M 6346011D 6346011D 19039.059 13231.058 -24.000 19040.559 13231.058 -24.000 0
O 6346011E 6346011F 19042.010 13230.000 -24.000 19038.000 13234.010 -24.000 0
W 6346011E 63460136 19042.010 13230.000 -24.000 19046.941 13241.058 -24.000 1
H 6346011E 63460136 19042.926 13232.054 -24.000 19045.637 13238.131 -24.000 1
M 6346011E 6346011E 19042.010 13230.000 -24.000 19043.510 13230.000 -24.000 0
M 6346011F 6346011F 19038.000 13234.010 -24.000 19039.500 13234.010 -24.000 0
O 63460120 63460121 19051.334 13340.000 -24.000 19044.666 13330.000 -24.000 0
O 63460120 63460139 19051.334 13340.000 -24.000 19058.000 13340.000 -24.000 0
O 63460120 63460153 19051.334 13340.000 -24.000 19064.666 13340.000 -24.000 0
M 63460120 63460120 19051.334 13340.000 -24.000 19052.834 13340.000 -24.000 0
W 63460121 63460122 19044.666 13330.000 -24.000 19049.059 13318.942 -24.000 1
H 63460121 63460122 19046.486 13325.418 -24.000 19048.297 13320.857 -24.000 1
W 63460121 63460123 19044.666 13330.000 -24.000 19048.000 13315.990 -24.000 1
H 63460121 63460123 19045.752 13325.438 -24.000 19047.055 13319.964 -24.000 1
W 63460121 63460124 19044.666 13330.000 -24.000 19052.010 13320.000 -24.000 1
H 63460121 63460124 19048.072 13325.362 -24.000 19050.650 13321.851 -24.000 1
M 63460121 63460121 19044.666 13330.000 -24.000 19046.166 13330.000 -24.000 0
O 63460122 63460123 19049.059 13318.942 -24.000 19048.000 13315.990 -24.000 0
O 63460122 63460124 19049.059 13318.942 -24.000 19052.010 13320.000 -24.000 0
O 63460122 63460125 19049.059 13318.942 -24.000 19048.000 13310.000 -24.000 0
O 63460122 6346013F 19049.059 13318.942 -24.000 19053.332 13320.000 -24.000 0
M 63460122 63460122 19049.059 13318.942 -24.000 19050.559 13318.942 -24.000 0
O 63460123 63460124 19048.000 13315.990 -24.000 19052.010 13320.000 -24.000 0
O 63460123 63460125 19048.000 13315.990 -24.000 19048.000 13310.000 -24.000 0
O 63460123 63460128 19048.000 13315.990 -24.000 19048.000 13304.010 -24.000 0
M 63460123 63460123 19048.000 13315.990 -24.000 19049.500 13315.990 -24.000 0
O 63460124 6346013B 19052.010 13320.000 -24.000 19060.168 13320.000 -24.000 0
M 63460124 63460124 19052.010 13320.000 -24.000 19053.510 13320.000 -24.000 0
O 63460125 63460126 19048.000 13310.000 -24.000 19049.059 13301.058 -24.000 0
O 63460125 63460128 19048.000 13310.000 -24.000 19048.000 13304.010 -24.000 0
W 63460125 63460140 19048.000 13310.000 -24.000 19058.000 13313.811 -24.000 1
H 63460125 63460140 19050.055 13310.783 -24.000 19055.945 13313.027 -24.000 1
M 63460125 63460125 19048.000 13310.000 -24.000 19049.500 13310.000 -24.000 0
O 63460126 63460127 19049.059 13301.058 -24.000 19052.010 13300.000 -24.000 0
O 63460126 63460128 19049.059 13301.058 -24.000 19048.000 13304.010 -24.000 0
W 63460126 63460129 19049.059 13301.058 -24.000 19051.809 13290.000 -24.000 1
H 63460126 63460129 19049.705 13298.458 -24.000 19051.303 13292.038 -24.000 1
O 63460126 63460143 19049.059 13301.058 -24.000 19053.332 13300.000 -24.000 0
W 63460126 63460149 19049.059 13301.058 -24.000 19053.332 13290.000 -24.000 1
H 63460126 63460149 19050.148 13298.236 -24.000 19052.537 13292.055 -24.000 1
M 63460126 63460126 19049.059 13301.058 -24.000 19050.559 13301.058 -24.000 0
O 63460127 63460128 19052.010 13300.000 -24.000 19048.000 13304.010 -24.000 0
W 63460127 63460129 19052.010 13300.000 -24.000 19051.809 13290.000 -24.000 1
H 63460127 63460129 19051.969 13297.976 -24.000 19051.850 13292.024 -24.000 1
O 63460127 63460141 19052.010 13300.000 -24.000 19058.000 13298.555 -24.000 0
M 63460127 63460127 19052.010 13300.000 -24.000 19053.510 13300.000 -24.000 0
W 63460128 63460129 19048.000 13304.010 -24.000 19051.809 13290.000 -24.000 1
H 63460128 63460129 19049.486 13298.541 -24.000 19051.254 13292.040 -24.000 1
W 63460128 63460140 19048.000 13304.010 -24.000 19058.000 13313.811 -24.000 1
H 63460128 63460140 19050.152 13306.120 -24.000 19056.623 13312.461 -24.000 1
W 63460128 63460149 19048.000 13304.010 -24.000 19053.332 13290.000 -24.000 1
H 63460128 63460149 19050.205 13298.215 -24.000 19052.551 13292.054 -24.000 1
M 63460128 63460128 19048.000 13304.010 -24.000 19049.500 13304.010 -24.000 0
W 63460129 6346012A 19051.809 13290.000 -24.000 19051.809 13280.000 -24.000 1
H 63460129 6346012A 19051.809 13287.976 -24.000 19051.809 13282.024 -24.000 1
O 63460129 63460145 19051.809 13290.000 -24.000 19055.832 13290.000 -24.000 0
M 63460129 63460129 19051.809 13290.000 -24.000 19053.309 13290.000 -24.000 0
W 6346012A 6346012B 19051.809 13280.000 -24.000 19049.059 13268.942 -24.000 1
H 6346012A 6346012B 19051.303 13277.962 -24.000 19049.705 13271.542 -24.000 1
W 6346012A 6346012C 19051.809 13280.000 -24.000 19048.000 13265.990 -24.000 1
H 6346012A 6346012C 19051.254 13277.960 -24.000 19049.486 13271.459 -24.000 1
W 6346012A 6346012D 19051.809 13280.000 -24.000 19052.010 13270.000 -24.000 1
H 6346012A 6346012D 19051.850 13277.976 -24.000 19051.969 13272.024 -24.000 1
O 6346012A 6346014A 19051.809 13280.000 -24.000 19060.168 13280.000 -24.000 0
M 6346012A 6346012A 19051.809 13280.000 -24.000 19053.309 13280.000 -24.000 0
O 6346012B 6346012C 19049.059 13268.942 -24.000 19048.000 13265.990 -24.000 0
O 6346012B 6346012D 19049.059 13268.942 -24.000 19052.010 13270.000 -24.000 0
O 6346012B 63460130 19049.059 13268.942 -24.000 19048.000 13264.668 -24.000 0
W 6346012B 6346014E 19049.059 13268.942 -24.000 19053.332 13280.000 -24.000 1
H 6346012B 6346014E 19050.148 13271.764 -24.000 19052.537 13277.945 -24.000 1
O 6346012B 63460150 19049.059 13268.942 -24.000 19053.332 13270.000 -24.000 0
M 6346012B 6346012B 19049.059 13268.942 -24.000 19050.559 13268.942 -24.000 0
O 6346012C 6346012D 19048.000 13265.990 -24.000 19052.010 13270.000 -24.000 0
O 6346012C 6346012E 19048.000 13265.990 -24.000 19046.555 13260.000 -24.000 0
W 6346012C 6346014E 19048.000 13265.990 -24.000 19053.332 13280.000 -24.000 1
H 6346012C 6346014E 19050.205 13271.785 -24.000 19052.551 13277.946 -24.000 1
M 6346012C 6346012C 19048.000 13265.990 -24.000 19049.500 13265.990 -24.000 0
O 6346012D 6346014F 19052.010 13270.000 -24.000 19058.000 13271.445 -24.000 0
M 6346012D 6346012D 19052.010 13270.000 -24.000 19053.510 13270.000 -24.000 0
O 6346012E 6346012F 19046.555 13260.000 -24.000 19048.000 13255.332 -24.000 0
O 6346012E 63460130 19046.555 13260.000 -24.000 19048.000 13264.668 -24.000 0
O 6346012E 63460131 19046.555 13260.000 -24.000 19043.332 13260.000 -24.000 0
O 6346012E 63460134 19046.555 13260.000 -24.000 19048.000 13254.668 -24.000 0
M 6346012E 6346012E 19046.555 13260.000 -24.000 19048.055 13260.000 -24.000 0
O 6346012F 63460130 19048.000 13255.332 -24.000 19048.000 13264.668 -24.000 0
O 6346012F 63460131 19048.000 13255.332 -24.000 19043.332 13260.000 -24.000 0
O 6346012F 63460132 19048.000 13255.332 -24.000 19046.555 13250.000 -24.000 0
M 6346012F 6346012F 19048.000 13255.332 -24.000 19049.500 13255.332 -24.000 0
O 63460130 63460131 19048.000 13264.668 -24.000 19043.332 13260.000 -24.000 0
M 63460130 63460130 19048.000 13264.668 -24.000 19049.500 13264.668 -24.000 0
M 63460131 63460131 19043.332 13260.000 -24.000 19044.832 13260.000 -24.000 0
O 63460132 63460133 19046.555 13250.000 -24.000 19048.000 13245.332 -24.000 0
O 63460132 63460134 19046.555 13250.000 -24.000 19048.000 13254.668 -24.000 0
O 63460132 63460135 19046.555 13250.000 -24.000 19043.332 13250.000 -24.000 0
O 63460132 63460137 19046.555 13250.000 -24.000 19048.000 13244.010 -24.000 0
M 63460132 63460132 19046.555 13250.000 -24.000 19048.055 13250.000 -24.000 0
O 63460133 63460134 19048.000 13245.332 -24.000 19048.000 13254.668 -24.000 0
O 63460133 63460135 19048.000 13245.332 -24.000 19043.332 13250.000 -24.000 0
O 63460133 63460136 19048.000 13245.332 -24.000 19046.941 13241.058 -24.000 0
M 63460133 63460133 19048.000 13245.332 -24.000 19049.500 13245.332 -24.000 0
O 63460134 63460135 19048.000 13254.668 -24.000 19043.332 13250.000 -24.000 0
M 63460134 63460134 19048.000 13254.668 -24.000 19049.500 13254.668 -24.000 0
M 63460135 63460135 19043.332 13250.000 -24.000 19044.832 13250.000 -24.000 0
O 63460136 63460137 19046.941 13241.058 -24.000 19048.000 13244.010 -24.000 0
O 63460136 63460138 19046.941 13241.058 -24.000 19043.990 13240.000 -24.000 0
M 63460136 63460136 19046.941 13241.058 -24.000 19048.441 13241.058 -24.000 0
O 63460137 63460138 19048.000 13244.010 -24.000 19043.990 13240.000 -24.000 0
M 63460137 63460137 19048.000 13244.010 -24.000 19049.500 13244.010 -24.000 0
M 63460138 63460138 19043.990 13240.000 -24.000 19045.490 13240.000 -24.000 0
O 63460139 6346013A 19058.000 13340.000 -24.000 19058.000 13330.000 -24.000 0
O 63460139 63460153 19058.000 13340.000 -24.000 19064.666 13340.000 -24.000 0
O 63460139 63460154 19058.000 13340.000 -24.000 19068.000 13333.333 -24.000 0
M 63460139 63460139 19058.000 13340.000 -24.000 19059.500 13340.000 -24.000 0
O 6346013A 6346013B 19058.000 13330.000 -24.000 19060.168 13320.000 -24.000 0
O 6346013A 6346013E 19058.000 13330.000 -24.000 19058.000 13324.668 -24.000 0
M 6346013A 6346013A 19058.000 13330.000 -24.000 19059.500 13330.000 -24.000 0
O 6346013B 6346013C 19060.168 13320.000 -24.000 19058.000 13315.332 -24.000 0
O 6346013B 6346013D 19060.168 13320.000 -24.000 19062.668 13320.000 -24.000 0
O 6346013B 6346013E 19060.168 13320.000 -24.000 19058.000 13324.668 -24.000 0
O 6346013B 6346013F 19060.168 13320.000 -24.000 19053.332 13320.000 -24.000 0
O 6346013B 63460140 19060.168 13320.000 -24.000 19058.000 13313.811 -24.000 0
O 6346013B 63460156 19060.168 13320.000 -24.000 19063.990 13320.000 -24.000 0
M 6346013B 6346013B 19060.168 13320.000 -24.000 19061.668 13320.000 -24.000 0
O 6346013C 6346013D 19058.000 13315.332 -24.000 19062.668 13320.000 -24.000 0
O 6346013C 6346013E 19058.000 13315.332 -24.000 19058.000 13324.668 -24.000 0
O 6346013C 6346013F 19058.000 13315.332 -24.000 19053.332 13320.000 -24.000 0
M 6346013C 6346013C 19058.000 13315.332 -24.000 19059.500 13315.332 -24.000 0
O 6346013D 6346013E 19062.668 13320.000 -24.000 19058.000 13324.668 -24.000 0
O 6346013D 6346013F 19062.668 13320.000 -24.000 19053.332 13320.000 -24.000 0
O 6346013D 63460155 19062.668 13320.000 -24.000 19066.941 13318.942 -24.000 0
M 6346013D 6346013D 19062.668 13320.000 -24.000 19064.168 13320.000 -24.000 0
O 6346013E 6346013F 19058.000 13324.668 -24.000 19053.332 13320.000 -24.000 0
M 6346013E 6346013E 19058.000 13324.668 -24.000 19059.500 13324.668 -24.000 0
M 6346013F 6346013F 19053.332 13320.000 -24.000 19054.832 13320.000 -24.000 0
W 63460140 63460142 19058.000 13313.811 -24.000 19062.668 13300.000 -24.000 1
H 63460140 63460142 19058.531 13312.236 -24.000 19061.975 13302.050 -24.000 1
W 63460140 63460143 19058.000 13313.811 -24.000 19053.332 13300.000 -24.000 1
H 63460140 63460143 19057.469 13312.236 -24.000 19054.025 13302.050 -24.000 1
W 63460140 63460158 19058.000 13313.811 -24.000 19068.000 13310.000 -24.000 1
H 63460140 63460158 19060.055 13313.027 -24.000 19065.945 13310.783 -24.000 1
W 63460140 6346015A 19058.000 13313.811 -24.000 19068.000 13304.010 -24.000 1
H 63460140 6346015A 19059.377 13312.461 -24.000 19065.848 13306.120 -24.000 1
M 63460140 63460140 19058.000 13313.811 -24.000 19059.500 13313.811 -24.000 0
O 63460141 63460142 19058.000 13298.555 -24.000 19062.668 13300.000 -24.000 0
O 63460141 63460143 19058.000 13298.555 -24.000 19053.332 13300.000 -24.000 0
O 63460141 63460144 19058.000 13298.555 -24.000 19058.000 13295.332 -24.000 0
O 63460141 63460148 19058.000 13298.555 -24.000 19058.000 13294.668 -24.000 0
O 63460141 6346015B 19058.000 13298.555 -24.000 19063.990 13300.000 -24.000 0
M 63460141 63460141 19058.000 13298.555 -24.000 19059.500 13298.555 -24.000 0
O 63460142 63460143 19062.668 13300.000 -24.000 19053.332 13300.000 -24.000 0
O 63460142 63460144 19062.668 13300.000 -24.000 19058.000 13295.332 -24.000 0
O 63460142 63460159 19062.668 13300.000 -24.000 19066.941 13301.058 -24.000 0
M 63460142 63460142 19062.668 13300.000 -24.000 19064.168 13300.000 -24.000 0
O 63460143 63460144 19053.332 13300.000 -24.000 19058.000 13295.332 -24.000 0
M 63460143 63460143 19053.332 13300.000 -24.000 19054.832 13300.000 -24.000 0
O 63460144 63460145 19058.000 13295.332 -24.000 19055.832 13290.000 -24.000 0
M 63460144 63460144 19058.000 13295.332 -24.000 19059.500 13295.332 -24.000 0
O 63460145 63460146 19055.832 13290.000 -24.000 19058.000 13285.332 -24.000 0
O 63460145 63460147 19055.832 13290.000 -24.000 19062.668 13290.000 -24.000 0
O 63460145 63460148 19055.832 13290.000 -24.000 19058.000 13294.668 -24.000 0
O 63460145 63460149 19055.832 13290.000 -24.000 19053.332 13290.000 -24.000 0
O 63460145 6346014D 19055.832 13290.000 -24.000 19058.000 13284.668 -24.000 0
O 63460145 6346015C 19055.832 13290.000 -24.000 19064.191 13290.000 -24.000 0
M 63460145 63460145 19055.832 13290.000 -24.000 19057.332 13290.000 -24.000 0
O 63460146 63460147 19058.000 13285.332 -24.000 19062.668 13290.000 -24.000 0
O 63460146 63460148 19058.000 13285.332 -24.000 19058.000 13294.668 -24.000 0
O 63460146 63460149 19058.000 13285.332 -24.000 19053.332 13290.000 -24.000 0
O 63460146 6346014A 19058.000 13285.332 -24.000 19060.168 13280.000 -24.000 0
M 63460146 63460146 19058.000 13285.332 -24.000 19059.500 13285.332 -24.000 0
O 63460147 63460148 19062.668 13290.000 -24.000 19058.000 13294.668 -24.000 0
O 63460147 63460149 19062.668 13290.000 -24.000 19053.332 13290.000 -24.000 0
W 63460147 63460159 19062.668 13290.000 -24.000 19066.941 13301.058 -24.000 1
H 63460147 63460159 19063.463 13292.055 -24.000 19065.852 13298.236 -24.000 1
W 63460147 6346015A 19062.668 13290.000 -24.000 19068.000 13304.010 -24.000 1
H 63460147 6346015A 19063.449 13292.054 -24.000 19065.795 13298.215 -24.000 1
M 63460147 63460147 19062.668 13290.000 -24.000 19064.168 13290.000 -24.000 0
O 63460148 63460149 19058.000 13294.668 -24.000 19053.332 13290.000 -24.000 0
M 63460148 63460148 19058.000 13294.668 -24.000 19059.500 13294.668 -24.000 0
M 63460149 63460149 19053.332 13290.000 -24.000 19054.832 13290.000 -24.000 0
O 6346014A 6346014B 19060.168 13280.000 -24.000 19058.000 13275.332 -24.000 0
O 6346014A 6346014C 19060.168 13280.000 -24.000 19062.668 13280.000 -24.000 0
O 6346014A 6346014D 19060.168 13280.000 -24.000 19058.000 13284.668 -24.000 0
O 6346014A 6346014E 19060.168 13280.000 -24.000 19053.332 13280.000 -24.000 0
O 6346014A 63460152 19060.168 13280.000 -24.000 19058.000 13274.668 -24.000 0
O 6346014A 6346015D 19060.168 13280.000 -24.000 19064.191 13280.000 -24.000 0
M 6346014A 6346014A 19060.168 13280.000 -24.000 19061.668 13280.000 -24.000 0
O 6346014B 6346014C 19058.000 13275.332 -24.000 19062.668 13280.000 -24.000 0
O 6346014B 6346014D 19058.000 13275.332 -24.000 19058.000 13284.668 -24.000 0
O 6346014B 6346014E 19058.000 13275.332 -24.000 19053.332 13280.000 -24.000 0
O 6346014B 6346014F 19058.000 13275.332 -24.000 19058.000 13271.445 -24.000 0
M 6346014B 6346014B 19058.000 13275.332 -24.000 19059.500 13275.332 -24.000 0
O 6346014C 6346014D 19062.668 13280.000 -24.000 19058.000 13284.668 -24.000 0
O 6346014C 6346014E 19062.668 13280.000 -24.000 19053.332 13280.000 -24.000 0
W 6346014C 6346015E 19062.668 13280.000 -24.000 19066.941 13268.942 -24.000 1
H 6346014C 6346015E 19063.463 13277.945 -24.000 19065.852 13271.764 -24.000 1
W 6346014C 63460160 19062.668 13280.000 -24.000 19068.000 13265.990 -24.000 1
H 6346014C 63460160 19063.449 13277.946 -24.000 19065.795 13271.785 -24.000 1
M 6346014C 6346014C 19062.668 13280.000 -24.000 19064.168 13280.000 -24.000 0
O 6346014D 6346014E 19058.000 13284.668 -24.000 19053.332 13280.000 -24.000 0
M 6346014D 6346014D 19058.000 13284.668 -24.000 19059.500 13284.668 -24.000 0
M 6346014E 6346014E 19053.332 13280.000 -24.000 19054.832 13280.000 -24.000 0
O 6346014F 63460150 19058.000 13271.445 -24.000 19053.332 13270.000 -24.000 0
O 6346014F 63460151 19058.000 13271.445 -24.000 19062.668 13270.000 -24.000 0
O 6346014F 63460152 19058.000 13271.445 -24.000 19058.000 13274.668 -24.000 0
O 6346014F 6346015F 19058.000 13271.445 -24.000 19063.990 13270.000 -24.000 0
M 6346014F 6346014F 19058.000 13271.445 -24.000 19059.500 13271.445 -24.000 0
O 63460150 63460151 19053.332 13270.000 -24.000 19062.668 13270.000 -24.000 0
O 63460150 63460152 19053.332 13270.000 -24.000 19058.000 13274.668 -24.000 0
M 63460150 63460150 19053.332 13270.000 -24.000 19054.832 13270.000 -24.000 0
O 63460151 63460152 19062.668 13270.000 -24.000 19058.000 13274.668 -24.000 0
O 63460151 6346015E 19062.668 13270.000 -24.000 19066.941 13268.942 -24.000 0
M 63460151 63460151 19062.668 13270.000 -24.000 19064.168 13270.000 -24.000 0
M 63460152 63460152 19058.000 13274.668 -24.000 19059.500 13274.668 -24.000 0
O 63460153 63460154 19064.666 13340.000 -24.000 19068.000 13333.333 -24.000 0
M 63460153 63460153 19064.666 13340.000 -24.000 19066.166 13340.000 -24.000 0
W 63460154 63460155 19068.000 13333.333 -24.000 19066.941 13318.942 -24.000 1
H 63460154 63460155 19067.420 13325.449 -24.000 19067.104 13321.138 -24.000 1
W 63460154 63460156 19068.000 13333.333 -24.000 19063.990 13320.000 -24.000 1
H 63460154 63460156 19065.623 13325.431 -24.000 19064.605 13322.044 -24.000 1
M 63460154 63460154 19068.000 13333.333 -24.000 19069.500 13333.333 -24.000 0
O 63460155 63460156 19066.941 13318.942 -24.000 19063.990 13320.000 -24.000 0
O 63460155 63460157 19066.941 13318.942 -24.000 19068.000 13315.990 -24.000 0
O 63460155 63460158 19066.941 13318.942 -24.000 19068.000 13310.000 -24.000 0
M 63460155 63460155 19066.941 13318.942 -24.000 19068.441 13318.942 -24.000 0
O 63460156 63460157 19063.990 13320.000 -24.000 19068.000 13315.990 -24.000 0
M 63460156 63460156 19063.990 13320.000 -24.000 19065.490 13320.000 -24.000 0
O 63460157 63460158 19068.000 13315.990 -24.000 19068.000 13310.000 -24.000 0
O 63460157 6346015A 19068.000 13315.990 -24.000 19068.000 13304.010 -24.000 0
M 63460157 63460157 19068.000 13315.990 -24.000 19069.500 13315.990 -24.000 0
O 63460158 63460159 19068.000 13310.000 -24.000 19066.941 13301.058 -24.000 0
O 63460158 6346015A 19068.000 13310.000 -24.000 19068.000 13304.010 -24.000 0
M 63460158 63460158 19068.000 13310.000 -24.000 19069.500 13310.000 -24.000 0
O 63460159 6346015A 19066.941 13301.058 -24.000 19068.000 13304.010 -24.000 0
O 63460159 6346015B 19066.941 13301.058 -24.000 19063.990 13300.000 -24.000 0
W 63460159 6346015C 19066.941 13301.058 -24.000 19064.191 13290.000 -24.000 1
H 63460159 6346015C 19066.295 13298.458 -24.000 19064.697 13292.038 -24.000 1
M 63460159 63460159 19066.941 13301.058 -24.000 19068.441 13301.058 -24.000 0
O 6346015A 6346015B 19068.000 13304.010 -24.000 19063.990 13300.000 -24.000 0
W 6346015A 6346015C 19068.000 13304.010 -24.000 19064.191 13290.000 -24.000 1
H 6346015A 6346015C 19066.514 13298.541 -24.000 19064.746 13292.040 -24.000 1
M 6346015A 6346015A 19068.000 13304.010 -24.000 19069.500 13304.010 -24.000 0
W 6346015B 6346015C 19063.990 13300.000 -24.000 19064.191 13290.000 -24.000 1
H 6346015B 6346015C 19064.031 13297.976 -24.000 19064.150 13292.024 -24.000 1
M 6346015B 6346015B 19063.990 13300.000 -24.000 19065.490 13300.000 -24.000 0
W 6346015C 6346015D 19064.191 13290.000 -24.000 19064.191 13280.000 -24.000 1
H 6346015C 6346015D 19064.191 13287.976 -24.000 19064.191 13282.024 -24.000 1
M 6346015C 6346015C 19064.191 13290.000 -24.000 19065.691 13290.000 -24.000 0
W 6346015D 6346015E 19064.191 13280.000 -24.000 19066.941 13268.942 -24.000 1
H 6346015D 6346015E 19064.697 13277.962 -24.000 19066.295 13271.542 -24.000 1
W 6346015D 6346015F 19064.191 13280.000 -24.000 19063.990 13270.000 -24.000 1
H 6346015D 6346015F 19064.150 13277.976 -24.000 19064.031 13272.024 -24.000 1
W 6346015D 63460160 19064.191 13280.000 -24.000 19068.000 13265.990 -24.000 1
H 6346015D 63460160 19064.746 13277.960 -24.000 19066.514 13271.459 -24.000 1
M 6346015D 6346015D 19064.191 13280.000 -24.000 19065.691 13280.000 -24.000 0
O 6346015E 6346015F 19066.941 13268.942 -24.000 19063.990 13270.000 -24.000 0
O 6346015E 63460160 19066.941 13268.942 -24.000 19068.000 13265.990 -24.000 0
O 6346015E 63460162 19066.941 13268.942 -24.000 19068.000 13264.668 -24.000 0
M 6346015E 6346015E 19066.941 13268.942 -24.000 19068.441 13268.942 -24.000 0
O 6346015F 63460160 19063.990 13270.000 -24.000 19068.000 13265.990 -24.000 0
M 6346015F 6346015F 19063.990 13270.000 -24.000 19065.490 13270.000 -24.000 0
O 63460160 63460161 19068.000 13265.990 -24.000 19069.445 13260.000 -24.000 0
M 63460160 63460160 19068.000 13265.990 -24.000 19069.500 13265.990 -24.000 0
O 63460161 63460162 19069.445 13260.000 -24.000 19068.000 13264.668 -24.000 0
O 63460161 63460163 19069.445 13260.000 -24.000 19068.000 13255.332 -24.000 0
O 63460161 63460164 19069.445 13260.000 -24.000 19072.668 13260.000 -24.000 0
O 63460161 63460166 19069.445 13260.000 -24.000 19068.000 13254.668 -24.000 0
O 63460161 6346016C 19069.445 13260.000 -24.000 19078.000 13260.000 -24.000 0
M 63460161 63460161 19069.445 13260.000 -24.000 19070.945 13260.000 -24.000 0
O 63460162 63460163 19068.000 13264.668 -24.000 19068.000 13255.332 -24.000 0
O 63460162 63460164 19068.000 13264.668 -24.000 19072.668 13260.000 -24.000 0
M 63460162 63460162 19068.000 13264.668 -24.000 19069.500 13264.668 -24.000 0
O 63460163 63460164 19068.000 13255.332 -24.000 19072.668 13260.000 -24.000 0
O 63460163 63460165 19068.000 13255.332 -24.000 19069.445 13250.000 -24.000 0
M 63460163 63460163 19068.000 13255.332 -24.000 19069.500 13255.332 -24.000 0
O 63460164 6346016C 19072.668 13260.000 -24.000 19078.000 13260.000 -24.000 0
M 63460164 63460164 19072.668 13260.000 -24.000 19074.168 13260.000 -24.000 0
O 63460165 63460166 19069.445 13250.000 -24.000 19068.000 13254.668 -24.000 0
O 63460165 63460167 19069.445 13250.000 -24.000 19068.000 13245.332 -24.000 0
O 63460165 63460168 19069.445 13250.000 -24.000 19072.668 13250.000 -24.000 0
O 63460165 6346016B 19069.445 13250.000 -24.000 19068.000 13244.010 -24.000 0
O 63460165 6346016D 19069.445 13250.000 -24.000 19078.000 13250.000 -24.000 0
M 63460165 63460165 19069.445 13250.000 -24.000 19070.945 13250.000 -24.000 0
O 63460166 63460167 19068.000 13254.668 -24.000 19068.000 13245.332 -24.000 0
O 63460166 63460168 19068.000 13254.668 -24.000 19072.668 13250.000 -24.000 0
M 63460166 63460166 19068.000 13254.668 -24.000 19069.500 13254.668 -24.000 0
O 63460167 63460168 19068.000 13245.332 -24.000 19072.668 13250.000 -24.000 0
O 63460167 63460169 19068.000 13245.332 -24.000 19069.059 13241.058 -24.000 0
M 63460167 63460167 19068.000 13245.332 -24.000 19069.500 13245.332 -24.000 0
O 63460168 6346016D 19072.668 13250.000 -24.000 19078.000 13250.000 -24.000 0
W 63460168 6346016E 19072.668 13250.000 -24.000 19076.941 13238.942 -24.000 1
H 63460168 6346016E 19073.463 13247.945 -24.000 19075.852 13241.764 -24.000 1
W 63460168 63460170 19072.668 13250.000 -24.000 19078.000 13235.990 -24.000 1
H 63460168 63460170 19073.449 13247.946 -24.000 19075.795 13241.785 -24.000 1
M 63460168 63460168 19072.668 13250.000 -24.000 19074.168 13250.000 -24.000 0
O 63460169 6346016A 19069.059 13241.058 -24.000 19072.010 13240.000 -24.000 0
O 63460169 6346016B 19069.059 13241.058 -24.000 19068.000 13244.010 -24.000 0
O 63460169 6346016F 19069.059 13241.058 -24.000 19073.990 13240.000 -24.000 0
W 63460169 63460173 19069.059 13241.058 -24.000 19073.990 13230.000 -24.000 1
H 63460169 63460173 19070.363 13238.131 -24.000 19073.074 13232.053 -24.000 1
M 63460169 63460169 19069.059 13241.058 -24.000 19070.559 13241.058 -24.000 0
O 6346016A 6346016B 19072.010 13240.000 -24.000 19068.000 13244.010 -24.000 0
O 6346016A 6346016E 19072.010 13240.000 -24.000 19076.941 13238.942 -24.000 0
M 6346016A 6346016A 19072.010 13240.000 -24.000 19073.510 13240.000 -24.000 0
M 6346016B 6346016B 19068.000 13244.010 -24.000 19069.500 13244.010 -24.000 0
W 6346016C 6346016D 19078.000 13260.000 -24.000 19078.000 13250.000 -24.000 1
H 6346016C 6346016D 19078.000 13255.450 -24.000 19078.000 13252.024 -24.000 1
W 6346016C 63460176 19078.000 13260.000 -24.000 19088.000 13250.000 -24.000 1
H 6346016C 63460176 19082.682 13255.318 -24.000 19085.844 13252.156 -24.000 1
M 6346016C 6346016C 19078.000 13260.000 -24.000 19079.500 13260.000 -24.000 0
W 6346016D 6346016E 19078.000 13250.000 -24.000 19076.941 13238.942 -24.000 1
H 6346016D 6346016E 19077.807 13247.974 -24.000 19077.148 13241.114 -24.000 1
W 6346016D 6346016F 19078.000 13250.000 -24.000 19073.990 13240.000 -24.000 1
H 6346016D 6346016F 19077.176 13247.943 -24.000 19074.814 13242.057 -24.000 1
W 6346016D 63460170 19078.000 13250.000 -24.000 19078.000 13235.990 -24.000 1
H 6346016D 63460170 19078.000 13247.976 -24.000 19078.000 13240.771 -24.000 1
O 6346016D 63460176 19078.000 13250.000 -24.000 19088.000 13250.000 -24.000 0
M 6346016D 6346016D 19078.000 13250.000 -24.000 19079.500 13250.000 -24.000 0
O 6346016E 6346016F 19076.941 13238.942 -24.000 19073.990 13240.000 -24.000 0
O 6346016E 63460170 19076.941 13238.942 -24.000 19078.000 13235.990 -24.000 0
O 6346016E 63460172 19076.941 13238.942 -24.000 19078.000 13234.010 -24.000 0
M 6346016E 6346016E 19076.941 13238.942 -24.000 19078.441 13238.942 -24.000 0
O 6346016F 63460170 19073.990 13240.000 -24.000 19078.000 13235.990 -24.000 0
M 6346016F 6346016F 19073.990 13240.000 -24.000 19075.490 13240.000 -24.000 0
O 63460170 63460171 19078.000 13235.990 -24.000 19076.941 13231.058 -24.000 0
M 63460170 63460170 19078.000 13235.990 -24.000 19079.500 13235.990 -24.000 0
O 63460171 63460172 19076.941 13231.058 -24.000 19078.000 13234.010 -24.000 0
O 63460171 63460173 19076.941 13231.058 -24.000 19073.990 13230.000 -24.000 0
M 63460171 63460171 19076.941 13231.058 -24.000 19078.441 13231.058 -24.000 0
O 63460172 63460173 19078.000 13234.010 -24.000 19073.990 13230.000 -24.000 0
M 63460172 63460172 19078.000 13234.010 -24.000 19079.500 13234.010 -24.000 0
M 63460173 63460173 19073.990 13230.000 -24.000 19075.490 13230.000 -24.000 0
W 63460174 63460175 19091.809 13280.000 -24.000 19091.809 13270.000 -24.000 1
H 63460174 63460175 19091.809 13277.976 -24.000 19091.809 13272.024 -24.000 1
O 63460174 63460178 19091.809 13280.000 -24.000 19100.168 13280.000 -24.000 0
M 63460174 63460174 19091.809 13280.000 -24.000 19093.309 13280.000 -24.000 0
O 63460175 6346017D 19091.809 13270.000 -24.000 19100.168 13270.000 -24.000 0
M 63460175 63460175 19091.809 13270.000 -24.000 19093.309 13270.000 -24.000 0
O 63460176 63460186 19088.000 13250.000 -24.000 19096.941 13251.058 -24.000 0
O 63460176 63460188 19088.000 13250.000 -24.000 19093.990 13250.000 -24.000 0
M 63460176 63460176 19088.000 13250.000 -24.000 19089.500 13250.000 -24.000 0
O 63460177 63460178 19098.000 13290.000 -24.000 19100.168 13280.000 -24.000 0
O 63460177 6346017B 19098.000 13290.000 -24.000 19098.000 13284.668 -24.000 0
M 63460177 63460177 19098.000 13290.000 -24.000 19099.500 13290.000 -24.000 0
O 63460178 63460179 19100.168 13280.000 -24.000 19098.000 13275.332 -24.000 0
O 63460178 6346017A 19100.168 13280.000 -24.000 19102.668 13280.000 -24.000 0
O 63460178 6346017B 19100.168 13280.000 -24.000 19098.000 13284.668 -24.000 0
O 63460178 6346017C 19100.168 13280.000 -24.000 19093.332 13280.000 -24.000 0
O 63460178 63460180 19100.168 13280.000 -24.000 19098.000 13274.668 -24.000 0
O 63460178 63460189 19100.168 13280.000 -24.000 19104.191 13280.000 -24.000 0
M 63460178 63460178 19100.168 13280.000 -24.000 19101.668 13280.000 -24.000 0
O 63460179 6346017A 19098.000 13275.332 -24.000 19102.668 13280.000 -24.000 0
O 63460179 6346017B 19098.000 13275.332 -24.000 19098.000 13284.668 -24.000 0
O 63460179 6346017C 19098.000 13275.332 -24.000 19093.332 13280.000 -24.000 0
O 63460179 6346017D 19098.000 13275.332 -24.000 19100.168 13270.000 -24.000 0
M 63460179 63460179 19098.000 13275.332 -24.000 19099.500 13275.332 -24.000 0
O 6346017A 6346017B 19102.668 13280.000 -24.000 19098.000 13284.668 -24.000 0
O 6346017A 6346017C 19102.668 13280.000 -24.000 19093.332 13280.000 -24.000 0
M 6346017A 6346017A 19102.668 13280.000 -24.000 19104.168 13280.000 -24.000 0
O 6346017B 6346017C 19098.000 13284.668 -24.000 19093.332 13280.000 -24.000 0
M 6346017B 6346017B 19098.000 13284.668 -24.000 19099.500 13284.668 -24.000 0
M 6346017C 6346017C 19093.332 13280.000 -24.000 19094.832 13280.000 -24.000 0
O 6346017D 6346017E 19100.168 13270.000 -24.000 19098.000 13265.332 -24.000 0
O 6346017D 6346017F 19100.168 13270.000 -24.000 19102.668 13270.000 -24.000 0
O 6346017D 63460180 19100.168 13270.000 -24.000 19098.000 13274.668 -24.000 0
O 6346017D 63460181 19100.168 13270.000 -24.000 19093.332 13270.000 -24.000 0
O 6346017D 63460183 19100.168 13270.000 -24.000 19098.000 13264.668 -24.000 0
O 6346017D 6346018A 19100.168 13270.000 -24.000 19104.191 13270.000 -24.000 0
M 6346017D 6346017D 19100.168 13270.000 -24.000 19101.668 13270.000 -24.000 0
O 6346017E 6346017F 19098.000 13265.332 -24.000 19102.668 13270.000 -24.000 0
O 6346017E 63460180 19098.000 13265.332 -24.000 19098.000 13274.668 -24.000 0
O 6346017E 63460181 19098.000 13265.332 -24.000 19093.332 13270.000 -24.000 0
O 6346017E 63460182 19098.000 13265.332 -24.000 19099.445 13260.000 -24.000 0
M 6346017E 6346017E 19098.000 13265.332 -24.000 19099.500 13265.332 -24.000 0
O 6346017F 63460180 19102.668 13270.000 -24.000 19098.000 13274.668 -24.000 0
O 6346017F 63460181 19102.668 13270.000 -24.000 19093.332 13270.000 -24.000 0
M 6346017F 6346017F 19102.668 13270.000 -24.000 19104.168 13270.000 -24.000 0
O 63460180 63460181 19098.000 13274.668 -24.000 19093.332 13270.000 -24.000 0
M 63460180 63460180 19098.000 13274.668 -24.000 19099.500 13274.668 -24.000 0
M 63460181 63460181 19093.332 13270.000 -24.000 19094.832 13270.000 -24.000 0
O 63460182 63460183 19099.445 13260.000 -24.000 19098.000 13264.668 -24.000 0
O 63460182 63460184 19099.445 13260.000 -24.000 19098.000 13255.332 -24.000 0
O 63460182 63460185 19099.445 13260.000 -24.000 19102.668 13260.000 -24.000 0
O 63460182 63460187 19099.445 13260.000 -24.000 19098.000 13254.010 -24.000 0
O 63460182 6346018B 19099.445 13260.000 -24.000 19104.191 13260.000 -24.000 0
M 63460182 63460182 19099.445 13260.000 -24.000 19100.945 13260.000 -24.000 0
O 63460183 63460184 19098.000 13264.668 -24.000 19098.000 13255.332 -24.000 0
O 63460183 63460185 19098.000 13264.668 -24.000 19102.668 13260.000 -24.000 0
M 63460183 63460183 19098.000 13264.668 -24.000 19099.500 13264.668 -24.000 0
O 63460184 63460185 19098.000 13255.332 -24.000 19102.668 13260.000 -24.000 0
O 63460184 63460186 19098.000 13255.332 -24.000 19096.941 13251.058 -24.000 0
M 63460184 63460184 19098.000 13255.332 -24.000 19099.500 13255.332 -24.000 0
M 63460185 63460185 19102.668 13260.000 -24.000 19104.168 13260.000 -24.000 0
O 63460186 63460187 19096.941 13251.058 -24.000 19098.000 13254.010 -24.000 0
O 63460186 63460188 19096.941 13251.058 -24.000 19093.990 13250.000 -24.000 0
M 63460186 63460186 19096.941 13251.058 -24.000 19098.441 13251.058 -24.000 0
O 63460187 63460188 19098.000 13254.010 -24.000 19093.990 13250.000 -24.000 0
M 63460187 63460187 19098.000 13254.010 -24.000 19099.500 13254.010 -24.000 0
M 63460188 63460188 19093.990 13250.000 -24.000 19095.490 13250.000 -24.000 0
W 63460189 6346018A 19104.191 13280.000 -24.000 19104.191 13270.000 -24.000 1
H 63460189 6346018A 19104.191 13277.976 -24.000 19104.191 13272.024 -24.000 1
M 63460189 63460189 19104.191 13280.000 -24.000 19105.691 13280.000 -24.000 0
W 6346018A 6346018B 19104.191 13270.000 -24.000 19104.191 13260.000 -24.000 1
H 6346018A 6346018B 19104.191 13267.976 -24.000 19104.191 13262.024 -24.000 1
M 6346018A 6346018A 19104.191 13270.000 -24.000 19105.691 13270.000 -24.000 0
M 6346018B 6346018B 19104.191 13260.000 -24.000 19105.691 13260.000 -24.000 0
O 6346018C 6346018D 19119.059 13408.942 -24.000 19118.000 13405.990 -24.000 0
O 6346018C 6346018E 19119.059 13408.942 -24.000 19122.010 13410.000 -24.000 0
O 6346018C 6346018F 19119.059 13408.942 -24.000 19118.000 13396.689 -24.000 0
O 6346018C 6346019B 19119.059 13408.942 -24.000 19123.332 13410.000 -24.000 0
M 6346018C 6346018C 19119.059 13408.942 -24.000 19120.559 13408.942 -24.000 0
O 6346018D 6346018E 19118.000 13405.990 -24.000 19122.010 13410.000 -24.000 0
O 6346018D 6346018F 19118.000 13405.990 -24.000 19118.000 13396.689 -24.000 0
O 6346018D 63460192 19118.000 13405.990 -24.000 19118.000 13394.010 -24.000 0
M 6346018D 6346018D 19118.000 13405.990 -24.000 19119.500 13405.990 -24.000 0
O 6346018E 63460197 19122.010 13410.000 -24.000 19130.168 13410.000 -24.000 0
M 6346018E 6346018E 19122.010 13410.000 -24.000 19123.510 13410.000 -24.000 0
O 6346018F 63460190 19118.000 13396.689 -24.000 19119.059 13391.058 -24.000 0
O 6346018F 63460192 19118.000 13396.689 -24.000 19118.000 13394.010 -24.000 0
W 6346018F 6346019C 19118.000 13396.689 -24.000 19128.000 13403.811 -24.000 1
H 6346018F 6346019C 19120.107 13398.190 -24.000 19126.324 13402.617 -24.000 1
M 6346018F 6346018F 19118.000 13396.689 -24.000 19119.500 13396.689 -24.000 0
O 63460190 63460191 19119.059 13391.058 -24.000 19122.010 13390.000 -24.000 0
O 63460190 63460192 19119.059 13391.058 -24.000 19118.000 13394.010 -24.000 0
O 63460190 6346019D 19119.059 13391.058 -24.000 19128.000 13390.000 -24.000 0
M 63460190 63460190 19119.059 13391.058 -24.000 19120.559 13391.058 -24.000 0
O 63460191 63460192 19122.010 13390.000 -24.000 19118.000 13394.010 -24.000 0
O 63460191 6346019D 19122.010 13390.000 -24.000 19128.000 13390.000 -24.000 0
M 63460191 63460191 19122.010 13390.000 -24.000 19123.510 13390.000 -24.000 0
W 63460192 6346019C 19118.000 13394.010 -24.000 19128.000 13403.811 -24.000 1
H 63460192 6346019C 19120.152 13396.120 -24.000 19126.623 13402.461 -24.000 1
M 63460192 63460192 19118.000 13394.010 -24.000 19119.500 13394.010 -24.000 0
O 63460193 63460194 19129.059 13428.942 -24.000 19128.000 13425.990 -24.000 0
O 63460193 63460195 19129.059 13428.942 -24.000 19132.010 13430.000 -24.000 0
O 63460193 63460196 19129.059 13428.942 -24.000 19128.000 13420.000 -24.000 0
O 63460193 6346019E 19129.059 13428.942 -24.000 19138.000 13430.000 -24.000 0
M 63460193 63460193 19129.059 13428.942 -24.000 19130.559 13428.942 -24.000 0
O 63460194 63460195 19128.000 13425.990 -24.000 19132.010 13430.000 -24.000 0
O 63460194 63460196 19128.000 13425.990 -24.000 19128.000 13420.000 -24.000 0
O 63460194 6346019A 19128.000 13425.990 -24.000 19128.000 13414.668 -24.000 0
M 63460194 63460194 19128.000 13425.990 -24.000 19129.500 13425.990 -24.000 0
O 63460195 6346019E 19132.010 13430.000 -24.000 19138.000 13430.000 -24.000 0
O 63460195 634601A5 19132.010 13430.000 -24.000 19146.309 13430.000 -24.000 0
M 63460195 63460195 19132.010 13430.000 -24.000 19133.510 13430.000 -24.000 0
O 63460196 63460197 19128.000 13420.000 -24.000 19130.168 13410.000 -24.000 0
O 63460196 6346019A 19128.000 13420.000 -24.000 19128.000 13414.668 -24.000 0
M 63460196 63460196 19128.000 13420.000 -24.000 19129.500 13420.000 -24.000 0
O 63460197 63460198 19130.168 13410.000 -24.000 19128.000 13405.332 -24.000 0
O 63460197 63460199 19130.168 13410.000 -24.000 19132.668 13410.000 -24.000 0
O 63460197 6346019A 19130.168 13410.000 -24.000 19128.000 13414.668 -24.000 0
O 63460197 6346019B 19130.168 13410.000 -24.000 19123.332 13410.000 -24.000 0
O 63460197 6346019C 19130.168 13410.000 -24.000 19128.000 13403.811 -24.000 0
O 63460197 6346019F 19130.168 13410.000 -24.000 19134.191 13410.000 -24.000 0
W 63460197 634601A0 19130.168 13410.000 -24.000 19138.000 13403.333 -24.000 1
H 63460197 634601A0 19132.732 13407.817 -24.000 19136.385 13404.708 -24.000 1
M 63460197 63460197 19130.168 13410.000 -24.000 19131.668 13410.000 -24.000 0
O 63460198 63460199 19128.000 13405.332 -24.000 19132.668 13410.000 -24.000 0
O 63460198 6346019A 19128.000 13405.332 -24.000 19128.000 13414.668 -24.000 0
O 63460198 6346019B 19128.000 13405.332 -24.000 19123.332 13410.000 -24.000 0
W 63460198 634601A0 19128.000 13405.332 -24.000 19138.000 13403.333 -24.000 1
H 63460198 634601A0 19130.033 13404.926 -24.000 19133.441 13404.244 -24.000 1
M 63460198 63460198 19128.000 13405.332 -24.000 19129.500 13405.332 -24.000 0
O 63460199 6346019A 19132.668 13410.000 -24.000 19128.000 13414.668 -24.000 0
O 63460199 6346019B 19132.668 13410.000 -24.000 19123.332 13410.000 -24.000 0
W 63460199 634601A0 19132.668 13410.000 -24.000 19138.000 13403.333 -24.000 1
H 63460199 634601A0 19134.365 13407.877 -24.000 19136.947 13404.648 -24.000 1
M 63460199 63460199 19132.668 13410.000 -24.000 19134.168 13410.000 -24.000 0
O 6346019A 6346019B 19128.000 13414.668 -24.000 19123.332 13410.000 -24.000 0
M 6346019A 6346019A 19128.000 13414.668 -24.000 19129.500 13414.668 -24.000 0
M 6346019B 6346019B 19123.332 13410.000 -24.000 19124.832 13410.000 -24.000 0
W 6346019C 6346019D 19128.000 13403.811 -24.000 19128.000 13390.000 -24.000 1
H 6346019C 6346019D 19128.000 13402.260 -24.000 19128.000 13392.024 -24.000 1
W 6346019C 634601A0 19128.000 13403.811 -24.000 19138.000 13403.333 -24.000 1
H 6346019C 634601A0 19130.025 13403.714 -24.000 19133.449 13403.551 -24.000 1
M 6346019C 6346019C 19128.000 13403.811 -24.000 19129.500 13403.811 -24.000 0
O 6346019D 634601A1 19128.000 13390.000 -24.000 19138.000 13390.000 -24.000 0
M 6346019D 6346019D 19128.000 13390.000 -24.000 19129.500 13390.000 -24.000 0
O 6346019E 634601A5 19138.000 13430.000 -24.000 19146.309 13430.000 -24.000 0
O 6346019E 634601A6 19138.000 13430.000 -24.000 19150.500 13430.000 -24.000 0
M 6346019E 6346019E 19138.000 13430.000 -24.000 19139.500 13430.000 -24.000 0
W 6346019F 634601A0 19134.191 13410.000 -24.000 19138.000 13403.333 -24.000 1
H 6346019F 634601A0 19135.273 13408.105 -24.000 19137.271 13404.609 -24.000 1
M 6346019F 6346019F 19134.191 13410.000 -24.000 19135.691 13410.000 -24.000 0
O 634601A0 634601A1 19138.000 13403.333 -24.000 19138.000 13390.000 -24.000 0
M 634601A0 634601A0 19138.000 13403.333 -24.000 19139.500 13403.333 -24.000 0
O 634601A1 634601A2 19138.000 13390.000 -24.000 19138.000 13380.000 -24.000 0
O 634601A1 634601A9 19138.000 13390.000 -24.000 19143.990 13380.000 -24.000 0
M 634601A1 634601A1 19138.000 13390.000 -24.000 19139.500 13390.000 -24.000 0
W 634601A2 634601A3 19138.000 13380.000 -24.000 19141.809 13370.000 -24.000 1
H 634601A2 634601A3 19139.744 13375.421 -24.000 19141.025 13372.054 -24.000 1
O 634601A2 634601A8 19138.000 13380.000 -24.000 19146.941 13378.942 -24.000 0
O 634601A2 634601A9 19138.000 13380.000 -24.000 19143.990 13380.000 -24.000 0
M 634601A2 634601A2 19138.000 13380.000 -24.000 19139.500 13380.000 -24.000 0
O 634601A3 634601AB 19141.809 13370.000 -24.000 19145.832 13370.000 -24.000 0
M 634601A3 634601A3 19141.809 13370.000 -24.000 19143.309 13370.000 -24.000 0
O 634601A4 634601A5 19150.500 13437.500 -24.000 19146.309 13430.000 -24.000 0
O 634601A4 634601A6 19150.500 13437.500 -24.000 19150.500 13430.000 -24.000 0
O 634601A4 634601A7 19150.500 13437.500 -24.000 19150.500 13422.500 -24.000 0
O 634601A4 634601B0 19150.500 13437.500 -24.000 19158.000 13437.500 -24.000 0
O 634601A4 634601B1 19150.500 13437.500 -24.000 19158.000 13430.000 -24.000 0
O 634601A4 634601B4 19150.500 13437.500 -24.000 19165.500 13437.500 -24.000 0
M 634601A4 634601A4 19150.500 13437.500 -24.000 19152.000 13437.500 -24.000 0
O 634601A5 634601A6 19146.309 13430.000 -24.000 19150.500 13430.000 -24.000 0
O 634601A5 634601A7 19146.309 13430.000 -24.000 19150.500 13422.500 -24.000 0
O 634601A5 634601B1 19146.309 13430.000 -24.000 19158.000 13430.000 -24.000 0
M 634601A5 634601A5 19146.309 13430.000 -24.000 19147.809 13430.000 -24.000 0
O 634601A6 634601A7 19150.500 13430.000 -24.000 19150.500 13422.500 -24.000 0
O 634601A6 634601B0 19150.500 13430.000 -24.000 19158.000 13437.500 -24.000 0
O 634601A6 634601B1 19150.500 13430.000 -24.000 19158.000 13430.000 -24.000 0
O 634601A6 634601B2 19150.500 13430.000 -24.000 19158.000 13422.500 -24.000 0
O 634601A6 634601B5 19150.500 13430.000 -24.000 19165.500 13430.000 -24.000 0
M 634601A6 634601A6 19150.500 13430.000 -24.000 19152.000 13430.000 -24.000 0
O 634601A7 634601B1 19150.500 13422.500 -24.000 19158.000 13430.000 -24.000 0
O 634601A7 634601B2 19150.500 13422.500 -24.000 19158.000 13422.500 -24.000 0
O 634601A7 634601B6 19150.500 13422.500 -24.000 19165.500 13422.500 -24.000 0
M 634601A7 634601A7 19150.500 13422.500 -24.000 19152.000 13422.500 -24.000 0
O 634601A8 634601A9 19146.941 13378.942 -24.000 19143.990 13380.000 -24.000 0
O 634601A8 634601AA 19146.941 13378.942 -24.000 19148.000 13375.990 -24.000 0
O 634601A8 634601AE 19146.941 13378.942 -24.000 19148.000 13374.668 -24.000 0
M 634601A8 634601A8 19146.941 13378.942 -24.000 19148.441 13378.942 -24.000 0
O 634601A9 634601AA 19143.990 13380.000 -24.000 19148.000 13375.990 -24.000 0
M 634601A9 634601A9 19143.990 13380.000 -24.000 19145.490 13380.000 -24.000 0
O 634601AA 634601AB 19148.000 13375.990 -24.000 19145.832 13370.000 -24.000 0
M 634601AA 634601AA 19148.000 13375.990 -24.000 19149.500 13375.990 -24.000 0
O 634601AB 634601AC 19145.832 13370.000 -24.000 19148.000 13365.332 -24.000 0
O 634601AB 634601AD 19145.832 13370.000 -24.000 19152.668 13370.000 -24.000 0
O 634601AB 634601AE 19145.832 13370.000 -24.000 19148.000 13374.668 -24.000 0
O 634601AB 634601AF 19145.832 13370.000 -24.000 19143.332 13370.000 -24.000 0
O 634601AB 634601B3 19145.832 13370.000 -24.000 19154.191 13370.000 -24.000 0
M 634601AB 634601AB 19145.832 13370.000 -24.000 19147.332 13370.000 -24.000 0
O 634601AC 634601AD 19148.000 13365.332 -24.000 19152.668 13370.000 -24.000 0
O 634601AC 634601AE 19148.000 13365.332 -24.000 19148.000 13374.668 -24.000 0
O 634601AC 634601AF 19148.000 13365.332 -24.000 19143.332 13370.000 -24.000 0
M 634601AC 634601AC 19148.000 13365.332 -24.000 19149.500 13365.332 -24.000 0
O 634601AD 634601AE 19152.668 13370.000 -24.000 19148.000 13374.668 -24.000 0
O 634601AD 634601AF 19152.668 13370.000 -24.000 19143.332 13370.000 -24.000 0
M 634601AD 634601AD 19152.668 13370.000 -24.000 19154.168 13370.000 -24.000 0
O 634601AE 634601AF 19148.000 13374.668 -24.000 19143.332 13370.000 -24.000 0
M 634601AE 634601AE 19148.000 13374.668 -24.000 19149.500 13374.668 -24.000 0
M 634601AF 634601AF 19143.332 13370.000 -24.000 19144.832 13370.000 -24.000 0
O 634601B0 634601B1 19158.000 13437.500 -24.000 19158.000 13430.000 -24.000 0
O 634601B0 634601B2 19158.000 13437.500 -24.000 19158.000 13422.500 -24.000 0
O 634601B0 634601B4 19158.000 13437.500 -24.000 19165.500 13437.500 -24.000 0
O 634601B0 634601B5 19158.000 13437.500 -24.000 19165.500 13430.000 -24.000 0
M 634601B0 634601B0 19158.000 13437.500 -24.000 19159.500 13437.500 -24.000 0
O 634601B1 634601B2 19158.000 13430.000 -24.000 19158.000 13422.500 -24.000 0
O 634601B1 634601B4 19158.000 13430.000 -24.000 19165.500 13437.500 -24.000 0
O 634601B1 634601B5 19158.000 13430.000 -24.000 19165.500 13430.000 -24.000 0
O 634601B1 634601B6 19158.000 13430.000 -24.000 19165.500 13422.500 -24.000 0
M 634601B1 634601B1 19158.000 13430.000 -24.000 19159.500 13430.000 -24.000 0
O 634601B2 634601B5 19158.000 13422.500 -24.000 19165.500 13430.000 -24.000 0
O 634601B2 634601B6 19158.000 13422.500 -24.000 19165.500 13422.500 -24.000 0
M 634601B2 634601B2 19158.000 13422.500 -24.000 19159.500 13422.500 -24.000 0
M 634601B3 634601B3 19154.191 13370.000 -24.000 19155.691 13370.000 -24.000 0
O 634601B4 634601B5 19165.500 13437.500 -24.000 19165.500 13430.000 -24.000 0
O 634601B4 634601B6 19165.500 13437.500 -24.000 19165.500 13422.500 -24.000 0
M 634601B4 634601B4 19165.500 13437.500 -24.000 19167.000 13437.500 -24.000 0
O 634601B5 634601B6 19165.500 13430.000 -24.000 19165.500 13422.500 -24.000 0
M 634601B5 634601B5 19165.500 13430.000 -24.000 19167.000 13430.000 -24.000 0
M 634601B6 634601B6 19165.500 13422.500 -24.000 19167.000 13422.500 -24.000 0
M 634601B7 634601B7 19018.000 13290.000 -14.000 19019.500 13290.000 -14.000 0
M 634601B8 634601B8 19038.000 13260.000 -14.000 19039.500 13260.000 -14.000 0
O 634601B9 634601C2 19048.000 13340.000 -14.000 19058.000 13340.000 -14.000 0
M 634601B9 634601B9 19048.000 13340.000 -14.000 19049.500 13340.000 -14.000 0
O 634601BB 634601C3 19051.334 13320.000 -18.000 19058.000 13320.000 -18.000 0
O 634601BB 634601C7 19051.334 13320.000 -18.000 19058.000 13314.668 -18.000 0
M 634601BB 634601BB 19051.334 13320.000 -18.000 19052.834 13320.000 -18.000 0
W 634601BC 634601BD 19051.809 13310.000 -18.000 19051.809 13300.000 -18.000 1
H 634601BC 634601BD 19051.809 13307.976 -18.000 19051.809 13302.024 -18.000 1
O 634601BC 634601C4 19051.809 13310.000 -18.000 19055.832 13310.000 -18.000 0
M 634601BC 634601BC 19051.809 13310.000 -18.000 19053.309 13310.000 -18.000 0
O 634601BD 634601C9 19051.809 13300.000 -18.000 19055.832 13300.000 -18.000 0
M 634601BD 634601BD 19051.809 13300.000 -18.000 19053.309 13300.000 -18.000 0
W 634601BE 634601BF 19051.809 13260.000 -18.000 19051.809 13250.000 -18.000 1
H 634601BE 634601BF 19051.809 13257.976 -18.000 19051.809 13252.024 -18.000 1
O 634601BE 634601D5 19051.809 13260.000 -18.000 19058.000 13256.683 -18.000 0
M 634601BE 634601BE 19051.809 13260.000 -18.000 19053.309 13260.000 -18.000 0
W 634601BF 634601C0 19051.809 13250.000 -18.000 19051.809 13240.000 -18.000 1
H 634601BF 634601C0 19051.809 13247.976 -18.000 19051.809 13242.024 -18.000 1
O 634601BF 634601DA 19051.809 13250.000 -18.000 19055.832 13250.000 -18.000 0
M 634601BF 634601BF 19051.809 13250.000 -18.000 19053.309 13250.000 -18.000 0
O 634601C0 634601DF 19051.809 13240.000 -18.000 19060.168 13240.000 -18.000 0
M 634601C0 634601C0 19051.809 13240.000 -18.000 19053.309 13240.000 -18.000 0
M 634601C1 634601C1 19044.250 13230.002 -23.250 19045.750 13230.002 -23.250 0
O 634601C2 634601E8 19058.000 13340.000 -14.000 19068.000 13340.000 -14.000 0
M 634601C2 634601C2 19058.000 13340.000 -14.000 19059.500 13340.000 -14.000 0
O 634601C3 634601C4 19058.000 13320.000 -18.000 19055.832 13310.000 -18.000 0
O 634601C3 634601C7 19058.000 13320.000 -18.000 19058.000 13314.668 -18.000 0
O 634601C3 634601EA 19058.000 13320.000 -18.000 19068.000 13323.333 -18.000 0
M 634601C3 634601C3 19058.000 13320.000 -18.000 19059.500 13320.000 -18.000 0
O 634601C4 634601C5 19055.832 13310.000 -18.000 19058.000 13305.332 -18.000 0
O 634601C4 634601C6 19055.832 13310.000 -18.000 19062.668 13310.000 -18.000 0
O 634601C4 634601C7 19055.832 13310.000 -18.000 19058.000 13314.668 -18.000 0
O 634601C4 634601C8 19055.832 13310.000 -18.000 19053.332 13310.000 -18.000 0
O 634601C4 634601CC 19055.832 13310.000 -18.000 19058.000 13304.668 -18.000 0
O 634601C4 634601EB 19055.832 13310.000 -18.000 19064.191 13310.000 -18.000 0
M 634601C4 634601C4 19055.832 13310.000 -18.000 19057.332 13310.000 -18.000 0
O 634601C5 634601C6 19058.000 13305.332 -18.000 19062.668 13310.000 -18.000 0
O 634601C5 634601C7 19058.000 13305.332 -18.000 19058.000 13314.668 -18.000 0
O 634601C5 634601C8 19058.000 13305.332 -18.000 19053.332 13310.000 -18.000 0
O 634601C5 634601C9 19058.000 13305.332 -18.000 19055.832 13300.000 -18.000 0
M 634601C5 634601C5 19058.000 13305.332 -18.000 19059.500 13305.332 -18.000 0
O 634601C6 634601C7 19062.668 13310.000 -18.000 19058.000 13314.668 -18.000 0
O 634601C6 634601C8 19062.668 13310.000 -18.000 19053.332 13310.000 -18.000 0
M 634601C6 634601C6 19062.668 13310.000 -18.000 19064.168 13310.000 -18.000 0
O 634601C7 634601C8 19058.000 13314.668 -18.000 19053.332 13310.000 -18.000 0
O 634601C7 634601EA 19058.000 13314.668 -18.000 19068.000 13323.333 -18.000 0
M 634601C7 634601C7 19058.000 13314.668 -18.000 19059.500 13314.668 -18.000 0
M 634601C8 634601C8 19053.332 13310.000 -18.000 19054.832 13310.000 -18.000 0
O 634601C9 634601CA 19055.832 13300.000 -18.000 19058.000 13295.332 -18.000 0
O 634601C9 634601CB 19055.832 13300.000 -18.000 19062.668 13300.000 -18.000 0
O 634601C9 634601CC 19055.832 13300.000 -18.000 19058.000 13304.668 -18.000 0
O 634601C9 634601CD 19055.832 13300.000 -18.000 19053.332 13300.000 -18.000 0
O 634601C9 634601D0 19055.832 13300.000 -18.000 19058.000 13294.010 -18.000 0
O 634601C9 634601EC 19055.832 13300.000 -18.000 19064.191 13300.000 -18.000 0
M 634601C9 634601C9 19055.832 13300.000 -18.000 19057.332 13300.000 -18.000 0
O 634601CA 634601CB 19058.000 13295.332 -18.000 19062.668 13300.000 -18.000 0
O 634601CA 634601CC 19058.000 13295.332 -18.000 19058.000 13304.668 -18.000 0
O 634601CA 634601CD 19058.000 13295.332 -18.000 19053.332 13300.000 -18.000 0
O 634601CA 634601CE 19058.000 13295.332 -18.000 19059.059 13291.058 -18.000 0
M 634601CA 634601CA 19058.000 13295.332 -18.000 19059.500 13295.332 -18.000 0
O 634601CB 634601CC 19062.668 13300.000 -18.000 19058.000 13304.668 -18.000 0
O 634601CB 634601CD 19062.668 13300.000 -18.000 19053.332 13300.000 -18.000 0
W 634601CB 634601ED 19062.668 13300.000 -18.000 19066.941 13288.942 -18.000 1
H 634601CB 634601ED 19063.463 13297.945 -18.000 19065.852 13291.764 -18.000 1
W 634601CB 634601EF 19062.668 13300.000 -18.000 19068.000 13285.990 -18.000 1
H 634601CB 634601EF 19063.449 13297.946 -18.000 19065.795 13291.785 -18.000 1
M 634601CB 634601CB 19062.668 13300.000 -18.000 19064.168 13300.000 -18.000 0
O 634601CC 634601CD 19058.000 13304.668 -18.000 19053.332 13300.000 -18.000 0
M 634601CC 634601CC 19058.000 13304.668 -18.000 19059.500 13304.668 -18.000 0
M 634601CD 634601CD 19053.332 13300.000 -18.000 19054.832 13300.000 -18.000 0
O 634601CE 634601CF 19059.059 13291.058 -18.000 19062.010 13290.000 -18.000 0
O 634601CE 634601D0 19059.059 13291.058 -18.000 19058.000 13294.010 -18.000 0
W 634601CE 634601D1 19059.059 13291.058 -18.000 19061.809 13280.000 -18.000 1
H 634601CE 634601D1 19059.705 13288.458 -18.000 19061.303 13282.038 -18.000 1
O 634601CE 634601EE 19059.059 13291.058 -18.000 19063.990 13290.000 -18.000 0
W 634601CE 634601F4 19059.059 13291.058 -18.000 19063.332 13280.000 -18.000 1
H 634601CE 634601F4 19060.148 13288.236 -18.000 19062.537 13282.055 -18.000 1
M 634601CE 634601CE 19059.059 13291.058 -18.000 19060.559 13291.058 -18.000 0
O 634601CF 634601D0 19062.010 13290.000 -18.000 19058.000 13294.010 -18.000 0
W 634601CF 634601D1 19062.010 13290.000 -18.000 19061.809 13280.000 -18.000 1
H 634601CF 634601D1 19061.969 13287.976 -18.000 19061.850 13282.024 -18.000 1
O 634601CF 634601ED 19062.010 13290.000 -18.000 19066.941 13288.942 -18.000 0
M 634601CF 634601CF 19062.010 13290.000 -18.000 19063.510 13290.000 -18.000 0
W 634601D0 634601D1 19058.000 13294.010 -18.000 19061.809 13280.000 -18.000 1
H 634601D0 634601D1 19059.486 13288.541 -18.000 19061.254 13282.040 -18.000 1
W 634601D0 634601F4 19058.000 13294.010 -18.000 19063.332 13280.000 -18.000 1
H 634601D0 634601F4 19060.205 13288.215 -18.000 19062.551 13282.054 -18.000 1
M 634601D0 634601D0 19058.000 13294.010 -18.000 19059.500 13294.010 -18.000 0
W 634601D1 634601D2 19061.809 13280.000 -18.000 19059.059 13268.942 -18.000 1
H 634601D1 634601D2 19061.303 13277.962 -18.000 19059.705 13271.542 -18.000 1
W 634601D1 634601D3 19061.809 13280.000 -18.000 19058.000 13265.990 -18.000 1
H 634601D1 634601D3 19061.254 13277.960 -18.000 19059.486 13271.459 -18.000 1
W 634601D1 634601D4 19061.809 13280.000 -18.000 19062.010 13270.000 -18.000 1
H 634601D1 634601D4 19061.850 13277.976 -18.000 19061.969 13272.024 -18.000 1
O 634601D1 634601F0 19061.809 13280.000 -18.000 19065.832 13280.000 -18.000 0
M 634601D1 634601D1 19061.809 13280.000 -18.000 19063.309 13280.000 -18.000 0
O 634601D2 634601D3 19059.059 13268.942 -18.000 19058.000 13265.990 -18.000 0
O 634601D2 634601D4 19059.059 13268.942 -18.000 19062.010 13270.000 -18.000 0
O 634601D2 634601D8 19059.059 13268.942 -18.000 19058.000 13264.668 -18.000 0
W 634601D2 634601F4 19059.059 13268.942 -18.000 19063.332 13280.000 -18.000 1
H 634601D2 634601F4 19060.148 13271.764 -18.000 19062.537 13277.945 -18.000 1
O 634601D2 634601F7 19059.059 13268.942 -18.000 19063.990 13270.000 -18.000 0
M 634601D2 634601D2 19059.059 13268.942 -18.000 19060.559 13268.942 -18.000 0
O 634601D3 634601D4 19058.000 13265.990 -18.000 19062.010 13270.000 -18.000 0
O 634601D3 634601D5 19058.000 13265.990 -18.000 19058.000 13256.683 -18.000 0
W 634601D3 634601F4 19058.000 13265.990 -18.000 19063.332 13280.000 -18.000 1
H 634601D3 634601F4 19060.205 13271.785 -18.000 19062.551 13277.946 -18.000 1
M 634601D3 634601D3 19058.000 13265.990 -18.000 19059.500 13265.990 -18.000 0
O 634601D4 634601F5 19062.010 13270.000 -18.000 19066.941 13271.058 -18.000 0
M 634601D4 634601D4 19062.010 13270.000 -18.000 19063.510 13270.000 -18.000 0
O 634601D5 634601D7 19058.000 13256.683 -18.000 19062.668 13260.000 -18.000 0
O 634601D5 634601D8 19058.000 13256.683 -18.000 19058.000 13264.668 -18.000 0
O 634601D5 634601D9 19058.000 13256.683 -18.000 19053.332 13260.000 -18.000 0
O 634601D5 634601DD 19058.000 13256.683 -18.000 19058.000 13254.668 -18.000 0
O 634601D5 634601F8 19058.000 13256.683 -18.000 19064.191 13260.000 -18.000 0
M 634601D5 634601D5 19058.000 13256.683 -18.000 19059.500 13256.683 -18.000 0
O 634601D6 634601D7 19058.000 13255.332 -18.000 19062.668 13260.000 -18.000 0
O 634601D6 634601D8 19058.000 13255.332 -18.000 19058.000 13264.668 -18.000 0
O 634601D6 634601D9 19058.000 13255.332 -18.000 19053.332 13260.000 -18.000 0
O 634601D6 634601DA 19058.000 13255.332 -18.000 19055.832 13250.000 -18.000 0
M 634601D6 634601D6 19058.000 13255.332 -18.000 19059.500 13255.332 -18.000 0
O 634601D7 634601D8 19062.668 13260.000 -18.000 19058.000 13264.668 -18.000 0
O 634601D7 634601D9 19062.668 13260.000 -18.000 19053.332 13260.000 -18.000 0
W 634601D7 634601F5 19062.668 13260.000 -18.000 19066.941 13271.058 -18.000 1
H 634601D7 634601F5 19063.463 13262.055 -18.000 19065.852 13268.236 -18.000 1
W 634601D7 634601F6 19062.668 13260.000 -18.000 19068.000 13274.010 -18.000 1
H 634601D7 634601F6 19063.449 13262.054 -18.000 19065.795 13268.215 -18.000 1
M 634601D7 634601D7 19062.668 13260.000 -18.000 19064.168 13260.000 -18.000 0
O 634601D8 634601D9 19058.000 13264.668 -18.000 19053.332 13260.000 -18.000 0
M 634601D8 634601D8 19058.000 13264.668 -18.000 19059.500 13264.668 -18.000 0
M 634601D9 634601D9 19053.332 13260.000 -18.000 19054.832 13260.000 -18.000 0
O 634601DA 634601DB 19055.832 13250.000 -18.000 19058.000 13245.332 -18.000 0
O 634601DA 634601DC 19055.832 13250.000 -18.000 19062.668 13250.000 -18.000 0
O 634601DA 634601DD 19055.832 13250.000 -18.000 19058.000 13254.668 -18.000 0
O 634601DA 634601DE 19055.832 13250.000 -18.000 19053.332 13250.000 -18.000 0
O 634601DA 634601E2 19055.832 13250.000 -18.000 19058.000 13244.668 -18.000 0
O 634601DA 634601F9 19055.832 13250.000 -18.000 19064.191 13250.000 -18.000 0
M 634601DA 634601DA 19055.832 13250.000 -18.000 19057.332 13250.000 -18.000 0
O 634601DB 634601DC 19058.000 13245.332 -18.000 19062.668 13250.000 -18.000 0
O 634601DB 634601DD 19058.000 13245.332 -18.000 19058.000 13254.668 -18.000 0
O 634601DB 634601DE 19058.000 13245.332 -18.000 19053.332 13250.000 -18.000 0
O 634601DB 634601DF 19058.000 13245.332 -18.000 19060.168 13240.000 -18.000 0
M 634601DB 634601DB 19058.000 13245.332 -18.000 19059.500 13245.332 -18.000 0
O 634601DC 634601DD 19062.668 13250.000 -18.000 19058.000 13254.668 -18.000 0
O 634601DC 634601DE 19062.668 13250.000 -18.000 19053.332 13250.000 -18.000 0
M 634601DC 634601DC 19062.668 13250.000 -18.000 19064.168 13250.000 -18.000 0
O 634601DD 634601DE 19058.000 13254.668 -18.000 19053.332 13250.000 -18.000 0
M 634601DD 634601DD 19058.000 13254.668 -18.000 19059.500 13254.668 -18.000 0
M 634601DE 634601DE 19053.332 13250.000 -18.000 19054.832 13250.000 -18.000 0
O 634601DF 634601E0 19060.168 13240.000 -18.000 19058.000 13235.332 -18.000 0
O 634601DF 634601E1 19060.168 13240.000 -18.000 19062.668 13240.000 -18.000 0
O 634601DF 634601E2 19060.168 13240.000 -18.000 19058.000 13244.668 -18.000 0
O 634601DF 634601E3 19060.168 13240.000 -18.000 19053.332 13240.000 -18.000 0
O 634601DF 634601E7 19060.168 13240.000 -18.000 19058.000 13234.668 -18.000 0
O 634601DF 634601FA 19060.168 13240.000 -18.000 19064.191 13240.000 -18.000 0
M 634601DF 634601DF 19060.168 13240.000 -18.000 19061.668 13240.000 -18.000 0
O 634601E0 634601E1 19058.000 13235.332 -18.000 19062.668 13240.000 -18.000 0
O 634601E0 634601E2 19058.000 13235.332 -18.000 19058.000 13244.668 -18.000 0
O 634601E0 634601E3 19058.000 13235.332 -18.000 19053.332 13240.000 -18.000 0
O 634601E0 634601E4 19058.000 13235.332 -18.000 19058.000 13231.445 -18.000 0
M 634601E0 634601E0 19058.000 13235.332 -18.000 19059.500 13235.332 -18.000 0
O 634601E1 634601E2 19062.668 13240.000 -18.000 19058.000 13244.668 -18.000 0
O 634601E1 634601E3 19062.668 13240.000 -18.000 19053.332 13240.000 -18.000 0
M 634601E1 634601E1 19062.668 13240.000 -18.000 19064.168 13240.000 -18.000 0
O 634601E2 634601E3 19058.000 13244.668 -18.000 19053.332 13240.000 -18.000 0
M 634601E2 634601E2 19058.000 13244.668 -18.000 19059.500 13244.668 -18.000 0
M 634601E3 634601E3 19053.332 13240.000 -18.000 19054.832 13240.000 -18.000 0
O 634601E4 634601E5 19058.000 13231.445 -18.000 19053.332 13230.000 -18.000 0
O 634601E4 634601E6 19058.000 13231.445 -18.000 19062.668 13230.000 -18.000 0
O 634601E4 634601E7 19058.000 13231.445 -18.000 19058.000 13234.668 -18.000 0
M 634601E4 634601E4 19058.000 13231.445 -18.000 19059.500 13231.445 -18.000 0
O 634601E5 634601E6 19053.332 13230.000 -18.000 19062.668 13230.000 -18.000 0
O 634601E5 634601E7 19053.332 13230.000 -18.000 19058.000 13234.668 -18.000 0
M 634601E5 634601E5 19053.332 13230.000 -18.000 19054.832 13230.000 -18.000 0
O 634601E6 634601E7 19062.668 13230.000 -18.000 19058.000 13234.668 -18.000 0
M 634601E6 634601E6 19062.668 13230.000 -18.000 19064.168 13230.000 -18.000 0
M 634601E7 634601E7 19058.000 13234.668 -18.000 19059.500 13234.668 -18.000 0
M 634601E8 634601E8 19068.000 13340.000 -14.000 19069.500 13340.000 -14.000 0
M 634601EA 634601EA 19068.000 13323.333 -18.000 19069.500 13323.333 -18.000 0
W 634601EB 634601EC 19064.191 13310.000 -18.000 19064.191 13300.000 -18.000 1
H 634601EB 634601EC 19064.191 13307.976 -18.000 19064.191 13302.024 -18.000 1
M 634601EB 634601EB 19064.191 13310.000 -18.000 19065.691 13310.000 -18.000 0
W 634601EC 634601ED 19064.191 13300.000 -18.000 19066.941 13288.942 -18.000 1
H 634601EC 634601ED 19064.697 13297.962 -18.000 19066.295 13291.542 -18.000 1
W 634601EC 634601EE 19064.191 13300.000 -18.000 19063.990 13290.000 -18.000 1
H 634601EC 634601EE 19064.150 13297.976 -18.000 19064.031 13292.024 -18.000 1
W 634601EC 634601EF 19064.191 13300.000 -18.000 19068.000 13285.990 -18.000 1
H 634601EC 634601EF 19064.746 13297.960 -18.000 19066.514 13291.459 -18.000 1
M 634601EC 634601EC 19064.191 13300.000 -18.000 19065.691 13300.000 -18.000 0
O 634601ED 634601EE 19066.941 13288.942 -18.000 19063.990 13290.000 -18.000 0
O 634601ED 634601EF 19066.941 13288.942 -18.000 19068.000 13285.990 -18.000 0
O 634601ED 634601F3 19066.941 13288.942 -18.000 19068.000 13284.668 -18.000 0
W 634601ED 634601FC 19066.941 13288.942 -18.000 19078.000 13286.189 -18.000 1
H 634601ED 634601FC 19069.541 13288.295 -18.000 19075.963 13286.697 -18.000 1
W 634601ED 63460200 19066.941 13288.942 -18.000 19078.000 13284.668 -18.000 1
H 634601ED 63460200 19069.764 13287.852 -18.000 19075.945 13285.462 -18.000 1
M 634601ED 634601ED 19066.941 13288.942 -18.000 19068.441 13288.942 -18.000 0
O 634601EE 634601EF 19063.990 13290.000 -18.000 19068.000 13285.990 -18.000 0
W 634601EE 634601FC 19063.990 13290.000 -18.000 19078.000 13286.189 -18.000 1
H 634601EE 634601FC 19069.459 13288.513 -18.000 19075.959 13286.744 -18.000 1
W 634601EE 63460200 19063.990 13290.000 -18.000 19078.000 13284.668 -18.000 1
H 634601EE 63460200 19069.785 13287.795 -18.000 19075.945 13285.450 -18.000 1
M 634601EE 634601EE 19063.990 13290.000 -18.000 19065.490 13290.000 -18.000 0
O 634601EF 634601F0 19068.000 13285.990 -18.000 19065.832 13280.000 -18.000 0
W 634601EF 634601FC 19068.000 13285.990 -18.000 19078.000 13286.189 -18.000 1
H 634601EF 634601FC 19070.025 13286.030 -18.000 19075.975 13286.149 -18.000 1
M 634601EF 634601EF 19068.000 13285.990 -18.000 19069.500 13285.990 -18.000 0
O 634601F0 634601F1 19065.832 13280.000 -18.000 19068.000 13275.332 -18.000 0
O 634601F0 634601F2 19065.832 13280.000 -18.000 19072.668 13280.000 -18.000 0
O 634601F0 634601F3 19065.832 13280.000 -18.000 19068.000 13284.668 -18.000 0
O 634601F0 634601F4 19065.832 13280.000 -18.000 19063.332 13280.000 -18.000 0
O 634601F0 634601F6 19065.832 13280.000 -18.000 19068.000 13274.010 -18.000 0
O 634601F0 63460201 19065.832 13280.000 -18.000 19073.332 13280.000 -18.000 0
M 634601F0 634601F0 19065.832 13280.000 -18.000 19067.332 13280.000 -18.000 0
O 634601F1 634601F2 19068.000 13275.332 -18.000 19072.668 13280.000 -18.000 0
O 634601F1 634601F3 19068.000 13275.332 -18.000 19068.000 13284.668 -18.000 0
O 634601F1 634601F4 19068.000 13275.332 -18.000 19063.332 13280.000 -18.000 0
O 634601F1 634601F5 19068.000 13275.332 -18.000 19066.941 13271.058 -18.000 0
M 634601F1 634601F1 19068.000 13275.332 -18.000 19069.500 13275.332 -18.000 0
O 634601F2 634601F3 19072.668 13280.000 -18.000 19068.000 13284.668 -18.000 0
O 634601F2 634601F4 19072.668 13280.000 -18.000 19063.332 13280.000 -18.000 0
O 634601F2 634601FD 19072.668 13280.000 -18.000 19080.168 13280.000 -18.000 0
M 634601F2 634601F2 19072.668 13280.000 -18.000 19074.168 13280.000 -18.000 0
O 634601F3 634601F4 19068.000 13284.668 -18.000 19063.332 13280.000 -18.000 0
M 634601F3 634601F3 19068.000 13284.668 -18.000 19069.500 13284.668 -18.000 0
M 634601F4 634601F4 19063.332 13280.000 -18.000 19064.832 13280.000 -18.000 0
O 634601F5 634601F6 19066.941 13271.058 -18.000 19068.000 13274.010 -18.000 0
O 634601F5 634601F7 19066.941 13271.058 -18.000 19063.990 13270.000 -18.000 0
W 634601F5 634601F8 19066.941 13271.058 -18.000 19064.191 13260.000 -18.000 1
H 634601F5 634601F8 19066.295 13268.458 -18.000 19064.697 13262.038 -18.000 1
W 634601F5 634601FE 19066.941 13271.058 -18.000 19078.000 13275.332 -18.000 1
H 634601F5 634601FE 19069.764 13272.148 -18.000 19075.945 13274.538 -18.000 1
W 634601F5 63460202 19066.941 13271.058 -18.000 19078.000 13273.811 -18.000 1
H 634601F5 63460202 19069.541 13271.705 -18.000 19075.963 13273.303 -18.000 1
M 634601F5 634601F5 19066.941 13271.058 -18.000 19068.441 13271.058 -18.000 0
O 634601F6 634601F7 19068.000 13274.010 -18.000 19063.990 13270.000 -18.000 0
W 634601F6 634601F8 19068.000 13274.010 -18.000 19064.191 13260.000 -18.000 1
H 634601F6 634601F8 19066.514 13268.541 -18.000 19064.746 13262.040 -18.000 1
W 634601F6 63460202 19068.000 13274.010 -18.000 19078.000 13273.811 -18.000 1
H 634601F6 63460202 19070.025 13273.970 -18.000 19075.975 13273.851 -18.000 1
M 634601F6 634601F6 19068.000 13274.010 -18.000 19069.500 13274.010 -18.000 0
W 634601F7 634601F8 19063.990 13270.000 -18.000 19064.191 13260.000 -18.000 1
H 634601F7 634601F8 19064.031 13267.976 -18.000 19064.150 13262.024 -18.000 1
W 634601F7 634601FE 19063.990 13270.000 -18.000 19078.000 13275.332 -18.000 1
H 634601F7 634601FE 19069.785 13272.205 -18.000 19075.945 13274.550 -18.000 1
W 634601F7 63460202 19063.990 13270.000 -18.000 19078.000 13273.811 -18.000 1
H 634601F7 63460202 19069.459 13271.487 -18.000 19075.959 13273.256 -18.000 1
M 634601F7 634601F7 19063.990 13270.000 -18.000 19065.490 13270.000 -18.000 0
W 634601F8 634601F9 19064.191 13260.000 -18.000 19064.191 13250.000 -18.000 1
H 634601F8 634601F9 19064.191 13257.976 -18.000 19064.191 13252.024 -18.000 1
M 634601F8 634601F8 19064.191 13260.000 -18.000 19065.691 13260.000 -18.000 0
W 634601F9 634601FA 19064.191 13250.000 -18.000 19064.191 13240.000 -18.000 1
H 634601F9 634601FA 19064.191 13247.976 -18.000 19064.191 13242.024 -18.000 1
M 634601F9 634601F9 19064.191 13250.000 -18.000 19065.691 13250.000 -18.000 0
M 634601FA 634601FA 19064.191 13240.000 -18.000 19065.691 13240.000 -18.000 0
M 634601FB 634601FB 19071.750 13229.998 -23.250 19073.250 13229.998 -23.250 0
O 634601FC 634601FD 19078.000 13286.189 -18.000 19080.168 13280.000 -18.000 0
M 634601FC 634601FC 19078.000 13286.189 -18.000 19079.500 13286.189 -18.000 0
O 634601FD 634601FE 19080.168 13280.000 -18.000 19078.000 13275.332 -18.000 0
O 634601FD 634601FF 19080.168 13280.000 -18.000 19082.668 13280.000 -18.000 0
O 634601FD 63460200 19080.168 13280.000 -18.000 19078.000 13284.668 -18.000 0
O 634601FD 63460201 19080.168 13280.000 -18.000 19073.332 13280.000 -18.000 0
O 634601FD 63460202 19080.168 13280.000 -18.000 19078.000 13273.811 -18.000 0
M 634601FD 634601FD 19080.168 13280.000 -18.000 19081.668 13280.000 -18.000 0
O 634601FE 634601FF 19078.000 13275.332 -18.000 19082.668 13280.000 -18.000 0
O 634601FE 63460200 19078.000 13275.332 -18.000 19078.000 13284.668 -18.000 0
O 634601FE 63460201 19078.000 13275.332 -18.000 19073.332 13280.000 -18.000 0
M 634601FE 634601FE 19078.000 13275.332 -18.000 19079.500 13275.332 -18.000 0
O 634601FF 63460200 19082.668 13280.000 -18.000 19078.000 13284.668 -18.000 0
O 634601FF 63460201 19082.668 13280.000 -18.000 19073.332 13280.000 -18.000 0
M 634601FF 634601FF 19082.668 13280.000 -18.000 19084.168 13280.000 -18.000 0
O 63460200 63460201 19078.000 13284.668 -18.000 19073.332 13280.000 -18.000 0
M 63460200 63460200 19078.000 13284.668 -18.000 19079.500 13284.668 -18.000 0
M 63460201 63460201 19073.332 13280.000 -18.000 19074.832 13280.000 -18.000 0
M 63460202 63460202 19078.000 13273.811 -18.000 19079.500 13273.811 -18.000 0
M 63460203 63460203 19078.000 13260.000 -14.000 19079.500 13260.000 -14.000 0
M 63460204 63460204 19098.000 13290.000 -14.000 19099.500 13290.000 -14.000 0
W 63460205 63460206 19121.809 13230.000 -18.000 19121.809 13220.000 -18.000 1
H 63460205 63460206 19121.809 13227.976 -18.000 19121.809 13222.024 -18.000 1
O 63460205 6346020A 19121.809 13230.000 -18.000 19130.168 13230.000 -18.000 0
M 63460205 63460205 19121.809 13230.000 -18.000 19123.309 13230.000 -18.000 0
W 63460206 63460207 19121.809 13220.000 -18.000 19121.809 13210.000 -18.000 1
H 63460206 63460207 19121.809 13217.976 -18.000 19121.809 13212.024 -18.000 1
O 63460206 6346020F 19121.809 13220.000 -18.000 19130.168 13220.000 -18.000 0
M 63460206 63460206 19121.809 13220.000 -18.000 19123.309 13220.000 -18.000 0
O 63460207 63460214 19121.809 13210.000 -18.000 19130.168 13210.000 -18.000 0
M 63460207 63460207 19121.809 13210.000 -18.000 19123.309 13210.000 -18.000 0
O 63460208 63460209 19128.000 13350.000 -18.000 19128.000 13340.000 -18.000 0
O 63460208 6346021D 19128.000 13350.000 -18.000 19138.000 13346.667 -18.000 0
M 63460208 63460208 19128.000 13350.000 -18.000 19129.500 13350.000 -18.000 0
M 63460209 63460209 19128.000 13340.000 -18.000 19129.500 13340.000 -18.000 0
O 6346020A 6346020B 19130.168 13230.000 -18.000 19128.000 13225.332 -18.000 0
O 6346020A 6346020C 19130.168 13230.000 -18.000 19132.668 13230.000 -18.000 0
O 6346020A 6346020D 19130.168 13230.000 -18.000 19128.000 13234.668 -18.000 0
O 6346020A 6346020E 19130.168 13230.000 -18.000 19123.332 13230.000 -18.000 0
O 6346020A 63460212 19130.168 13230.000 -18.000 19128.000 13224.668 -18.000 0
O 6346020A 63460220 19130.168 13230.000 -18.000 19134.191 13230.000 -18.000 0
M 6346020A 6346020A 19130.168 13230.000 -18.000 19131.668 13230.000 -18.000 0
O 6346020B 6346020C 19128.000 13225.332 -18.000 19132.668 13230.000 -18.000 0
O 6346020B 6346020D 19128.000 13225.332 -18.000 19128.000 13234.668 -18.000 0
O 6346020B 6346020E 19128.000 13225.332 -18.000 19123.332 13230.000 -18.000 0
O 6346020B 6346020F 19128.000 13225.332 -18.000 19130.168 13220.000 -18.000 0
M 6346020B 6346020B 19128.000 13225.332 -18.000 19129.500 13225.332 -18.000 0
O 6346020C 6346020D 19132.668 13230.000 -18.000 19128.000 13234.668 -18.000 0
O 6346020C 6346020E 19132.668 13230.000 -18.000 19123.332 13230.000 -18.000 0
M 6346020C 6346020C 19132.668 13230.000 -18.000 19134.168 13230.000 -18.000 0
O 6346020D 6346020E 19128.000 13234.668 -18.000 19123.332 13230.000 -18.000 0
M 6346020D 6346020D 19128.000 13234.668 -18.000 19129.500 13234.668 -18.000 0
M 6346020E 6346020E 19123.332 13230.000 -18.000 19124.832 13230.000 -18.000 0
O 6346020F 63460210 19130.168 13220.000 -18.000 19128.000 13215.332 -18.000 0
O 6346020F 63460211 19130.168 13220.000 -18.000 19132.668 13220.000 -18.000 0
O 6346020F 63460212 19130.168 13220.000 -18.000 19128.000 13224.668 -18.000 0
O 6346020F 63460213 19130.168 13220.000 -18.000 19123.332 13220.000 -18.000 0
O 6346020F 63460217 19130.168 13220.000 -18.000 19128.000 13214.668 -18.000 0
O 6346020F 63460221 19130.168 13220.000 -18.000 19134.191 13220.000 -18.000 0
M 6346020F 6346020F 19130.168 13220.000 -18.000 19131.668 13220.000 -18.000 0
O 63460210 63460211 19128.000 13215.332 -18.000 19132.668 13220.000 -18.000 0
O 63460210 63460212 19128.000 13215.332 -18.000 19128.000 13224.668 -18.000 0
O 63460210 63460213 19128.000 13215.332 -18.000 19123.332 13220.000 -18.000 0
O 63460210 63460214 19128.000 13215.332 -18.000 19130.168 13210.000 -18.000 0
M 63460210 63460210 19128.000 13215.332 -18.000 19129.500 13215.332 -18.000 0
O 63460211 63460212 19132.668 13220.000 -18.000 19128.000 13224.668 -18.000 0
O 63460211 63460213 19132.668 13220.000 -18.000 19123.332 13220.000 -18.000 0
M 63460211 63460211 19132.668 13220.000 -18.000 19134.168 13220.000 -18.000 0
O 63460212 63460213 19128.000 13224.668 -18.000 19123.332 13220.000 -18.000 0
M 63460212 63460212 19128.000 13224.668 -18.000 19129.500 13224.668 -18.000 0
M 63460213 63460213 19123.332 13220.000 -18.000 19124.832 13220.000 -18.000 0
O 63460214 63460215 19130.168 13210.000 -18.000 19128.000 13205.332 -18.000 0
O 63460214 63460216 19130.168 13210.000 -18.000 19132.668 13210.000 -18.000 0
O 63460214 63460217 19130.168 13210.000 -18.000 19128.000 13214.668 -18.000 0
O 63460214 63460218 19130.168 13210.000 -18.000 19123.332 13210.000 -18.000 0
O 63460214 63460219 19130.168 13210.000 -18.000 19128.000 13203.811 -18.000 0
O 63460214 63460222 19130.168 13210.000 -18.000 19134.191 13210.000 -18.000 0
M 63460214 63460214 19130.168 13210.000 -18.000 19131.668 13210.000 -18.000 0
O 63460215 63460216 19128.000 13205.332 -18.000 19132.668 13210.000 -18.000 0
O 63460215 63460217 19128.000 13205.332 -18.000 19128.000 13214.668 -18.000 0
O 63460215 63460218 19128.000 13205.332 -18.000 19123.332 13210.000 -18.000 0
M 63460215 63460215 19128.000 13205.332 -18.000 19129.500 13205.332 -18.000 0
O 63460216 63460217 19132.668 13210.000 -18.000 19128.000 13214.668 -18.000 0
O 63460216 63460218 19132.668 13210.000 -18.000 19123.332 13210.000 -18.000 0
M 63460216 63460216 19132.668 13210.000 -18.000 19134.168 13210.000 -18.000 0
O 63460217 63460218 19128.000 13214.668 -18.000 19123.332 13210.000 -18.000 0
M 63460217 63460217 19128.000 13214.668 -18.000 19129.500 13214.668 -18.000 0
M 63460218 63460218 19123.332 13210.000 -18.000 19124.832 13210.000 -18.000 0
M 63460219 63460219 19128.000 13203.811 -18.000 19129.500 13203.811 -18.000 0
O 6346021A 6346021B 19138.000 13400.000 -14.000 19138.000 13390.000 -14.000 0
M 6346021A 6346021A 19138.000 13400.000 -14.000 19139.500 13400.000 -14.000 0
O 6346021B 6346021C 19138.000 13390.000 -14.000 19138.000 13380.000 -14.000 0
M 6346021B 6346021B 19138.000 13390.000 -14.000 19139.500 13390.000 -14.000 0
M 6346021C 6346021C 19138.000 13380.000 -14.000 19139.500 13380.000 -14.000 0
O 6346021D 63460227 19138.000 13346.667 -18.000 19148.000 13350.000 -18.000 0
W 6346021D 63460228 19138.000 13346.667 -18.000 19148.000 13336.189 -18.000 1
H 6346021D 63460228 19139.281 13345.325 -18.000 19146.682 13337.571 -18.000 1
M 6346021D 6346021D 19138.000 13346.667 -18.000 19139.500 13346.667 -18.000 0
W 6346021E 6346021F 19141.809 13330.000 -18.000 19141.809 13320.000 -18.000 1
H 6346021E 6346021F 19141.809 13327.976 -18.000 19141.809 13322.024 -18.000 1
O 6346021E 63460229 19141.809 13330.000 -18.000 19145.832 13330.000 -18.000 0
M 6346021E 6346021E 19141.809 13330.000 -18.000 19143.309 13330.000 -18.000 0
O 6346021F 6346022E 19141.809 13320.000 -18.000 19150.168 13320.000 -18.000 0
M 6346021F 6346021F 19141.809 13320.000 -18.000 19143.309 13320.000 -18.000 0
W 63460220 63460221 19134.191 13230.000 -18.000 19134.191 13220.000 -18.000 1
H 63460220 63460221 19134.191 13227.976 -18.000 19134.191 13222.024 -18.000 1
M 63460220 63460220 19134.191 13230.000 -18.000 19135.691 13230.000 -18.000 0
W 63460221 63460222 19134.191 13220.000 -18.000 19134.191 13210.000 -18.000 1
H 63460221 63460222 19134.191 13217.976 -18.000 19134.191 13212.024 -18.000 1
M 63460221 63460221 19134.191 13220.000 -18.000 19135.691 13220.000 -18.000 0
M 63460222 63460222 19134.191 13210.000 -18.000 19135.691 13210.000 -18.000 0
O 63460223 63460224 19145.334 13439.333 -17.000 19145.500 13430.000 -16.500 0
M 63460224 63460224 19145.500 13430.000 -16.500 19147.000 13430.000 -16.500 0
O 63460225 63460235 19148.666 13417.333 -17.000 19158.000 13417.500 -16.500 0
M 63460225 63460225 19148.666 13417.333 -17.000 19150.166 13417.333 -17.000 0
M 63460226 63460226 19148.000 13363.750 -23.250 19149.500 13363.750 -23.250 0
W 63460227 63460228 19148.000 13350.000 -18.000 19148.000 13336.189 -18.000 1
H 63460227 63460228 19148.000 13345.450 -18.000 19148.000 13337.740 -18.000 1
M 63460227 63460227 19148.000 13350.000 -18.000 19149.500 13350.000 -18.000 0
O 63460228 63460229 19148.000 13336.189 -18.000 19145.832 13330.000 -18.000 0
M 63460228 63460228 19148.000 13336.189 -18.000 19149.500 13336.189 -18.000 0
O 63460229 6346022A 19145.832 13330.000 -18.000 19148.000 13325.332 -18.000 0
O 63460229 6346022B 19145.832 13330.000 -18.000 19152.668 13330.000 -18.000 0
O 63460229 6346022C 19145.832 13330.000 -18.000 19148.000 13334.668 -18.000 0
O 63460229 6346022D 19145.832 13330.000 -18.000 19143.332 13330.000 -18.000 0
O 63460229 63460231 19145.832 13330.000 -18.000 19148.000 13324.668 -18.000 0
O 63460229 63460236 19145.832 13330.000 -18.000 19154.191 13330.000 -18.000 0
M 63460229 63460229 19145.832 13330.000 -18.000 19147.332 13330.000 -18.000 0
O 6346022A 6346022B 19148.000 13325.332 -18.000 19152.668 13330.000 -18.000 0
O 6346022A 6346022C 19148.000 13325.332 -18.000 19148.000 13334.668 -18.000 0
O 6346022A 6346022D 19148.000 13325.332 -18.000 19143.332 13330.000 -18.000 0
O 6346022A 6346022E 19148.000 13325.332 -18.000 19150.168 13320.000 -18.000 0
M 6346022A 6346022A 19148.000 13325.332 -18.000 19149.500 13325.332 -18.000 0
O 6346022B 6346022C 19152.668 13330.000 -18.000 19148.000 13334.668 -18.000 0
O 6346022B 6346022D 19152.668 13330.000 -18.000 19143.332 13330.000 -18.000 0
M 6346022B 6346022B 19152.668 13330.000 -18.000 19154.168 13330.000 -18.000 0
O 6346022C 6346022D 19148.000 13334.668 -18.000 19143.332 13330.000 -18.000 0
M 6346022C 6346022C 19148.000 13334.668 -18.000 19149.500 13334.668 -18.000 0
M 6346022D 6346022D 19143.332 13330.000 -18.000 19144.832 13330.000 -18.000 0
O 6346022E 6346022F 19150.168 13320.000 -18.000 19148.000 13315.332 -18.000 0
O 6346022E 63460230 19150.168 13320.000 -18.000 19152.668 13320.000 -18.000 0
O 6346022E 63460231 19150.168 13320.000 -18.000 19148.000 13324.668 -18.000 0
O 6346022E 63460232 19150.168 13320.000 -18.000 19143.332 13320.000 -18.000 0
O 6346022E 63460237 19150.168 13320.000 -18.000 19154.191 13320.000 -18.000 0
M 6346022E 6346022E 19150.168 13320.000 -18.000 19151.668 13320.000 -18.000 0
O 6346022F 63460230 19148.000 13315.332 -18.000 19152.668 13320.000 -18.000 0
O 6346022F 63460231 19148.000 13315.332 -18.000 19148.000 13324.668 -18.000 0
O 6346022F 63460232 19148.000 13315.332 -18.000 19143.332 13320.000 -18.000 0
M 6346022F 6346022F 19148.000 13315.332 -18.000 19149.500 13315.332 -18.000 0
O 63460230 63460231 19152.668 13320.000 -18.000 19148.000 13324.668 -18.000 0
O 63460230 63460232 19152.668 13320.000 -18.000 19143.332 13320.000 -18.000 0
M 63460230 63460230 19152.668 13320.000 -18.000 19154.168 13320.000 -18.000 0
O 63460231 63460232 19148.000 13324.668 -18.000 19143.332 13320.000 -18.000 0
M 63460231 63460231 19148.000 13324.668 -18.000 19149.500 13324.668 -18.000 0
M 63460232 63460232 19143.332 13320.000 -18.000 19144.832 13320.000 -18.000 0
O 63460233 63460238 19158.000 13442.500 -16.500 19167.334 13442.667 -17.000 0
M 63460233 63460233 19158.000 13442.500 -16.500 19159.500 13442.500 -16.500 0
M 63460234 63460234 19158.000 13430.000 -15.000 19159.500 13430.000 -15.000 0
M 63460235 63460235 19158.000 13417.500 -16.500 19159.500 13417.500 -16.500 0
W 63460236 63460237 19154.191 13330.000 -18.000 19154.191 13320.000 -18.000 1
H 63460236 63460237 19154.191 13327.976 -18.000 19154.191 13322.024 -18.000 1
M 63460236 63460236 19154.191 13330.000 -18.000 19155.691 13330.000 -18.000 0
M 63460237 63460237 19154.191 13320.000 -18.000 19155.691 13320.000 -18.000 0
M 63460238 63460238 19167.334 13442.667 -17.000 19168.834 13442.667 -17.000 0
O 63460239 6346023A 19170.500 13430.000 -16.500 19170.666 13420.667 -17.000 0
M 63460239 63460239 19170.500 13430.000 -16.500 19172.000 13430.000 -16.500 0
M 6346023A 6346023A 19170.666 13420.667 -17.000 19172.166 13420.667 -17.000 0
O 6346023B 6346023C 19220.500 13227.500 -18.000 19220.500 13222.500 -18.000 0
O 6346023B 6346023D 19220.500 13227.500 -18.000 19228.000 13231.689 -18.000 0
O 6346023B 6346023E 19220.500 13227.500 -18.000 19228.000 13227.500 -18.000 0
O 6346023B 6346023F 19220.500 13227.500 -18.000 19228.000 13222.500 -18.000 0
O 6346023B 63460240 19220.500 13227.500 -18.000 19235.500 13227.500 -18.000 0
M 6346023B 6346023B 19220.500 13227.500 -18.000 19222.000 13227.500 -18.000 0
O 6346023C 6346023E 19220.500 13222.500 -18.000 19228.000 13227.500 -18.000 0
O 6346023C 6346023F 19220.500 13222.500 -18.000 19228.000 13222.500 -18.000 0
O 6346023C 63460241 19220.500 13222.500 -18.000 19235.500 13222.500 -18.000 0
M 6346023C 6346023C 19220.500 13222.500 -18.000 19222.000 13222.500 -18.000 0
O 6346023D 6346023E 19228.000 13231.689 -18.000 19228.000 13227.500 -18.000 0
O 6346023D 6346023F 19228.000 13231.689 -18.000 19228.000 13222.500 -18.000 0
O 6346023D 63460240 19228.000 13231.689 -18.000 19235.500 13227.500 -18.000 0
M 6346023D 6346023D 19228.000 13231.689 -18.000 19229.500 13231.689 -18.000 0
O 6346023E 6346023F 19228.000 13227.500 -18.000 19228.000 13222.500 -18.000 0
O 6346023E 63460240 19228.000 13227.500 -18.000 19235.500 13227.500 -18.000 0
O 6346023E 63460241 19228.000 13227.500 -18.000 19235.500 13222.500 -18.000 0
M 6346023E 6346023E 19228.000 13227.500 -18.000 19229.500 13227.500 -18.000 0
O 6346023F 63460240 19228.000 13222.500 -18.000 19235.500 13227.500 -18.000 0
O 6346023F 63460241 19228.000 13222.500 -18.000 19235.500 13222.500 -18.000 0
M 6346023F 6346023F 19228.000 13222.500 -18.000 19229.500 13222.500 -18.000 0
O 63460240 63460241 19235.500 13227.500 -18.000 19235.500 13222.500 -18.000 0
M 63460240 63460240 19235.500 13227.500 -18.000 19237.000 13227.500 -18.000 0
M 63460241 63460241 19235.500 13222.500 -18.000 19237.000 13222.500 -18.000 0
O 63460242 63460243 19048.000 13330.000 -8.000 19048.000 13320.000 -8.000 0
O 63460242 63460244 19048.000 13330.000 -8.000 19058.000 13320.000 -8.000 0
M 63460242 63460242 19048.000 13330.000 -8.000 19049.500 13330.000 -8.000 0
O 63460243 63460244 19048.000 13320.000 -8.000 19058.000 13320.000 -8.000 0
M 63460243 63460243 19048.000 13320.000 -8.000 19049.500 13320.000 -8.000 0
O 63460244 63460245 19058.000 13320.000 -8.000 19068.000 13330.000 -8.000 0
O 63460244 63460246 19058.000 13320.000 -8.000 19068.000 13320.000 -8.000 0
M 63460244 63460244 19058.000 13320.000 -8.000 19059.500 13320.000 -8.000 0
O 63460245 63460246 19068.000 13330.000 -8.000 19068.000 13320.000 -8.000 0
M 63460245 63460245 19068.000 13330.000 -8.000 19069.500 13330.000 -8.000 0
M 63460246 63460246 19068.000 13320.000 -8.000 19069.500 13320.000 -8.000 0
M 63460247 63460247 19084.250 13280.002 -17.250 19085.750 13280.002 -17.250 0
O 63460248 63460249 19098.000 13286.189 -12.000 19100.168 13280.000 -12.000 0
M 63460248 63460248 19098.000 13286.189 -12.000 19099.500 13286.189 -12.000 0
O 63460249 6346024A 19100.168 13280.000 -12.000 19098.000 13275.332 -12.000 0
O 63460249 6346024B 19100.168 13280.000 -12.000 19102.668 13280.000 -12.000 0
O 63460249 6346024C 19100.168 13280.000 -12.000 19098.000 13284.668 -12.000 0
O 63460249 6346024D 19100.168 13280.000 -12.000 19093.332 13280.000 -12.000 0
O 63460249 6346024E 19100.168 13280.000 -12.000 19098.000 13273.811 -12.000 0
M 63460249 63460249 19100.168 13280.000 -12.000 19101.668 13280.000 -12.000 0
O 6346024A 6346024B 19098.000 13275.332 -12.000 19102.668 13280.000 -12.000 0
O 6346024A 6346024C 19098.000 13275.332 -12.000 19098.000 13284.668 -12.000 0
O 6346024A 6346024D 19098.000 13275.332 -12.000 19093.332 13280.000 -12.000 0
W 6346024A 63460251 19098.000 13275.332 -12.000 19108.000 13266.189 -12.000 1
H 6346024A 63460251 19100.143 13273.373 -12.000 19106.561 13267.506 -12.000 1
W 6346024A 63460255 19098.000 13275.332 -12.000 19108.000 13264.668 -12.000 1
H 6346024A 63460255 19100.166 13273.021 -12.000 19105.834 13266.979 -12.000 1
M 6346024A 6346024A 19098.000 13275.332 -12.000 19099.500 13275.332 -12.000 0
O 6346024B 6346024C 19102.668 13280.000 -12.000 19098.000 13284.668 -12.000 0
O 6346024B 6346024D 19102.668 13280.000 -12.000 19093.332 13280.000 -12.000 0
W 6346024B 63460251 19102.668 13280.000 -12.000 19108.000 13266.189 -12.000 1
H 6346024B 63460251 19103.438 13278.008 -12.000 19107.391 13267.771 -12.000 1
M 6346024B 6346024B 19102.668 13280.000 -12.000 19104.168 13280.000 -12.000 0
O 6346024C 6346024D 19098.000 13284.668 -12.000 19093.332 13280.000 -12.000 0
M 6346024C 6346024C 19098.000 13284.668 -12.000 19099.500 13284.668 -12.000 0
M 6346024D 6346024D 19093.332 13280.000 -12.000 19094.832 13280.000 -12.000 0
W 6346024E 6346024F 19098.000 13273.811 -12.000 19101.809 13260.000 -12.000 1
H 6346024E 6346024F 19098.432 13272.244 -12.000 19101.246 13262.041 -12.000 1
W 6346024E 63460251 19098.000 13273.811 -12.000 19108.000 13266.189 -12.000 1
H 6346024E 63460251 19099.611 13272.583 -12.000 19106.389 13267.417 -12.000 1
W 6346024E 63460255 19098.000 13273.811 -12.000 19108.000 13264.668 -12.000 1
H 6346024E 63460255 19099.439 13272.494 -12.000 19105.857 13266.627 -12.000 1
W 6346024E 63460256 19098.000 13273.811 -12.000 19103.332 13260.000 -12.000 1
H 6346024E 63460256 19098.609 13272.229 -12.000 19102.539 13262.055 -12.000 1
M 6346024E 6346024E 19098.000 13273.811 -12.000 19099.500 13273.811 -12.000 0
O 6346024F 63460252 19101.809 13260.000 -12.000 19105.832 13260.000 -12.000 0
M 6346024F 6346024F 19101.809 13260.000 -12.000 19103.309 13260.000 -12.000 0
O 63460250 6346025B 19111.809 13320.000 -12.000 19115.832 13320.000 -12.000 0
M 63460250 63460250 19111.809 13320.000 -12.000 19113.309 13320.000 -12.000 0
O 63460251 63460252 19108.000 13266.189 -12.000 19105.832 13260.000 -12.000 0
M 63460251 63460251 19108.000 13266.189 -12.000 19109.500 13266.189 -12.000 0
O 63460252 63460253 19105.832 13260.000 -12.000 19108.000 13255.332 -12.000 0
O 63460252 63460254 19105.832 13260.000 -12.000 19112.668 13260.000 -12.000 0
O 63460252 63460255 19105.832 13260.000 -12.000 19108.000 13264.668 -12.000 0
O 63460252 63460256 19105.832 13260.000 -12.000 19103.332 13260.000 -12.000 0
O 63460252 63460259 19105.832 13260.000 -12.000 19108.000 13254.010 -12.000 0
M 63460252 63460252 19105.832 13260.000 -12.000 19107.332 13260.000 -12.000 0
O 63460253 63460254 19108.000 13255.332 -12.000 19112.668 13260.000 -12.000 0
O 63460253 63460255 19108.000 13255.332 -12.000 19108.000 13264.668 -12.000 0
O 63460253 63460256 19108.000 13255.332 -12.000 19103.332 13260.000 -12.000 0
O 63460253 63460257 19108.000 13255.332 -12.000 19109.059 13251.058 -12.000 0
M 63460253 63460253 19108.000 13255.332 -12.000 19109.500 13255.332 -12.000 0
O 63460254 63460255 19112.668 13260.000 -12.000 19108.000 13264.668 -12.000 0
O 63460254 63460256 19112.668 13260.000 -12.000 19103.332 13260.000 -12.000 0
W 63460254 63460274 19112.668 13260.000 -12.000 19123.332 13250.000 -12.000 1
H 63460254 63460274 19114.338 13258.434 -12.000 19121.021 13252.167 -12.000 1
M 63460254 63460254 19112.668 13260.000 -12.000 19114.168 13260.000 -12.000 0
O 63460255 63460256 19108.000 13264.668 -12.000 19103.332 13260.000 -12.000 0
M 63460255 63460255 19108.000 13264.668 -12.000 19109.500 13264.668 -12.000 0
M 63460256 63460256 19103.332 13260.000 -12.000 19104.832 13260.000 -12.000 0
O 63460257 63460258 19109.059 13251.058 -12.000 19112.010 13250.000 -12.000 0
O 63460257 63460259 19109.059 13251.058 -12.000 19108.000 13254.010 -12.000 0
O 63460257 63460264 19109.059 13251.058 -12.000 19114.691 13250.000 -12.000 0
M 63460257 63460257 19109.059 13251.058 -12.000 19110.559 13251.058 -12.000 0
O 63460258 63460259 19112.010 13250.000 -12.000 19108.000 13254.010 -12.000 0
O 63460258 63460264 19112.010 13250.000 -12.000 19114.691 13250.000 -12.000 0
O 63460258 63460274 19112.010 13250.000 -12.000 19123.332 13250.000 -12.000 0
M 63460258 63460258 19112.010 13250.000 -12.000 19113.510 13250.000 -12.000 0
M 63460259 63460259 19108.000 13254.010 -12.000 19109.500 13254.010 -12.000 0
O 6346025A 6346025B 19118.000 13326.189 -12.000 19115.832 13320.000 -12.000 0
M 6346025A 6346025A 19118.000 13326.189 -12.000 19119.500 13326.189 -12.000 0
O 6346025B 6346025C 19115.832 13320.000 -12.000 19118.000 13315.332 -12.000 0
O 6346025B 6346025D 19115.832 13320.000 -12.000 19122.668 13320.000 -12.000 0
O 6346025B 6346025E 19115.832 13320.000 -12.000 19118.000 13324.668 -12.000 0
O 6346025B 6346025F 19115.832 13320.000 -12.000 19113.332 13320.000 -12.000 0
O 6346025B 63460260 19115.832 13320.000 -12.000 19118.000 13310.000 -12.000 0
O 6346025B 6346026B 19115.832 13320.000 -12.000 19123.332 13320.000 -12.000 0
M 6346025B 6346025B 19115.832 13320.000 -12.000 19117.332 13320.000 -12.000 0
O 6346025C 6346025D 19118.000 13315.332 -12.000 19122.668 13320.000 -12.000 0
O 6346025C 6346025E 19118.000 13315.332 -12.000 19118.000 13324.668 -12.000 0
O 6346025C 6346025F 19118.000 13315.332 -12.000 19113.332 13320.000 -12.000 0
O 6346025C 63460260 19118.000 13315.332 -12.000 19118.000 13310.000 -12.000 0
O 6346025C 63460263 19118.000 13315.332 -12.000 19118.000 13304.010 -12.000 0
M 6346025C 6346025C 19118.000 13315.332 -12.000 19119.500 13315.332 -12.000 0
O 6346025D 6346025E 19122.668 13320.000 -12.000 19118.000 13324.668 -12.000 0
O 6346025D 6346025F 19122.668 13320.000 -12.000 19113.332 13320.000 -12.000 0
O 6346025D 63460267 19122.668 13320.000 -12.000 19130.168 13320.000 -12.000 0
M 6346025D 6346025D 19122.668 13320.000 -12.000 19124.168 13320.000 -12.000 0
O 6346025E 6346025F 19118.000 13324.668 -12.000 19113.332 13320.000 -12.000 0
M 6346025E 6346025E 19118.000 13324.668 -12.000 19119.500 13324.668 -12.000 0
M 6346025F 6346025F 19113.332 13320.000 -12.000 19114.832 13320.000 -12.000 0
O 63460260 63460261 19118.000 13310.000 -12.000 19119.059 13301.058 -12.000 0
O 63460260 63460263 19118.000 13310.000 -12.000 19118.000 13304.010 -12.000 0
W 63460260 6346026C 19118.000 13310.000 -12.000 19128.000 13313.811 -12.000 1
H 63460260 6346026C 19120.055 13310.783 -12.000 19125.945 13313.027 -12.000 1
M 63460260 63460260 19118.000 13310.000 -12.000 19119.500 13310.000 -12.000 0
O 63460261 63460262 19119.059 13301.058 -12.000 19122.010 13300.000 -12.000 0
O 63460261 63460263 19119.059 13301.058 -12.000 19118.000 13304.010 -12.000 0
O 63460261 6346026F 19119.059 13301.058 -12.000 19123.332 13300.000 -12.000 0
M 63460261 63460261 19119.059 13301.058 -12.000 19120.559 13301.058 -12.000 0
O 63460262 63460263 19122.010 13300.000 -12.000 19118.000 13304.010 -12.000 0
O 63460262 6346026D 19122.010 13300.000 -12.000 19128.000 13298.555 -12.000 0
M 63460262 63460262 19122.010 13300.000 -12.000 19123.510 13300.000 -12.000 0
W 63460263 6346026C 19118.000 13304.010 -12.000 19128.000 13313.811 -12.000 1
H 63460263 6346026C 19120.152 13306.120 -12.000 19126.623 13312.461 -12.000 1
M 63460263 63460263 19118.000 13304.010 -12.000 19119.500 13304.010 -12.000 0
O 63460264 63460272 19114.691 13250.000 -12.000 19128.000 13248.555 -12.000 0
O 63460264 63460274 19114.691 13250.000 -12.000 19123.332 13250.000 -12.000 0
M 63460264 63460264 19114.691 13250.000 -12.000 19116.191 13250.000 -12.000 0
O 63460265 63460277 19128.000 13350.000 -8.000 19138.000 13350.000 -8.000 0
M 63460265 63460265 19128.000 13350.000 -8.000 19129.500 13350.000 -8.000 0
M 63460266 63460266 19128.000 13333.750 -17.250 19129.500 13333.750 -17.250 0
O 63460267 63460268 19130.168 13320.000 -12.000 19128.000 13315.332 -12.000 0
O 63460267 63460269 19130.168 13320.000 -12.000 19132.668 13320.000 -12.000 0
O 63460267 6346026A 19130.168 13320.000 -12.000 19128.000 13324.668 -12.000 0
O 63460267 6346026B 19130.168 13320.000 -12.000 19123.332 13320.000 -12.000 0
O 63460267 6346026C 19130.168 13320.000 -12.000 19128.000 13313.811 -12.000 0
O 63460267 6346027C 19130.168 13320.000 -12.000 19133.332 13320.000 -12.000 0
M 63460267 63460267 19130.168 13320.000 -12.000 19131.668 13320.000 -12.000 0
O 63460268 63460269 19128.000 13315.332 -12.000 19132.668 13320.000 -12.000 0
O 63460268 6346026A 19128.000 13315.332 -12.000 19128.000 13324.668 -12.000 0
O 63460268 6346026B 19128.000 13315.332 -12.000 19123.332 13320.000 -12.000 0
M 63460268 63460268 19128.000 13315.332 -12.000 19129.500 13315.332 -12.000 0
O 63460269 6346026A 19132.668 13320.000 -12.000 19128.000 13324.668 -12.000 0
O 63460269 6346026B 19132.668 13320.000 -12.000 19123.332 13320.000 -12.000 0
O 63460269 63460279 19132.668 13320.000 -12.000 19136.555 13320.000 -12.000 0
M 63460269 63460269 19132.668 13320.000 -12.000 19134.168 13320.000 -12.000 0
O 6346026A 6346026B 19128.000 13324.668 -12.000 19123.332 13320.000 -12.000 0
M 6346026A 6346026A 19128.000 13324.668 -12.000 19129.500 13324.668 -12.000 0
M 6346026B 6346026B 19123.332 13320.000 -12.000 19124.832 13320.000 -12.000 0
W 6346026C 6346026E 19128.000 13313.811 -12.000 19132.668 13300.000 -12.000 1
H 6346026C 6346026E 19128.531 13312.236 -12.000 19131.975 13302.050 -12.000 1
W 6346026C 6346026F 19128.000 13313.811 -12.000 19123.332 13300.000 -12.000 1
H 6346026C 6346026F 19127.469 13312.236 -12.000 19124.025 13302.050 -12.000 1
W 6346026C 6346027F 19128.000 13313.811 -12.000 19133.332 13300.000 -12.000 1
H 6346026C 6346027F 19128.609 13312.229 -12.000 19132.539 13302.057 -12.000 1
M 6346026C 6346026C 19128.000 13313.811 -12.000 19129.500 13313.811 -12.000 0
O 6346026D 6346026E 19128.000 13298.555 -12.000 19132.668 13300.000 -12.000 0
O 6346026D 6346026F 19128.000 13298.555 -12.000 19123.332 13300.000 -12.000 0
O 6346026D 63460270 19128.000 13298.555 -12.000 19128.000 13295.332 -12.000 0
O 6346026D 63460271 19128.000 13298.555 -12.000 19128.000 13293.811 -12.000 0
O 6346026D 6346027F 19128.000 13298.555 -12.000 19133.332 13300.000 -12.000 0
M 6346026D 6346026D 19128.000 13298.555 -12.000 19129.500 13298.555 -12.000 0
O 6346026E 6346026F 19132.668 13300.000 -12.000 19123.332 13300.000 -12.000 0
O 6346026E 63460270 19132.668 13300.000 -12.000 19128.000 13295.332 -12.000 0
O 6346026E 6346027D 19132.668 13300.000 -12.000 19138.000 13298.555 -12.000 0
M 6346026E 6346026E 19132.668 13300.000 -12.000 19134.168 13300.000 -12.000 0
O 6346026F 63460270 19123.332 13300.000 -12.000 19128.000 13295.332 -12.000 0
M 6346026F 6346026F 19123.332 13300.000 -12.000 19124.832 13300.000 -12.000 0
M 63460270 63460270 19128.000 13295.332 -12.000 19129.500 13295.332 -12.000 0
W 63460271 63460281 19128.000 13293.811 -12.000 19138.000 13293.811 -12.000 1
H 63460271 63460281 19130.025 13293.811 -12.000 19135.975 13293.811 -12.000 1
M 63460271 63460271 19128.000 13293.811 -12.000 19129.500 13293.811 -12.000 0
O 63460272 63460273 19128.000 13248.555 -12.000 19132.668 13250.000 -12.000 0
O 63460272 63460274 19128.000 13248.555 -12.000 19123.332 13250.000 -12.000 0
O 63460272 63460275 19128.000 13248.555 -12.000 19128.000 13245.332 -12.000 0
O 63460272 63460282 19128.000 13248.555 -12.000 19134.191 13250.000 -12.000 0
M 63460272 63460272 19128.000 13248.555 -12.000 19129.500 13248.555 -12.000 0
O 63460273 63460274 19132.668 13250.000 -12.000 19123.332 13250.000 -12.000 0
O 63460273 63460275 19132.668 13250.000 -12.000 19128.000 13245.332 -12.000 0
M 63460273 63460273 19132.668 13250.000 -12.000 19134.168 13250.000 -12.000 0
O 63460274 63460275 19123.332 13250.000 -12.000 19128.000 13245.332 -12.000 0
M 63460274 63460274 19123.332 13250.000 -12.000 19124.832 13250.000 -12.000 0
M 63460275 63460275 19128.000 13245.332 -12.000 19129.500 13245.332 -12.000 0
M 63460276 63460276 19128.000 13236.250 -17.250 19129.500 13236.250 -17.250 0
O 63460277 63460283 19138.000 13350.000 -8.000 19148.000 13350.000 -8.000 0
M 63460277 63460277 19138.000 13350.000 -8.000 19139.500 13350.000 -8.000 0
O 63460278 63460279 19138.000 13326.189 -12.000 19136.555 13320.000 -12.000 0
M 63460278 63460278 19138.000 13326.189 -12.000 19139.500 13326.189 -12.000 0
O 63460279 6346027A 19136.555 13320.000 -12.000 19138.000 13315.332 -12.000 0
O 63460279 6346027B 19136.555 13320.000 -12.000 19138.000 13324.668 -12.000 0
O 63460279 6346027C 19136.555 13320.000 -12.000 19133.332 13320.000 -12.000 0
M 63460279 63460279 19136.555 13320.000 -12.000 19138.055 13320.000 -12.000 0
O 6346027A 6346027B 19138.000 13315.332 -12.000 19138.000 13324.668 -12.000 0
O 6346027A 6346027C 19138.000 13315.332 -12.000 19133.332 13320.000 -12.000 0
W 6346027A 63460288 19138.000 13315.332 -12.000 19148.000 13304.668 -12.000 1
H 6346027A 63460288 19139.566 13313.661 -12.000 19145.762 13307.055 -12.000 1
M 6346027A 6346027A 19138.000 13315.332 -12.000 19139.500 13315.332 -12.000 0
O 6346027B 6346027C 19138.000 13324.668 -12.000 19133.332 13320.000 -12.000 0
M 6346027B 6346027B 19138.000 13324.668 -12.000 19139.500 13324.668 -12.000 0
M 6346027C 6346027C 19133.332 13320.000 -12.000 19134.832 13320.000 -12.000 0
O 6346027D 6346027E 19138.000 13298.555 -12.000 19142.668 13300.000 -12.000 0
O 6346027D 6346027F 19138.000 13298.555 -12.000 19133.332 13300.000 -12.000 0
O 6346027D 63460280 19138.000 13298.555 -12.000 19138.000 13295.332 -12.000 0
O 6346027D 63460281 19138.000 13298.555 -12.000 19138.000 13293.811 -12.000 0
O 6346027D 63460286 19138.000 13298.555 -12.000 19143.332 13300.000 -12.000 0
M 6346027D 6346027D 19138.000 13298.555 -12.000 19139.500 13298.555 -12.000 0
O 6346027E 6346027F 19142.668 13300.000 -12.000 19133.332 13300.000 -12.000 0
O 6346027E 63460280 19142.668 13300.000 -12.000 19138.000 13295.332 -12.000 0
O 6346027E 63460285 19142.668 13300.000 -12.000 19148.000 13301.445 -12.000 0
M 6346027E 6346027E 19142.668 13300.000 -12.000 19144.168 13300.000 -12.000 0
O 6346027F 63460280 19133.332 13300.000 -12.000 19138.000 13295.332 -12.000 0
M 6346027F 6346027F 19133.332 13300.000 -12.000 19134.832 13300.000 -12.000 0
M 63460280 63460280 19138.000 13295.332 -12.000 19139.500 13295.332 -12.000 0
M 63460281 63460281 19138.000 13293.811 -12.000 19139.500 13293.811 -12.000 0
M 63460282 63460282 19134.191 13250.000 -12.000 19135.691 13250.000 -12.000 0
M 63460283 63460283 19148.000 13350.000 -8.000 19149.500 13350.000 -8.000 0
M 63460284 63460284 19148.000 13313.750 -17.250 19149.500 13313.750 -17.250 0
O 63460285 63460286 19148.000 13301.445 -12.000 19143.332 13300.000 -12.000 0
O 63460285 63460287 19148.000 13301.445 -12.000 19152.668 13300.000 -12.000 0
O 63460285 63460288 19148.000 13301.445 -12.000 19148.000 13304.668 -12.000 0
O 63460285 63460290 19148.000 13301.445 -12.000 19153.332 13300.000 -12.000 0
M 63460285 63460285 19148.000 13301.445 -12.000 19149.500 13301.445 -12.000 0
O 63460286 63460287 19143.332 13300.000 -12.000 19152.668 13300.000 -12.000 0
O 63460286 63460288 19143.332 13300.000 -12.000 19148.000 13304.668 -12.000 0
M 63460286 63460286 19143.332 13300.000 -12.000 19144.832 13300.000 -12.000 0
O 63460287 63460288 19152.668 13300.000 -12.000 19148.000 13304.668 -12.000 0
O 63460287 6346028E 19152.668 13300.000 -12.000 19158.000 13298.555 -12.000 0
M 63460287 63460287 19152.668 13300.000 -12.000 19154.168 13300.000 -12.000 0
W 63460288 6346028C 19148.000 13304.668 -12.000 19158.000 13315.332 -12.000 1
H 63460288 6346028C 19150.238 13307.055 -12.000 19156.434 13313.661 -12.000 1
M 63460288 63460288 19148.000 13304.668 -12.000 19149.500 13304.668 -12.000 0
O 63460289 6346028A 19158.000 13326.189 -12.000 19159.445 13320.000 -12.000 0
W 63460289 63460293 19158.000 13326.189 -12.000 19168.000 13326.189 -12.000 1
H 63460289 63460293 19160.025 13326.189 -12.000 19165.975 13326.189 -12.000 1
M 63460289 63460289 19158.000 13326.189 -12.000 19159.500 13326.189 -12.000 0
O 6346028A 6346028B 19159.445 13320.000 -12.000 19158.000 13324.668 -12.000 0
O 6346028A 6346028C 19159.445 13320.000 -12.000 19158.000 13315.332 -12.000 0
O 6346028A 6346028D 19159.445 13320.000 -12.000 19162.668 13320.000 -12.000 0
O 6346028A 63460298 19159.445 13320.000 -12.000 19163.332 13320.000 -12.000 0
M 6346028A 6346028A 19159.445 13320.000 -12.000 19160.945 13320.000 -12.000 0
O 6346028B 6346028C 19158.000 13324.668 -12.000 19158.000 13315.332 -12.000 0
O 6346028B 6346028D 19158.000 13324.668 -12.000 19162.668 13320.000 -12.000 0
M 6346028B 6346028B 19158.000 13324.668 -12.000 19159.500 13324.668 -12.000 0
O 6346028C 6346028D 19158.000 13315.332 -12.000 19162.668 13320.000 -12.000 0
M 6346028C 6346028C 19158.000 13315.332 -12.000 19159.500 13315.332 -12.000 0
O 6346028D 63460294 19162.668 13320.000 -12.000 19168.000 13316.683 -12.000 0
M 6346028D 6346028D 19162.668 13320.000 -12.000 19164.168 13320.000 -12.000 0
O 6346028E 6346028F 19158.000 13298.555 -12.000 19162.668 13300.000 -12.000 0
O 6346028E 63460290 19158.000 13298.555 -12.000 19153.332 13300.000 -12.000 0
O 6346028E 63460291 19158.000 13298.555 -12.000 19158.000 13295.332 -12.000 0
O 6346028E 63460292 19158.000 13298.555 -12.000 19158.000 13293.811 -12.000 0
O 6346028E 6346029C 19158.000 13298.555 -12.000 19163.332 13300.000 -12.000 0
M 6346028E 6346028E 19158.000 13298.555 -12.000 19159.500 13298.555 -12.000 0
O 6346028F 63460290 19162.668 13300.000 -12.000 19153.332 13300.000 -12.000 0
O 6346028F 63460291 19162.668 13300.000 -12.000 19158.000 13295.332 -12.000 0
W 6346028F 63460299 19162.668 13300.000 -12.000 19168.000 13313.811 -12.000 1
H 6346028F 63460299 19163.461 13302.057 -12.000 19167.391 13312.229 -12.000 1
O 6346028F 6346029A 19162.668 13300.000 -12.000 19168.000 13298.555 -12.000 0
M 6346028F 6346028F 19162.668 13300.000 -12.000 19164.168 13300.000 -12.000 0
O 63460290 63460291 19153.332 13300.000 -12.000 19158.000 13295.332 -12.000 0
M 63460290 63460290 19153.332 13300.000 -12.000 19154.832 13300.000 -12.000 0
M 63460291 63460291 19158.000 13295.332 -12.000 19159.500 13295.332 -12.000 0
W 63460292 6346029E 19158.000 13293.811 -12.000 19168.000 13293.811 -12.000 1
H 63460292 6346029E 19160.025 13293.811 -12.000 19165.975 13293.811 -12.000 1
M 63460292 63460292 19158.000 13293.811 -12.000 19159.500 13293.811 -12.000 0
O 63460293 63460294 19168.000 13326.189 -12.000 19168.000 13316.683 -12.000 0
W 63460293 6346029F 19168.000 13326.189 -12.000 19178.000 13326.189 -12.000 1
H 63460293 6346029F 19170.025 13326.189 -12.000 19175.975 13326.189 -12.000 1
M 63460293 63460293 19168.000 13326.189 -12.000 19169.500 13326.189 -12.000 0
O 63460294 63460296 19168.000 13316.683 -12.000 19172.668 13320.000 -12.000 0
O 63460294 63460297 19168.000 13316.683 -12.000 19168.000 13324.668 -12.000 0
O 63460294 63460298 19168.000 13316.683 -12.000 19163.332 13320.000 -12.000 0
O 63460294 63460299 19168.000 13316.683 -12.000 19168.000 13313.811 -12.000 0
O 63460294 634602A4 19168.000 13316.683 -12.000 19173.332 13320.000 -12.000 0
M 63460294 63460294 19168.000 13316.683 -12.000 19169.500 13316.683 -12.000 0
O 63460295 63460296 19168.000 13315.332 -12.000 19172.668 13320.000 -12.000 0
O 63460295 63460297 19168.000 13315.332 -12.000 19168.000 13324.668 -12.000 0
O 63460295 63460298 19168.000 13315.332 -12.000 19163.332 13320.000 -12.000 0
M 63460295 63460295 19168.000 13315.332 -12.000 19169.500 13315.332 -12.000 0
O 63460296 63460297 19172.668 13320.000 -12.000 19168.000 13324.668 -12.000 0
O 63460296 63460298 19172.668 13320.000 -12.000 19163.332 13320.000 -12.000 0
O 63460296 634602A0 19172.668 13320.000 -12.000 19175.832 13320.000 -12.000 0
M 63460296 63460296 19172.668 13320.000 -12.000 19174.168 13320.000 -12.000 0
O 63460297 63460298 19168.000 13324.668 -12.000 19163.332 13320.000 -12.000 0
M 63460297 63460297 19168.000 13324.668 -12.000 19169.500 13324.668 -12.000 0
M 63460298 63460298 19163.332 13320.000 -12.000 19164.832 13320.000 -12.000 0
W 63460299 6346029B 19168.000 13313.811 -12.000 19172.668 13300.000 -12.000 1
H 63460299 6346029B 19168.531 13312.236 -12.000 19171.975 13302.050 -12.000 1
W 63460299 6346029C 19168.000 13313.811 -12.000 19163.332 13300.000 -12.000 1
H 63460299 6346029C 19167.469 13312.236 -12.000 19164.025 13302.050 -12.000 1
W 63460299 634602A5 19168.000 13313.811 -12.000 19178.000 13310.000 -12.000 1
H 63460299 634602A5 19170.055 13313.027 -12.000 19175.945 13310.783 -12.000 1
W 63460299 634602A7 19168.000 13313.811 -12.000 19178.000 13304.010 -12.000 1
H 63460299 634602A7 19169.377 13312.461 -12.000 19175.848 13306.120 -12.000 1
M 63460299 63460299 19168.000 13313.811 -12.000 19169.500 13313.811 -12.000 0
O 6346029A 6346029B 19168.000 13298.555 -12.000 19172.668 13300.000 -12.000 0
O 6346029A 6346029C 19168.000 13298.555 -12.000 19163.332 13300.000 -12.000 0
O 6346029A 6346029D 19168.000 13298.555 -12.000 19168.000 13295.332 -12.000 0
O 6346029A 6346029E 19168.000 13298.555 -12.000 19168.000 13293.811 -12.000 0
O 6346029A 634602A8 19168.000 13298.555 -12.000 19173.990 13300.000 -12.000 0
M 6346029A 6346029A 19168.000 13298.555 -12.000 19169.500 13298.555 -12.000 0
O 6346029B 6346029C 19172.668 13300.000 -12.000 19163.332 13300.000 -12.000 0
O 6346029B 6346029D 19172.668 13300.000 -12.000 19168.000 13295.332 -12.000 0
O 6346029B 634602A6 19172.668 13300.000 -12.000 19176.941 13301.058 -12.000 0
M 6346029B 6346029B 19172.668 13300.000 -12.000 19174.168 13300.000 -12.000 0
O 6346029C 6346029D 19163.332 13300.000 -12.000 19168.000 13295.332 -12.000 0
M 6346029C 6346029C 19163.332 13300.000 -12.000 19164.832 13300.000 -12.000 0
M 6346029D 6346029D 19168.000 13295.332 -12.000 19169.500 13295.332 -12.000 0
M 6346029E 6346029E 19168.000 13293.811 -12.000 19169.500 13293.811 -12.000 0
O 6346029F 634602A0 19178.000 13326.189 -12.000 19175.832 13320.000 -12.000 0
M 6346029F 6346029F 19178.000 13326.189 -12.000 19179.500 13326.189 -12.000 0
O 634602A0 634602A1 19175.832 13320.000 -12.000 19178.000 13315.332 -12.000 0
O 634602A0 634602A2 19175.832 13320.000 -12.000 19182.668 13320.000 -12.000 0
O 634602A0 634602A3 19175.832 13320.000 -12.000 19178.000 13324.668 -12.000 0
O 634602A0 634602A4 19175.832 13320.000 -12.000 19173.332 13320.000 -12.000 0
O 634602A0 634602A5 19175.832 13320.000 -12.000 19178.000 13310.000 -12.000 0
O 634602A0 634602A9 19175.832 13320.000 -12.000 19184.191 13320.000 -12.000 0
M 634602A0 634602A0 19175.832 13320.000 -12.000 19177.332 13320.000 -12.000 0
O 634602A1 634602A2 19178.000 13315.332 -12.000 19182.668 13320.000 -12.000 0
O 634602A1 634602A3 19178.000 13315.332 -12.000 19178.000 13324.668 -12.000 0
O 634602A1 634602A4 19178.000 13315.332 -12.000 19173.332 13320.000 -12.000 0
O 634602A1 634602A5 19178.000 13315.332 -12.000 19178.000 13310.000 -12.000 0
O 634602A1 634602A7 19178.000 13315.332 -12.000 19178.000 13304.010 -12.000 0
M 634602A1 634602A1 19178.000 13315.332 -12.000 19179.500 13315.332 -12.000 0
O 634602A2 634602A3 19182.668 13320.000 -12.000 19178.000 13324.668 -12.000 0
O 634602A2 634602A4 19182.668 13320.000 -12.000 19173.332 13320.000 -12.000 0
M 634602A2 634602A2 19182.668 13320.000 -12.000 19184.168 13320.000 -12.000 0
O 634602A3 634602A4 19178.000 13324.668 -12.000 19173.332 13320.000 -12.000 0
M 634602A3 634602A3 19178.000 13324.668 -12.000 19179.500 13324.668 -12.000 0
M 634602A4 634602A4 19173.332 13320.000 -12.000 19174.832 13320.000 -12.000 0
O 634602A5 634602A6 19178.000 13310.000 -12.000 19176.941 13301.058 -12.000 0
O 634602A5 634602A7 19178.000 13310.000 -12.000 19178.000 13304.010 -12.000 0
M 634602A5 634602A5 19178.000 13310.000 -12.000 19179.500 13310.000 -12.000 0
O 634602A6 634602A7 19176.941 13301.058 -12.000 19178.000 13304.010 -12.000 0
O 634602A6 634602A8 19176.941 13301.058 -12.000 19173.990 13300.000 -12.000 0
M 634602A6 634602A6 19176.941 13301.058 -12.000 19178.441 13301.058 -12.000 0
O 634602A7 634602A8 19178.000 13304.010 -12.000 19173.990 13300.000 -12.000 0
M 634602A7 634602A7 19178.000 13304.010 -12.000 19179.500 13304.010 -12.000 0
M 634602A8 634602A8 19173.990 13300.000 -12.000 19175.490 13300.000 -12.000 0
M 634602A9 634602A9 19184.191 13320.000 -12.000 19185.691 13320.000 -12.000 0
O 634602AA 634602AC 19211.809 13260.000 -12.000 19218.000 13256.683 -12.000 0
M 634602AA 634602AA 19211.809 13260.000 -12.000 19213.309 13260.000 -12.000 0
O 634602AB 634602AC 19218.000 13266.189 -12.000 19218.000 13256.683 -12.000 0
M 634602AB 634602AB 19218.000 13266.189 -12.000 19219.500 13266.189 -12.000 0
O 634602AC 634602AE 19218.000 13256.683 -12.000 19222.668 13260.000 -12.000 0
O 634602AC 634602AF 19218.000 13256.683 -12.000 19218.000 13264.668 -12.000 0
O 634602AC 634602B0 19218.000 13256.683 -12.000 19213.332 13260.000 -12.000 0
O 634602AC 634602B3 19218.000 13256.683 -12.000 19218.000 13254.010 -12.000 0
O 634602AC 634602B9 19218.000 13256.683 -12.000 19224.191 13260.000 -12.000 0
M 634602AC 634602AC 19218.000 13256.683 -12.000 19219.500 13256.683 -12.000 0
O 634602AD 634602AE 19218.000 13255.332 -12.000 19222.668 13260.000 -12.000 0
O 634602AD 634602AF 19218.000 13255.332 -12.000 19218.000 13264.668 -12.000 0
O 634602AD 634602B0 19218.000 13255.332 -12.000 19213.332 13260.000 -12.000 0
O 634602AD 634602B1 19218.000 13255.332 -12.000 19219.059 13251.058 -12.000 0
M 634602AD 634602AD 19218.000 13255.332 -12.000 19219.500 13255.332 -12.000 0
O 634602AE 634602AF 19222.668 13260.000 -12.000 19218.000 13264.668 -12.000 0
O 634602AE 634602B0 19222.668 13260.000 -12.000 19213.332 13260.000 -12.000 0
W 634602AE 634602BA 19222.668 13260.000 -12.000 19228.000 13248.555 -12.000 1
H 634602AE 634602BA 19223.631 13257.934 -12.000 19226.363 13252.068 -12.000 1
W 634602AE 634602BB 19222.668 13260.000 -12.000 19232.668 13250.000 -12.000 1
H 634602AE 634602BB 19224.824 13257.844 -12.000 19230.510 13252.158 -12.000 1
M 634602AE 634602AE 19222.668 13260.000 -12.000 19224.168 13260.000 -12.000 0
O 634602AF 634602B0 19218.000 13264.668 -12.000 19213.332 13260.000 -12.000 0
M 634602AF 634602AF 19218.000 13264.668 -12.000 19219.500 13264.668 -12.000 0
M 634602B0 634602B0 19213.332 13260.000 -12.000 19214.832 13260.000 -12.000 0
O 634602B1 634602B2 19219.059 13251.058 -12.000 19222.010 13250.000 -12.000 0
O 634602B1 634602B3 19219.059 13251.058 -12.000 19218.000 13254.010 -12.000 0
O 634602B1 634602BC 19219.059 13251.058 -12.000 19223.332 13250.000 -12.000 0
M 634602B1 634602B1 19219.059 13251.058 -12.000 19220.559 13251.058 -12.000 0
O 634602B2 634602B3 19222.010 13250.000 -12.000 19218.000 13254.010 -12.000 0
O 634602B2 634602BA 19222.010 13250.000 -12.000 19228.000 13248.555 -12.000 0
M 634602B2 634602B2 19222.010 13250.000 -12.000 19223.510 13250.000 -12.000 0
M 634602B3 634602B3 19218.000 13254.010 -12.000 19219.500 13254.010 -12.000 0
O 634602B4 634602B5 19215.334 13229.333 -11.000 19215.334 13220.667 -11.000 0
O 634602B6 634602B7 19229.059 13308.942 -12.000 19228.000 13305.990 -12.000 0
O 634602B6 634602B8 19229.059 13308.942 -12.000 19232.010 13310.000 -12.000 0
O 634602B6 634602C2 19229.059 13308.942 -12.000 19233.990 13310.000 -12.000 0
M 634602B6 634602B6 19229.059 13308.942 -12.000 19230.559 13308.942 -12.000 0
O 634602B7 634602B8 19228.000 13305.990 -12.000 19232.010 13310.000 -12.000 0
M 634602B7 634602B7 19228.000 13305.990 -12.000 19229.500 13305.990 -12.000 0
O 634602B8 634602C1 19232.010 13310.000 -12.000 19236.941 13308.942 -12.000 0
M 634602B8 634602B8 19232.010 13310.000 -12.000 19233.510 13310.000 -12.000 0
W 634602B9 634602BA 19224.191 13260.000 -12.000 19228.000 13248.555 -12.000 1
H 634602B9 634602BA 19224.873 13257.952 -12.000 19226.838 13252.049 -12.000 1
W 634602B9 634602BB 19224.191 13260.000 -12.000 19232.668 13250.000 -12.000 1
H 634602B9 634602BB 19225.471 13258.491 -12.000 19230.859 13252.133 -12.000 1
W 634602B9 634602BC 19224.191 13260.000 -12.000 19223.332 13250.000 -12.000 1
H 634602B9 634602BC 19224.018 13257.974 -12.000 19223.506 13252.028 -12.000 1
M 634602B9 634602B9 19224.191 13260.000 -12.000 19225.691 13260.000 -12.000 0
O 634602BA 634602BB 19228.000 13248.555 -12.000 19232.668 13250.000 -12.000 0
O 634602BA 634602BC 19228.000 13248.555 -12.000 19223.332 13250.000 -12.000 0
O 634602BA 634602BD 19228.000 13248.555 -12.000 19228.000 13245.332 -12.000 0
O 634602BA 634602CB 19228.000 13248.555 -12.000 19238.000 13250.000 -12.000 0
M 634602BA 634602BA 19228.000 13248.555 -12.000 19229.500 13248.555 -12.000 0
O 634602BB 634602BC 19232.668 13250.000 -12.000 19223.332 13250.000 -12.000 0
O 634602BB 634602BD 19232.668 13250.000 -12.000 19228.000 13245.332 -12.000 0
W 634602BB 634602CA 19232.668 13250.000 -12.000 19241.809 13260.000 -12.000 1
H 634602BB 634602CA 19234.627 13252.143 -12.000 19240.492 13258.561 -12.000 1
O 634602BB 634602CB 19232.668 13250.000 -12.000 19238.000 13250.000 -12.000 0
W 634602BB 634602E1 19232.668 13250.000 -12.000 19243.332 13260.000 -12.000 1
H 634602BB 634602E1 19234.979 13252.167 -12.000 19241.021 13257.833 -12.000 1
O 634602BB 634602E4 19232.668 13250.000 -12.000 19243.990 13250.000 -12.000 0
M 634602BB 634602BB 19232.668 13250.000 -12.000 19234.168 13250.000 -12.000 0
O 634602BC 634602BD 19223.332 13250.000 -12.000 19228.000 13245.332 -12.000 0
M 634602BC 634602BC 19223.332 13250.000 -12.000 19224.832 13250.000 -12.000 0
M 634602BD 634602BD 19228.000 13245.332 -12.000 19229.500 13245.332 -12.000 0
M 634602BE 634602BE 19228.000 13236.250 -17.250 19229.500 13236.250 -17.250 0
O 634602BF 634602CC 19228.000 13232.500 -10.500 19237.334 13232.667 -11.000 0
M 634602BF 634602BF 19228.000 13232.500 -10.500 19229.500 13232.500 -10.500 0
O 634602C0 634602CD 19228.000 13217.500 -10.500 19237.334 13217.333 -11.000 0
M 634602C0 634602C0 19228.000 13217.500 -10.500 19229.500 13217.500 -10.500 0
O 634602C1 634602C2 19236.941 13308.942 -12.000 19233.990 13310.000 -12.000 0
O 634602C1 634602C3 19236.941 13308.942 -12.000 19238.000 13305.990 -12.000 0
O 634602C1 634602C4 19236.941 13308.942 -12.000 19238.000 13296.689 -12.000 0
M 634602C1 634602C1 19236.941 13308.942 -12.000 19238.441 13308.942 -12.000 0
O 634602C2 634602C3 19233.990 13310.000 -12.000 19238.000 13305.990 -12.000 0
M 634602C2 634602C2 19233.990 13310.000 -12.000 19235.490 13310.000 -12.000 0
O 634602C3 634602C4 19238.000 13305.990 -12.000 19238.000 13296.689 -12.000 0
O 634602C3 634602C7 19238.000 13305.990 -12.000 19238.000 13294.010 -12.000 0
W 634602C3 634602CE 19238.000 13305.990 -12.000 19248.000 13296.189 -12.000 1
H 634602C3 634602CE 19240.152 13303.880 -12.000 19246.623 13297.539 -12.000 1
M 634602C3 634602C3 19238.000 13305.990 -12.000 19239.500 13305.990 -12.000 0
O 634602C4 634602C5 19238.000 13296.689 -12.000 19239.059 13291.058 -12.000 0
O 634602C4 634602C7 19238.000 13296.689 -12.000 19238.000 13294.010 -12.000 0
W 634602C4 634602CE 19238.000 13296.689 -12.000 19248.000 13296.189 -12.000 1
H 634602C4 634602CE 19240.025 13296.588 -12.000 19245.975 13296.291 -12.000 1
M 634602C4 634602C4 19238.000 13296.689 -12.000 19239.500 13296.689 -12.000 0
O 634602C5 634602C6 19239.059 13291.058 -12.000 19242.010 13290.000 -12.000 0
O 634602C5 634602C7 19239.059 13291.058 -12.000 19238.000 13294.010 -12.000 0
W 634602C5 634602C8 19239.059 13291.058 -12.000 19241.809 13280.000 -12.000 1
H 634602C5 634602C8 19239.705 13288.458 -12.000 19241.303 13282.038 -12.000 1
O 634602C5 634602D2 19239.059 13291.058 -12.000 19243.332 13290.000 -12.000 0
W 634602C5 634602D7 19239.059 13291.058 -12.000 19243.332 13280.000 -12.000 1
H 634602C5 634602D7 19240.148 13288.236 -12.000 19242.537 13282.055 -12.000 1
M 634602C5 634602C5 19239.059 13291.058 -12.000 19240.559 13291.058 -12.000 0
O 634602C6 634602C7 19242.010 13290.000 -12.000 19238.000 13294.010 -12.000 0
W 634602C6 634602C8 19242.010 13290.000 -12.000 19241.809 13280.000 -12.000 1
H 634602C6 634602C8 19241.969 13287.976 -12.000 19241.850 13282.024 -12.000 1
O 634602C6 634602CF 19242.010 13290.000 -12.000 19246.555 13290.000 -12.000 0
M 634602C6 634602C6 19242.010 13290.000 -12.000 19243.510 13290.000 -12.000 0
W 634602C7 634602C8 19238.000 13294.010 -12.000 19241.809 13280.000 -12.000 1
H 634602C7 634602C8 19239.486 13288.541 -12.000 19241.254 13282.040 -12.000 1
W 634602C7 634602D7 19238.000 13294.010 -12.000 19243.332 13280.000 -12.000 1
H 634602C7 634602D7 19240.205 13288.215 -12.000 19242.551 13282.054 -12.000 1
M 634602C7 634602C7 19238.000 13294.010 -12.000 19239.500 13294.010 -12.000 0
W 634602C8 634602C9 19241.809 13280.000 -12.000 19241.809 13270.000 -12.000 1
H 634602C8 634602C9 19241.809 13277.976 -12.000 19241.809 13272.024 -12.000 1
O 634602C8 634602D3 19241.809 13280.000 -12.000 19245.832 13280.000 -12.000 0
M 634602C8 634602C8 19241.809 13280.000 -12.000 19243.309 13280.000 -12.000 0
W 634602C9 634602CA 19241.809 13270.000 -12.000 19241.809 13260.000 -12.000 1
H 634602C9 634602CA 19241.809 13267.976 -12.000 19241.809 13262.024 -12.000 1
O 634602C9 634602D8 19241.809 13270.000 -12.000 19245.832 13270.000 -12.000 0
M 634602C9 634602C9 19241.809 13270.000 -12.000 19243.309 13270.000 -12.000 0
W 634602CA 634602CB 19241.809 13260.000 -12.000 19238.000 13250.000 -12.000 1
H 634602CA 634602CB 19241.025 13257.946 -12.000 19238.783 13252.054 -12.000 1
O 634602CA 634602DD 19241.809 13260.000 -12.000 19245.832 13260.000 -12.000 0
M 634602CA 634602CA 19241.809 13260.000 -12.000 19243.309 13260.000 -12.000 0
O 634602CB 634602E2 19238.000 13250.000 -12.000 19246.941 13251.058 -12.000 0
O 634602CB 634602E4 19238.000 13250.000 -12.000 19243.990 13250.000 -12.000 0
M 634602CB 634602CB 19238.000 13250.000 -12.000 19239.500 13250.000 -12.000 0
M 634602CC 634602CC 19237.334 13232.667 -11.000 19238.834 13232.667 -11.000 0
M 634602CD 634602CD 19237.334 13217.333 -11.000 19238.834 13217.333 -11.000 0
O 634602CE 634602CF 19248.000 13296.189 -12.000 19246.555 13290.000 -12.000 0
M 634602CE 634602CE 19248.000 13296.189 -12.000 19249.500 13296.189 -12.000 0
O 634602CF 634602D0 19246.555 13290.000 -12.000 19248.000 13285.332 -12.000 0
O 634602CF 634602D1 19246.555 13290.000 -12.000 19248.000 13294.668 -12.000 0
O 634602CF 634602D2 19246.555 13290.000 -12.000 19243.332 13290.000 -12.000 0
O 634602CF 634602D6 19246.555 13290.000 -12.000 19248.000 13284.668 -12.000 0
M 634602CF 634602CF 19246.555 13290.000 -12.000 19248.055 13290.000 -12.000 0
O 634602D0 634602D1 19248.000 13285.332 -12.000 19248.000 13294.668 -12.000 0
O 634602D0 634602D2 19248.000 13285.332 -12.000 19243.332 13290.000 -12.000 0
O 634602D0 634602D3 19248.000 13285.332 -12.000 19245.832 13280.000 -12.000 0
M 634602D0 634602D0 19248.000 13285.332 -12.000 19249.500 13285.332 -12.000 0
O 634602D1 634602D2 19248.000 13294.668 -12.000 19243.332 13290.000 -12.000 0
M 634602D1 634602D1 19248.000 13294.668 -12.000 19249.500 13294.668 -12.000 0
M 634602D2 634602D2 19243.332 13290.000 -12.000 19244.832 13290.000 -12.000 0
O 634602D3 634602D4 19245.832 13280.000 -12.000 19248.000 13275.332 -12.000 0
O 634602D3 634602D5 19245.832 13280.000 -12.000 19252.668 13280.000 -12.000 0
O 634602D3 634602D6 19245.832 13280.000 -12.000 19248.000 13284.668 -12.000 0
O 634602D3 634602D7 19245.832 13280.000 -12.000 19243.332 13280.000 -12.000 0
O 634602D3 634602DB 19245.832 13280.000 -12.000 19248.000 13274.668 -12.000 0
O 634602D3 634602E5 19245.832 13280.000 -12.000 19254.191 13280.000 -12.000 0
M 634602D3 634602D3 19245.832 13280.000 -12.000 19247.332 13280.000 -12.000 0
O 634602D4 634602D5 19248.000 13275.332 -12.000 19252.668 13280.000 -12.000 0
O 634602D4 634602D6 19248.000 13275.332 -12.000 19248.000 13284.668 -12.000 0
O 634602D4 634602D7 19248.000 13275.332 -12.000 19243.332 13280.000 -12.000 0
O 634602D4 634602D8 19248.000 13275.332 -12.000 19245.832 13270.000 -12.000 0
M 634602D4 634602D4 19248.000 13275.332 -12.000 19249.500 13275.332 -12.000 0
O 634602D5 634602D6 19252.668 13280.000 -12.000 19248.000 13284.668 -12.000 0
O 634602D5 634602D7 19252.668 13280.000 -12.000 19243.332 13280.000 -12.000 0
M 634602D5 634602D5 19252.668 13280.000 -12.000 19254.168 13280.000 -12.000 0
O 634602D6 634602D7 19248.000 13284.668 -12.000 19243.332 13280.000 -12.000 0
M 634602D6 634602D6 19248.000 13284.668 -12.000 19249.500 13284.668 -12.000 0
M 634602D7 634602D7 19243.332 13280.000 -12.000 19244.832 13280.000 -12.000 0
O 634602D8 634602D9 19245.832 13270.000 -12.000 19248.000 13265.332 -12.000 0
O 634602D8 634602DA 19245.832 13270.000 -12.000 19252.668 13270.000 -12.000 0
O 634602D8 634602DB 19245.832 13270.000 -12.000 19248.000 13274.668 -12.000 0
O 634602D8 634602DC 19245.832 13270.000 -12.000 19243.332 13270.000 -12.000 0
O 634602D8 634602E0 19245.832 13270.000 -12.000 19248.000 13264.668 -12.000 0
O 634602D8 634602E6 19245.832 13270.000 -12.000 19254.191 13270.000 -12.000 0
M 634602D8 634602D8 19245.832 13270.000 -12.000 19247.332 13270.000 -12.000 0
O 634602D9 634602DA 19248.000 13265.332 -12.000 19252.668 13270.000 -12.000 0
O 634602D9 634602DB 19248.000 13265.332 -12.000 19248.000 13274.668 -12.000 0
O 634602D9 634602DC 19248.000 13265.332 -12.000 19243.332 13270.000 -12.000 0
O 634602D9 634602DD 19248.000 13265.332 -12.000 19245.832 13260.000 -12.000 0
M 634602D9 634602D9 19248.000 13265.332 -12.000 19249.500 13265.332 -12.000 0
O 634602DA 634602DB 19252.668 13270.000 -12.000 19248.000 13274.668 -12.000 0
O 634602DA 634602DC 19252.668 13270.000 -12.000 19243.332 13270.000 -12.000 0
M 634602DA 634602DA 19252.668 13270.000 -12.000 19254.168 13270.000 -12.000 0
O 634602DB 634602DC 19248.000 13274.668 -12.000 19243.332 13270.000 -12.000 0
M 634602DB 634602DB 19248.000 13274.668 -12.000 19249.500 13274.668 -12.000 0
M 634602DC 634602DC 19243.332 13270.000 -12.000 19244.832 13270.000 -12.000 0
O 634602DD 634602DE 19245.832 13260.000 -12.000 19248.000 13255.332 -12.000 0
O 634602DD 634602DF 19245.832 13260.000 -12.000 19252.668 13260.000 -12.000 0
O 634602DD 634602E0 19245.832 13260.000 -12.000 19248.000 13264.668 -12.000 0
O 634602DD 634602E1 19245.832 13260.000 -12.000 19243.332 13260.000 -12.000 0
O 634602DD 634602E3 19245.832 13260.000 -12.000 19248.000 13254.010 -12.000 0
O 634602DD 634602E7 19245.832 13260.000 -12.000 19254.191 13260.000 -12.000 0
M 634602DD 634602DD 19245.832 13260.000 -12.000 19247.332 13260.000 -12.000 0
O 634602DE 634602DF 19248.000 13255.332 -12.000 19252.668 13260.000 -12.000 0
O 634602DE 634602E0 19248.000 13255.332 -12.000 19248.000 13264.668 -12.000 0
O 634602DE 634602E1 19248.000 13255.332 -12.000 19243.332 13260.000 -12.000 0
O 634602DE 634602E2 19248.000 13255.332 -12.000 19246.941 13251.058 -12.000 0
M 634602DE 634602DE 19248.000 13255.332 -12.000 19249.500 13255.332 -12.000 0
O 634602DF 634602E0 19252.668 13260.000 -12.000 19248.000 13264.668 -12.000 0
O 634602DF 634602E1 19252.668 13260.000 -12.000 19243.332 13260.000 -12.000 0
M 634602DF 634602DF 19252.668 13260.000 -12.000 19254.168 13260.000 -12.000 0
O 634602E0 634602E1 19248.000 13264.668 -12.000 19243.332 13260.000 -12.000 0
M 634602E0 634602E0 19248.000 13264.668 -12.000 19249.500 13264.668 -12.000 0
M 634602E1 634602E1 19243.332 13260.000 -12.000 19244.832 13260.000 -12.000 0
O 634602E2 634602E3 19246.941 13251.058 -12.000 19248.000 13254.010 -12.000 0
O 634602E2 634602E4 19246.941 13251.058 -12.000 19243.990 13250.000 -12.000 0
M 634602E2 634602E2 19246.941 13251.058 -12.000 19248.441 13251.058 -12.000 0
O 634602E3 634602E4 19248.000 13254.010 -12.000 19243.990 13250.000 -12.000 0
M 634602E3 634602E3 19248.000 13254.010 -12.000 19249.500 13254.010 -12.000 0
M 634602E4 634602E4 19243.990 13250.000 -12.000 19245.490 13250.000 -12.000 0
W 634602E5 634602E6 19254.191 13280.000 -12.000 19254.191 13270.000 -12.000 1
H 634602E5 634602E6 19254.191 13277.976 -12.000 19254.191 13272.024 -12.000 1
M 634602E5 634602E5 19254.191 13280.000 -12.000 19255.691 13280.000 -12.000 0
W 634602E6 634602E7 19254.191 13270.000 -12.000 19254.191 13260.000 -12.000 1
H 634602E6 634602E7 19254.191 13267.976 -12.000 19254.191 13262.024 -12.000 1
M 634602E6 634602E6 19254.191 13270.000 -12.000 19255.691 13270.000 -12.000 0
M 634602E7 634602E7 19254.191 13260.000 -12.000 19255.691 13260.000 -12.000 0
M 634602E8 634602E8 19104.250 13280.002 -11.250 19105.750 13280.002 -11.250 0
O 634602E9 634602EA 19118.000 13278.555 -6.000 19122.668 13280.000 -6.000 0
O 634602E9 634602EB 19118.000 13278.555 -6.000 19113.332 13280.000 -6.000 0
O 634602E9 634602EC 19118.000 13278.555 -6.000 19118.000 13275.332 -6.000 0
O 634602E9 634602ED 19118.000 13278.555 -6.000 19118.000 13273.811 -6.000 0
O 634602E9 634602F4 19118.000 13278.555 -6.000 19123.332 13280.000 -6.000 0
M 634602E9 634602E9 19118.000 13278.555 -6.000 19119.500 13278.555 -6.000 0
O 634602EA 634602EB 19122.668 13280.000 -6.000 19113.332 13280.000 -6.000 0
O 634602EA 634602EC 19122.668 13280.000 -6.000 19118.000 13275.332 -6.000 0
O 634602EA 634602F0 19122.668 13280.000 -6.000 19130.168 13280.000 -6.000 0
M 634602EA 634602EA 19122.668 13280.000 -6.000 19124.168 13280.000 -6.000 0
O 634602EB 634602EC 19113.332 13280.000 -6.000 19118.000 13275.332 -6.000 0
M 634602EB 634602EB 19113.332 13280.000 -6.000 19114.832 13280.000 -6.000 0
W 634602EC 634602F5 19118.000 13275.332 -6.000 19129.445 13270.000 -6.000 1
H 634602EC 634602F5 19120.066 13274.369 -6.000 19125.932 13271.637 -6.000 1
W 634602EC 634602F7 19118.000 13275.332 -6.000 19128.000 13265.332 -6.000 1
H 634602EC 634602F7 19120.156 13273.176 -6.000 19125.842 13267.489 -6.000 1
W 634602EC 634602FB 19118.000 13275.332 -6.000 19128.000 13264.668 -6.000 1
H 634602EC 634602FB 19120.166 13273.021 -6.000 19125.832 13266.979 -6.000 1
M 634602EC 634602EC 19118.000 13275.332 -6.000 19119.500 13275.332 -6.000 0
W 634602ED 634602F5 19118.000 13273.811 -6.000 19129.445 13270.000 -6.000 1
H 634602ED 634602F5 19120.047 13273.129 -6.000 19125.951 13271.163 -6.000 1
W 634602ED 634602F6 19118.000 13273.811 -6.000 19128.000 13274.668 -6.000 1
H 634602ED 634602F6 19120.025 13273.984 -6.000 19125.973 13274.494 -6.000 1
W 634602ED 634602F7 19118.000 13273.811 -6.000 19128.000 13265.332 -6.000 1
H 634602ED 634602F7 19119.510 13272.530 -6.000 19125.867 13267.140 -6.000 1
W 634602ED 634602FB 19118.000 13273.811 -6.000 19128.000 13264.668 -6.000 1
H 634602ED 634602FB 19119.439 13272.494 -6.000 19125.855 13266.628 -6.000 1
W 634602ED 634602FC 19118.000 13273.811 -6.000 19123.332 13260.000 -6.000 1
H 634602ED 634602FC 19118.609 13272.229 -6.000 19122.512 13262.124 -6.000 1
M 634602ED 634602ED 19118.000 13273.811 -6.000 19119.500 13273.811 -6.000 0
M 634602EE 634602EE 19114.250 13260.002 -11.250 19115.750 13260.002 -11.250 0
O 634602EF 634602F0 19128.000 13286.189 -6.000 19130.168 13280.000 -6.000 0
W 634602EF 63460302 19128.000 13286.189 -6.000 19141.809 13290.000 -6.000 1
H 634602EF 63460302 19130.041 13286.753 -6.000 19140.244 13289.568 -6.000 1
M 634602EF 634602EF 19128.000 13286.189 -6.000 19129.500 13286.189 -6.000 0
O 634602F0 634602F1 19130.168 13280.000 -6.000 19128.000 13275.332 -6.000 0
O 634602F0 634602F2 19130.168 13280.000 -6.000 19132.668 13280.000 -6.000 0
O 634602F0 634602F3 19130.168 13280.000 -6.000 19128.000 13284.668 -6.000 0
O 634602F0 634602F4 19130.168 13280.000 -6.000 19123.332 13280.000 -6.000 0
O 634602F0 634602F6 19130.168 13280.000 -6.000 19128.000 13274.668 -6.000 0
O 634602F0 63460303 19130.168 13280.000 -6.000 19134.191 13280.000 -6.000 0
M 634602F0 634602F0 19130.168 13280.000 -6.000 19131.668 13280.000 -6.000 0
O 634602F1 634602F2 19128.000 13275.332 -6.000 19132.668 13280.000 -6.000 0
O 634602F1 634602F3 19128.000 13275.332 -6.000 19128.000 13284.668 -6.000 0
O 634602F1 634602F4 19128.000 13275.332 -6.000 19123.332 13280.000 -6.000 0
O 634602F1 634602F5 19128.000 13275.332 -6.000 19129.445 13270.000 -6.000 0
M 634602F1 634602F1 19128.000 13275.332 -6.000 19129.500 13275.332 -6.000 0
O 634602F2 634602F3 19132.668 13280.000 -6.000 19128.000 13284.668 -6.000 0
O 634602F2 634602F4 19132.668 13280.000 -6.000 19123.332 13280.000 -6.000 0
W 634602F2 63460302 19132.668 13280.000 -6.000 19141.809 13290.000 -6.000 1
H 634602F2 63460302 19134.627 13282.143 -6.000 19140.492 13288.561 -6.000 1
W 634602F2 6346030C 19132.668 13280.000 -6.000 19143.332 13290.000 -6.000 1
H 634602F2 6346030C 19134.979 13282.167 -6.000 19141.021 13287.833 -6.000 1
M 634602F2 634602F2 19132.668 13280.000 -6.000 19134.168 13280.000 -6.000 0
O 634602F3 634602F4 19128.000 13284.668 -6.000 19123.332 13280.000 -6.000 0
W 634602F3 63460302 19128.000 13284.668 -6.000 19141.809 13290.000 -6.000 1
H 634602F3 63460302 19130.055 13285.462 -6.000 19140.229 13289.391 -6.000 1
M 634602F3 634602F3 19128.000 13284.668 -6.000 19129.500 13284.668 -6.000 0
M 634602F4 634602F4 19123.332 13280.000 -6.000 19124.832 13280.000 -6.000 0
O 634602F5 634602F6 19129.445 13270.000 -6.000 19128.000 13274.668 -6.000 0
O 634602F5 634602F7 19129.445 13270.000 -6.000 19128.000 13265.332 -6.000 0
O 634602F5 634602F8 19129.445 13270.000 -6.000 19132.668 13270.000 -6.000 0
O 634602F5 634602FB 19129.445 13270.000 -6.000 19128.000 13264.668 -6.000 0
M 634602F5 634602F5 19129.445 13270.000 -6.000 19130.945 13270.000 -6.000 0
O 634602F6 634602F7 19128.000 13274.668 -6.000 19128.000 13265.332 -6.000 0
O 634602F6 634602F8 19128.000 13274.668 -6.000 19132.668 13270.000 -6.000 0
M 634602F6 634602F6 19128.000 13274.668 -6.000 19129.500 13274.668 -6.000 0
O 634602F7 634602F8 19128.000 13265.332 -6.000 19132.668 13270.000 -6.000 0
O 634602F7 634602F9 19128.000 13265.332 -6.000 19126.555 13260.000 -6.000 0
M 634602F7 634602F7 19128.000 13265.332 -6.000 19129.500 13265.332 -6.000 0
M 634602F8 634602F8 19132.668 13270.000 -6.000 19134.168 13270.000 -6.000 0
O 634602F9 634602FA 19126.555 13260.000 -6.000 19128.000 13255.332 -6.000 0
O 634602F9 634602FB 19126.555 13260.000 -6.000 19128.000 13264.668 -6.000 0
O 634602F9 634602FC 19126.555 13260.000 -6.000 19123.332 13260.000 -6.000 0
O 634602F9 634602FD 19126.555 13260.000 -6.000 19128.000 13253.811 -6.000 0
M 634602F9 634602F9 19126.555 13260.000 -6.000 19128.055 13260.000 -6.000 0
O 634602FA 634602FB 19128.000 13255.332 -6.000 19128.000 13264.668 -6.000 0
O 634602FA 634602FC 19128.000 13255.332 -6.000 19123.332 13260.000 -6.000 0
M 634602FA 634602FA 19128.000 13255.332 -6.000 19129.500 13255.332 -6.000 0
O 634602FB 634602FC 19128.000 13264.668 -6.000 19123.332 13260.000 -6.000 0
M 634602FB 634602FB 19128.000 13264.668 -6.000 19129.500 13264.668 -6.000 0
M 634602FC 634602FC 19123.332 13260.000 -6.000 19124.832 13260.000 -6.000 0
M 634602FD 634602FD 19128.000 13253.811 -6.000 19129.500 13253.811 -6.000 0
M 634602FE 634602FE 19138.000 13313.750 -11.250 19139.500 13313.750 -11.250 0
O 634602FF 63460300 19139.059 13301.058 -6.000 19142.010 13300.000 -6.000 0
O 634602FF 63460301 19139.059 13301.058 -6.000 19138.000 13304.010 -6.000 0
W 634602FF 63460302 19139.059 13301.058 -6.000 19141.809 13290.000 -6.000 1
H 634602FF 63460302 19139.705 13298.458 -6.000 19141.303 13292.038 -6.000 1
O 634602FF 63460306 19139.059 13301.058 -6.000 19143.332 13300.000 -6.000 0
W 634602FF 6346030C 19139.059 13301.058 -6.000 19143.332 13290.000 -6.000 1
H 634602FF 6346030C 19140.148 13298.236 -6.000 19142.537 13292.055 -6.000 1
M 634602FF 634602FF 19139.059 13301.058 -6.000 19140.559 13301.058 -6.000 0
O 63460300 63460301 19142.010 13300.000 -6.000 19138.000 13304.010 -6.000 0
W 63460300 63460302 19142.010 13300.000 -6.000 19141.809 13290.000 -6.000 1
H 63460300 63460302 19141.969 13297.976 -6.000 19141.850 13292.024 -6.000 1
O 63460300 63460304 19142.010 13300.000 -6.000 19148.000 13298.555 -6.000 0
M 63460300 63460300 19142.010 13300.000 -6.000 19143.510 13300.000 -6.000 0
W 63460301 63460302 19138.000 13304.010 -6.000 19141.809 13290.000 -6.000 1
H 63460301 63460302 19139.486 13298.541 -6.000 19141.254 13292.040 -6.000 1
W 63460301 6346030C 19138.000 13304.010 -6.000 19143.332 13290.000 -6.000 1
H 63460301 6346030C 19140.205 13298.215 -6.000 19142.551 13292.054 -6.000 1
M 63460301 63460301 19138.000 13304.010 -6.000 19139.500 13304.010 -6.000 0
W 63460302 63460303 19141.809 13290.000 -6.000 19134.191 13280.000 -6.000 1
H 63460302 63460303 19140.582 13288.390 -6.000 19135.418 13281.610 -6.000 1
O 63460302 63460308 19141.809 13290.000 -6.000 19148.000 13286.683 -6.000 0
M 63460302 63460302 19141.809 13290.000 -6.000 19143.309 13290.000 -6.000 0
W 63460303 63460309 19134.191 13280.000 -6.000 19148.000 13285.332 -6.000 1
H 63460303 63460309 19135.771 13280.609 -6.000 19146.008 13284.562 -6.000 1
W 63460303 6346030C 19134.191 13280.000 -6.000 19143.332 13290.000 -6.000 1
H 63460303 6346030C 19135.508 13281.439 -6.000 19141.373 13287.857 -6.000 1
M 63460303 63460303 19134.191 13280.000 -6.000 19135.691 13280.000 -6.000 0
O 63460304 63460305 19148.000 13298.555 -6.000 19152.668 13300.000 -6.000 0
O 63460304 63460306 19148.000 13298.555 -6.000 19143.332 13300.000 -6.000 0
O 63460304 63460307 19148.000 13298.555 -6.000 19148.000 13295.332 -6.000 0
O 63460304 6346030B 19148.000 13298.555 -6.000 19148.000 13294.668 -6.000 0
O 63460304 63460310 19148.000 13298.555 -6.000 19153.990 13300.000 -6.000 0
M 63460304 63460304 19148.000 13298.555 -6.000 19149.500 13298.555 -6.000 0
O 63460305 63460306 19152.668 13300.000 -6.000 19143.332 13300.000 -6.000 0
O 63460305 63460307 19152.668 13300.000 -6.000 19148.000 13295.332 -6.000 0
O 63460305 6346030E 19152.668 13300.000 -6.000 19156.941 13301.058 -6.000 0
M 63460305 63460305 19152.668 13300.000 -6.000 19154.168 13300.000 -6.000 0
O 63460306 63460307 19143.332 13300.000 -6.000 19148.000 13295.332 -6.000 0
M 63460306 63460306 19143.332 13300.000 -6.000 19144.832 13300.000 -6.000 0
O 63460307 63460308 19148.000 13295.332 -6.000 19148.000 13286.683 -6.000 0
M 63460307 63460307 19148.000 13295.332 -6.000 19149.500 13295.332 -6.000 0
O 63460308 6346030A 19148.000 13286.683 -6.000 19152.668 13290.000 -6.000 0
O 63460308 6346030B 19148.000 13286.683 -6.000 19148.000 13294.668 -6.000 0
O 63460308 6346030C 19148.000 13286.683 -6.000 19143.332 13290.000 -6.000 0
O 63460308 63460311 19148.000 13286.683 -6.000 19154.191 13290.000 -6.000 0
M 63460308 63460308 19148.000 13286.683 -6.000 19149.500 13286.683 -6.000 0
O 63460309 6346030A 19148.000 13285.332 -6.000 19152.668 13290.000 -6.000 0
O 63460309 6346030B 19148.000 13285.332 -6.000 19148.000 13294.668 -6.000 0
O 63460309 6346030C 19148.000 13285.332 -6.000 19143.332 13290.000 -6.000 0
M 63460309 63460309 19148.000 13285.332 -6.000 19149.500 13285.332 -6.000 0
O 6346030A 6346030B 19152.668 13290.000 -6.000 19148.000 13294.668 -6.000 0
O 6346030A 6346030C 19152.668 13290.000 -6.000 19143.332 13290.000 -6.000 0
W 6346030A 6346030E 19152.668 13290.000 -6.000 19156.941 13301.058 -6.000 1
H 6346030A 6346030E 19153.463 13292.055 -6.000 19155.852 13298.236 -6.000 1
W 6346030A 6346030F 19152.668 13290.000 -6.000 19158.000 13304.010 -6.000 1
H 6346030A 6346030F 19153.449 13292.054 -6.000 19155.795 13298.215 -6.000 1
M 6346030A 6346030A 19152.668 13290.000 -6.000 19154.168 13290.000 -6.000 0
O 6346030B 6346030C 19148.000 13294.668 -6.000 19143.332 13290.000 -6.000 0
M 6346030B 6346030B 19148.000 13294.668 -6.000 19149.500 13294.668 -6.000 0
M 6346030C 6346030C 19143.332 13290.000 -6.000 19144.832 13290.000 -6.000 0
M 6346030D 6346030D 19158.000 13313.750 -11.250 19159.500 13313.750 -11.250 0
O 6346030E 6346030F 19156.941 13301.058 -6.000 19158.000 13304.010 -6.000 0
O 6346030E 63460310 19156.941 13301.058 -6.000 19153.990 13300.000 -6.000 0
W 6346030E 63460311 19156.941 13301.058 -6.000 19154.191 13290.000 -6.000 1
H 6346030E 63460311 19156.295 13298.458 -6.000 19154.697 13292.038 -6.000 1
M 6346030E 6346030E 19156.941 13301.058 -6.000 19158.441 13301.058 -6.000 0
O 6346030F 63460310 19158.000 13304.010 -6.000 19153.990 13300.000 -6.000 0
W 6346030F 63460311 19158.000 13304.010 -6.000 19154.191 13290.000 -6.000 1
H 6346030F 63460311 19156.514 13298.541 -6.000 19154.746 13292.040 -6.000 1
M 6346030F 6346030F 19158.000 13304.010 -6.000 19159.500 13304.010 -6.000 0
W 63460310 63460311 19153.990 13300.000 -6.000 19154.191 13290.000 -6.000 1
H 63460310 63460311 19154.031 13297.976 -6.000 19154.150 13292.024 -6.000 1
M 63460310 63460310 19153.990 13300.000 -6.000 19155.490 13300.000 -6.000 0
M 63460311 63460311 19154.191 13290.000 -6.000 19155.691 13290.000 -6.000 0
W 63460312 63460313 19171.809 13280.000 -6.000 19168.000 13270.000 -6.000 1
H 63460312 63460313 19171.025 13277.946 -6.000 19168.783 13272.054 -6.000 1
O 63460312 63460318 19171.809 13280.000 -6.000 19175.832 13280.000 -6.000 0
M 63460312 63460312 19171.809 13280.000 -6.000 19173.309 13280.000 -6.000 0
W 63460313 63460314 19168.000 13270.000 -6.000 19171.809 13260.000 -6.000 1
H 63460313 63460314 19168.783 13267.946 -6.000 19171.025 13262.054 -6.000 1
O 63460313 6346031D 19168.000 13270.000 -6.000 19176.555 13270.000 -6.000 0
O 63460313 63460320 19168.000 13270.000 -6.000 19173.332 13270.000 -6.000 0
M 63460313 63460313 19168.000 13270.000 -6.000 19169.500 13270.000 -6.000 0
O 63460314 63460321 19171.809 13260.000 -6.000 19175.832 13260.000 -6.000 0
M 63460314 63460314 19171.809 13260.000 -6.000 19173.309 13260.000 -6.000 0
O 63460315 63460316 19179.059 13288.942 -6.000 19178.000 13285.990 -6.000 0
O 63460315 63460317 19179.059 13288.942 -6.000 19182.010 13290.000 -6.000 0
O 63460315 6346031B 19179.059 13288.942 -6.000 19178.000 13284.668 -6.000 0
O 63460315 63460329 19179.059 13288.942 -6.000 19188.000 13290.000 -6.000 0
M 63460315 63460315 19179.059 13288.942 -6.000 19180.559 13288.942 -6.000 0
O 63460316 63460317 19178.000 13285.990 -6.000 19182.010 13290.000 -6.000 0
O 63460316 63460318 19178.000 13285.990 -6.000 19175.832 13280.000 -6.000 0
M 63460316 63460316 19178.000 13285.990 -6.000 19179.500 13285.990 -6.000 0
O 63460317 63460329 19182.010 13290.000 -6.000 19188.000 13290.000 -6.000 0
O 63460317 63460332 19182.010 13290.000 -6.000 19193.332 13290.000 -6.000 0
M 63460317 63460317 19182.010 13290.000 -6.000 19183.510 13290.000 -6.000 0
O 63460318 63460319 19175.832 13280.000 -6.000 19178.000 13275.332 -6.000 0
O 63460318 6346031A 19175.832 13280.000 -6.000 19182.668 13280.000 -6.000 0
O 63460318 6346031B 19175.832 13280.000 -6.000 19178.000 13284.668 -6.000 0
O 63460318 6346031C 19175.832 13280.000 -6.000 19173.332 13280.000 -6.000 0
O 63460318 6346031F 19175.832 13280.000 -6.000 19178.000 13274.668 -6.000 0
O 63460318 6346032A 19175.832 13280.000 -6.000 19184.191 13280.000 -6.000 0
M 63460318 63460318 19175.832 13280.000 -6.000 19177.332 13280.000 -6.000 0
O 63460319 6346031A 19178.000 13275.332 -6.000 19182.668 13280.000 -6.000 0
O 63460319 6346031B 19178.000 13275.332 -6.000 19178.000 13284.668 -6.000 0
O 63460319 6346031C 19178.000 13275.332 -6.000 19173.332 13280.000 -6.000 0
O 63460319 6346031D 19178.000 13275.332 -6.000 19176.555 13270.000 -6.000 0
M 63460319 63460319 19178.000 13275.332 -6.000 19179.500 13275.332 -6.000 0
O 6346031A 6346031B 19182.668 13280.000 -6.000 19178.000 13284.668 -6.000 0
O 6346031A 6346031C 19182.668 13280.000 -6.000 19173.332 13280.000 -6.000 0
W 6346031A 63460332 19182.668 13280.000 -6.000 19193.332 13290.000 -6.000 1
H 6346031A 63460332 19184.979 13282.167 -6.000 19191.021 13287.833 -6.000 1
M 6346031A 6346031A 19182.668 13280.000 -6.000 19184.168 13280.000 -6.000 0
O 6346031B 6346031C 19178.000 13284.668 -6.000 19173.332 13280.000 -6.000 0
M 6346031B 6346031B 19178.000 13284.668 -6.000 19179.500 13284.668 -6.000 0
M 6346031C 6346031C 19173.332 13280.000 -6.000 19174.832 13280.000 -6.000 0
O 6346031D 6346031E 19176.555 13270.000 -6.000 19178.000 13265.332 -6.000 0
O 6346031D 6346031F 19176.555 13270.000 -6.000 19178.000 13274.668 -6.000 0
O 6346031D 63460320 19176.555 13270.000 -6.000 19173.332 13270.000 -6.000 0
O 6346031D 63460324 19176.555 13270.000 -6.000 19178.000 13264.668 -6.000 0
M 6346031D 6346031D 19176.555 13270.000 -6.000 19178.055 13270.000 -6.000 0
O 6346031E 6346031F 19178.000 13265.332 -6.000 19178.000 13274.668 -6.000 0
O 6346031E 63460320 19178.000 13265.332 -6.000 19173.332 13270.000 -6.000 0
O 6346031E 63460321 19178.000 13265.332 -6.000 19175.832 13260.000 -6.000 0
M 6346031E 6346031E 19178.000 13265.332 -6.000 19179.500 13265.332 -6.000 0
O 6346031F 63460320 19178.000 13274.668 -6.000 19173.332 13270.000 -6.000 0
M 6346031F 6346031F 19178.000 13274.668 -6.000 19179.500 13274.668 -6.000 0
M 63460320 63460320 19173.332 13270.000 -6.000 19174.832 13270.000 -6.000 0
O 63460321 63460322 19175.832 13260.000 -6.000 19178.000 13255.332 -6.000 0
O 63460321 63460323 19175.832 13260.000 -6.000 19182.668 13260.000 -6.000 0
O 63460321 63460324 19175.832 13260.000 -6.000 19178.000 13264.668 -6.000 0
O 63460321 63460325 19175.832 13260.000 -6.000 19173.332 13260.000 -6.000 0
O 63460321 63460328 19175.832 13260.000 -6.000 19178.000 13254.010 -6.000 0
O 63460321 6346032B 19175.832 13260.000 -6.000 19184.191 13260.000 -6.000 0
M 63460321 63460321 19175.832 13260.000 -6.000 19177.332 13260.000 -6.000 0
O 63460322 63460323 19178.000 13255.332 -6.000 19182.668 13260.000 -6.000 0
O 63460322 63460324 19178.000 13255.332 -6.000 19178.000 13264.668 -6.000 0
O 63460322 63460325 19178.000 13255.332 -6.000 19173.332 13260.000 -6.000 0
O 63460322 63460326 19178.000 13255.332 -6.000 19179.059 13251.058 -6.000 0
M 63460322 63460322 19178.000 13255.332 -6.000 19179.500 13255.332 -6.000 0
O 63460323 63460324 19182.668 13260.000 -6.000 19178.000 13264.668 -6.000 0
O 63460323 63460325 19182.668 13260.000 -6.000 19173.332 13260.000 -6.000 0
W 63460323 63460339 19182.668 13260.000 -6.000 19193.332 13250.000 -6.000 1
H 63460323 63460339 19184.979 13257.833 -6.000 19191.021 13252.167 -6.000 1
M 63460323 63460323 19182.668 13260.000 -6.000 19184.168 13260.000 -6.000 0
O 63460324 63460325 19178.000 13264.668 -6.000 19173.332 13260.000 -6.000 0
M 63460324 63460324 19178.000 13264.668 -6.000 19179.500 13264.668 -6.000 0
M 63460325 63460325 19173.332 13260.000 -6.000 19174.832 13260.000 -6.000 0
O 63460326 63460327 19179.059 13251.058 -6.000 19182.010 13250.000 -6.000 0
O 63460326 63460328 19179.059 13251.058 -6.000 19178.000 13254.010 -6.000 0
O 63460326 6346032C 19179.059 13251.058 -6.000 19188.000 13250.000 -6.000 0
M 63460326 63460326 19179.059 13251.058 -6.000 19180.559 13251.058 -6.000 0
O 63460327 63460328 19182.010 13250.000 -6.000 19178.000 13254.010 -6.000 0
O 63460327 6346032C 19182.010 13250.000 -6.000 19188.000 13250.000 -6.000 0
O 63460327 63460339 19182.010 13250.000 -6.000 19193.332 13250.000 -6.000 0
M 63460327 63460327 19182.010 13250.000 -6.000 19183.510 13250.000 -6.000 0
M 63460328 63460328 19178.000 13254.010 -6.000 19179.500 13254.010 -6.000 0
W 63460329 6346032A 19188.000 13290.000 -6.000 19184.191 13280.000 -6.000 1
H 63460329 6346032A 19187.217 13287.946 -6.000 19184.975 13282.054 -6.000 1
O 63460329 6346032E 19188.000 13290.000 -6.000 19198.000 13293.317 -6.000 0
O 63460329 63460332 19188.000 13290.000 -6.000 19193.332 13290.000 -6.000 0
M 63460329 63460329 19188.000 13290.000 -6.000 19189.500 13290.000 -6.000 0
W 6346032A 6346032F 19184.191 13280.000 -6.000 19198.000 13285.332 -6.000 1
H 6346032A 6346032F 19185.771 13280.609 -6.000 19195.945 13284.538 -6.000 1
W 6346032A 63460332 19184.191 13280.000 -6.000 19193.332 13290.000 -6.000 1
H 6346032A 63460332 19185.508 13281.439 -6.000 19191.373 13287.857 -6.000 1
W 6346032A 63460333 19184.191 13280.000 -6.000 19198.000 13283.811 -6.000 1
H 6346032A 63460333 19185.756 13280.432 -6.000 19195.959 13283.247 -6.000 1
M 6346032A 6346032A 19184.191 13280.000 -6.000 19185.691 13280.000 -6.000 0
W 6346032B 6346032C 19184.191 13260.000 -6.000 19188.000 13250.000 -6.000 1
H 6346032B 6346032C 19184.975 13257.946 -6.000 19187.217 13252.054 -6.000 1
W 6346032B 63460334 19184.191 13260.000 -6.000 19198.000 13256.189 -6.000 1
H 6346032B 63460334 19185.756 13259.568 -6.000 19195.959 13256.753 -6.000 1
W 6346032B 63460338 19184.191 13260.000 -6.000 19198.000 13254.668 -6.000 1
H 6346032B 63460338 19185.771 13259.391 -6.000 19195.945 13255.462 -6.000 1
W 6346032B 63460339 19184.191 13260.000 -6.000 19193.332 13250.000 -6.000 1
H 6346032B 63460339 19185.508 13258.561 -6.000 19191.373 13252.143 -6.000 1
M 6346032B 6346032B 19184.191 13260.000 -6.000 19185.691 13260.000 -6.000 0
O 6346032C 63460335 19188.000 13250.000 -6.000 19200.168 13250.000 -6.000 0
O 6346032C 63460339 19188.000 13250.000 -6.000 19193.332 13250.000 -6.000 0
M 6346032C 6346032C 19188.000 13250.000 -6.000 19189.500 13250.000 -6.000 0
O 6346032D 6346032E 19198.000 13296.189 -6.000 19198.000 13293.317 -6.000 0
W 6346032D 6346033B 19198.000 13296.189 -6.000 19208.000 13296.189 -6.000 1
H 6346032D 6346033B 19200.025 13296.189 -6.000 19205.975 13296.189 -6.000 1
M 6346032D 6346032D 19198.000 13296.189 -6.000 19199.500 13296.189 -6.000 0
O 6346032E 6346032F 19198.000 13293.317 -6.000 19198.000 13285.332 -6.000 0
O 6346032E 63460330 19198.000 13293.317 -6.000 19202.668 13290.000 -6.000 0
O 6346032E 63460332 19198.000 13293.317 -6.000 19193.332 13290.000 -6.000 0
O 6346032E 63460333 19198.000 13293.317 -6.000 19198.000 13283.811 -6.000 0
O 6346032E 63460340 19198.000 13293.317 -6.000 19203.332 13290.000 -6.000 0
M 6346032E 6346032E 19198.000 13293.317 -6.000 19199.500 13293.317 -6.000 0
O 6346032F 63460330 19198.000 13285.332 -6.000 19202.668 13290.000 -6.000 0
O 6346032F 63460331 19198.000 13285.332 -6.000 19198.000 13294.668 -6.000 0
O 6346032F 63460332 19198.000 13285.332 -6.000 19193.332 13290.000 -6.000 0
M 6346032F 6346032F 19198.000 13285.332 -6.000 19199.500 13285.332 -6.000 0
O 63460330 63460331 19202.668 13290.000 -6.000 19198.000 13294.668 -6.000 0
O 63460330 63460332 19202.668 13290.000 -6.000 19193.332 13290.000 -6.000 0
O 63460330 6346033C 19202.668 13290.000 -6.000 19208.000 13286.683 -6.000 0
M 63460330 63460330 19202.668 13290.000 -6.000 19204.168 13290.000 -6.000 0
O 63460331 63460332 19198.000 13294.668 -6.000 19193.332 13290.000 -6.000 0
M 63460331 63460331 19198.000 13294.668 -6.000 19199.500 13294.668 -6.000 0
M 63460332 63460332 19193.332 13290.000 -6.000 19194.832 13290.000 -6.000 0
W 63460333 63460341 19198.000 13283.811 -6.000 19208.000 13283.811 -6.000 1
H 63460333 63460341 19200.025 13283.811 -6.000 19205.975 13283.811 -6.000 1
M 63460333 63460333 19198.000 13283.811 -6.000 19199.500 13283.811 -6.000 0
O 63460334 63460335 19198.000 13256.189 -6.000 19200.168 13250.000 -6.000 0
W 63460334 63460342 19198.000 13256.189 -6.000 19208.000 13256.189 -6.000 1
H 63460334 63460342 19200.025 13256.189 -6.000 19205.975 13256.189 -6.000 1
M 63460334 63460334 19198.000 13256.189 -6.000 19199.500 13256.189 -6.000 0
O 63460335 63460336 19200.168 13250.000 -6.000 19198.000 13245.332 -6.000 0
O 63460335 63460337 19200.168 13250.000 -6.000 19202.668 13250.000 -6.000 0
O 63460335 63460338 19200.168 13250.000 -6.000 19198.000 13254.668 -6.000 0
O 63460335 63460339 19200.168 13250.000 -6.000 19193.332 13250.000 -6.000 0
O 63460335 6346033A 19200.168 13250.000 -6.000 19198.000 13243.811 -6.000 0
O 63460335 63460347 19200.168 13250.000 -6.000 19203.332 13250.000 -6.000 0
M 63460335 63460335 19200.168 13250.000 -6.000 19201.668 13250.000 -6.000 0
O 63460336 63460337 19198.000 13245.332 -6.000 19202.668 13250.000 -6.000 0
O 63460336 63460338 19198.000 13245.332 -6.000 19198.000 13254.668 -6.000 0
O 63460336 63460339 19198.000 13245.332 -6.000 19193.332 13250.000 -6.000 0
M 63460336 63460336 19198.000 13245.332 -6.000 19199.500 13245.332 -6.000 0
O 63460337 63460338 19202.668 13250.000 -6.000 19198.000 13254.668 -6.000 0
O 63460337 63460339 19202.668 13250.000 -6.000 19193.332 13250.000 -6.000 0
O 63460337 63460343 19202.668 13250.000 -6.000 19205.832 13250.000 -6.000 0
M 63460337 63460337 19202.668 13250.000 -6.000 19204.168 13250.000 -6.000 0
O 63460338 63460339 19198.000 13254.668 -6.000 19193.332 13250.000 -6.000 0
M 63460338 63460338 19198.000 13254.668 -6.000 19199.500 13254.668 -6.000 0
M 63460339 63460339 19193.332 13250.000 -6.000 19194.832 13250.000 -6.000 0
W 6346033A 63460348 19198.000 13243.811 -6.000 19208.000 13243.811 -6.000 1
H 6346033A 63460348 19200.025 13243.811 -6.000 19205.975 13243.811 -6.000 1
M 6346033A 6346033A 19198.000 13243.811 -6.000 19199.500 13243.811 -6.000 0
O 6346033B 6346033C 19208.000 13296.189 -6.000 19208.000 13286.683 -6.000 0
W 6346033B 63460349 19208.000 13296.189 -6.000 19218.000 13296.189 -6.000 1
H 6346033B 63460349 19210.025 13296.189 -6.000 19215.975 13296.189 -6.000 1
M 6346033B 6346033B 19208.000 13296.189 -6.000 19209.500 13296.189 -6.000 0
O 6346033C 6346033E 19208.000 13286.683 -6.000 19212.668 13290.000 -6.000 0
O 6346033C 6346033F 19208.000 13286.683 -6.000 19208.000 13294.668 -6.000 0
O 6346033C 63460340 19208.000 13286.683 -6.000 19203.332 13290.000 -6.000 0
O 6346033C 63460341 19208.000 13286.683 -6.000 19208.000 13283.811 -6.000 0
O 6346033C 6346034E 19208.000 13286.683 -6.000 19213.332 13290.000 -6.000 0
M 6346033C 6346033C 19208.000 13286.683 -6.000 19209.500 13286.683 -6.000 0
O 6346033D 6346033E 19208.000 13285.332 -6.000 19212.668 13290.000 -6.000 0
O 6346033D 6346033F 19208.000 13285.332 -6.000 19208.000 13294.668 -6.000 0
O 6346033D 63460340 19208.000 13285.332 -6.000 19203.332 13290.000 -6.000 0
M 6346033D 6346033D 19208.000 13285.332 -6.000 19209.500 13285.332 -6.000 0
O 6346033E 6346033F 19212.668 13290.000 -6.000 19208.000 13294.668 -6.000 0
O 6346033E 63460340 19212.668 13290.000 -6.000 19203.332 13290.000 -6.000 0
O 6346033E 6346034A 19212.668 13290.000 -6.000 19215.832 13290.000 -6.000 0
M 6346033E 6346033E 19212.668 13290.000 -6.000 19214.168 13290.000 -6.000 0
O 6346033F 63460340 19208.000 13294.668 -6.000 19203.332 13290.000 -6.000 0
M 6346033F 6346033F 19208.000 13294.668 -6.000 19209.500 13294.668 -6.000 0
M 63460340 63460340 19203.332 13290.000 -6.000 19204.832 13290.000 -6.000 0
W 63460341 6346034F 19208.000 13283.811 -6.000 19218.000 13283.811 -6.000 1
H 63460341 6346034F 19210.025 13283.811 -6.000 19215.975 13283.811 -6.000 1
M 63460341 63460341 19208.000 13283.811 -6.000 19209.500 13283.811 -6.000 0
O 63460342 63460343 19208.000 13256.189 -6.000 19205.832 13250.000 -6.000 0
W 63460342 63460350 19208.000 13256.189 -6.000 19218.000 13256.189 -6.000 1
H 63460342 63460350 19210.025 13256.189 -6.000 19215.975 13256.189 -6.000 1
M 63460342 63460342 19208.000 13256.189 -6.000 19209.500 13256.189 -6.000 0
O 63460343 63460344 19205.832 13250.000 -6.000 19208.000 13245.332 -6.000 0
O 63460343 63460345 19205.832 13250.000 -6.000 19212.668 13250.000 -6.000 0
O 63460343 63460346 19205.832 13250.000 -6.000 19208.000 13254.668 -6.000 0
O 63460343 63460347 19205.832 13250.000 -6.000 19203.332 13250.000 -6.000 0
O 63460343 63460348 19205.832 13250.000 -6.000 19208.000 13243.811 -6.000 0
O 63460343 63460355 19205.832 13250.000 -6.000 19213.332 13250.000 -6.000 0
M 63460343 63460343 19205.832 13250.000 -6.000 19207.332 13250.000 -6.000 0
O 63460344 63460345 19208.000 13245.332 -6.000 19212.668 13250.000 -6.000 0
O 63460344 63460346 19208.000 13245.332 -6.000 19208.000 13254.668 -6.000 0
O 63460344 63460347 19208.000 13245.332 -6.000 19203.332 13250.000 -6.000 0
M 63460344 63460344 19208.000 13245.332 -6.000 19209.500 13245.332 -6.000 0
O 63460345 63460346 19212.668 13250.000 -6.000 19208.000 13254.668 -6.000 0
O 63460345 63460347 19212.668 13250.000 -6.000 19203.332 13250.000 -6.000 0
O 63460345 63460351 19212.668 13250.000 -6.000 19215.832 13250.000 -6.000 0
M 63460345 63460345 19212.668 13250.000 -6.000 19214.168 13250.000 -6.000 0
O 63460346 63460347 19208.000 13254.668 -6.000 19203.332 13250.000 -6.000 0
M 63460346 63460346 19208.000 13254.668 -6.000 19209.500 13254.668 -6.000 0
M 63460347 63460347 19203.332 13250.000 -6.000 19204.832 13250.000 -6.000 0
W 63460348 63460356 19208.000 13243.811 -6.000 19218.000 13243.811 -6.000 1
H 63460348 63460356 19210.025 13243.811 -6.000 19215.975 13243.811 -6.000 1
M 63460348 63460348 19208.000 13243.811 -6.000 19209.500 13243.811 -6.000 0
O 63460349 6346034A 19218.000 13296.189 -6.000 19215.832 13290.000 -6.000 0
M 63460349 63460349 19218.000 13296.189 -6.000 19219.500 13296.189 -6.000 0
O 6346034A 6346034B 19215.832 13290.000 -6.000 19218.000 13285.332 -6.000 0
O 6346034A 6346034C 19215.832 13290.000 -6.000 19222.668 13290.000 -6.000 0
O 6346034A 6346034D 19215.832 13290.000 -6.000 19218.000 13294.668 -6.000 0
O 6346034A 6346034E 19215.832 13290.000 -6.000 19213.332 13290.000 -6.000 0
O 6346034A 6346034F 19215.832 13290.000 -6.000 19218.000 13283.811 -6.000 0
O 6346034A 6346035C 19215.832 13290.000 -6.000 19223.332 13290.000 -6.000 0
M 6346034A 6346034A 19215.832 13290.000 -6.000 19217.332 13290.000 -6.000 0
O 6346034B 6346034C 19218.000 13285.332 -6.000 19222.668 13290.000 -6.000 0
O 6346034B 6346034D 19218.000 13285.332 -6.000 19218.000 13294.668 -6.000 0
O 6346034B 6346034E 19218.000 13285.332 -6.000 19213.332 13290.000 -6.000 0
M 6346034B 6346034B 19218.000 13285.332 -6.000 19219.500 13285.332 -6.000 0
O 6346034C 6346034D 19222.668 13290.000 -6.000 19218.000 13294.668 -6.000 0
O 6346034C 6346034E 19222.668 13290.000 -6.000 19213.332 13290.000 -6.000 0
O 6346034C 63460358 19222.668 13290.000 -6.000 19228.000 13293.317 -6.000 0
M 6346034C 6346034C 19222.668 13290.000 -6.000 19224.168 13290.000 -6.000 0
O 6346034D 6346034E 19218.000 13294.668 -6.000 19213.332 13290.000 -6.000 0
M 6346034D 6346034D 19218.000 13294.668 -6.000 19219.500 13294.668 -6.000 0
M 6346034E 6346034E 19213.332 13290.000 -6.000 19214.832 13290.000 -6.000 0
W 6346034F 6346035D 19218.000 13283.811 -6.000 19228.000 13283.811 -6.000 1
H 6346034F 6346035D 19220.025 13283.811 -6.000 19225.975 13283.811 -6.000 1
M 6346034F 6346034F 19218.000 13283.811 -6.000 19219.500 13283.811 -6.000 0
O 63460350 63460351 19218.000 13256.189 -6.000 19215.832 13250.000 -6.000 0
W 63460350 6346035E 19218.000 13256.189 -6.000 19228.000 13256.189 -6.000 1
H 63460350 6346035E 19220.025 13256.189 -6.000 19225.975 13256.189 -6.000 1
M 63460350 63460350 19218.000 13256.189 -6.000 19219.500 13256.189 -6.000 0
O 63460351 63460352 19215.832 13250.000 -6.000 19218.000 13245.332 -6.000 0
O 63460351 63460353 19215.832 13250.000 -6.000 19222.668 13250.000 -6.000 0
O 63460351 63460354 19215.832 13250.000 -6.000 19218.000 13254.668 -6.000 0
O 63460351 63460355 19215.832 13250.000 -6.000 19213.332 13250.000 -6.000 0
O 63460351 63460356 19215.832 13250.000 -6.000 19218.000 13243.811 -6.000 0
O 63460351 63460363 19215.832 13250.000 -6.000 19223.332 13250.000 -6.000 0
M 63460351 63460351 19215.832 13250.000 -6.000 19217.332 13250.000 -6.000 0
O 63460352 63460353 19218.000 13245.332 -6.000 19222.668 13250.000 -6.000 0
O 63460352 63460354 19218.000 13245.332 -6.000 19218.000 13254.668 -6.000 0
O 63460352 63460355 19218.000 13245.332 -6.000 19213.332 13250.000 -6.000 0
M 63460352 63460352 19218.000 13245.332 -6.000 19219.500 13245.332 -6.000 0
O 63460353 63460354 19222.668 13250.000 -6.000 19218.000 13254.668 -6.000 0
O 63460353 63460355 19222.668 13250.000 -6.000 19213.332 13250.000 -6.000 0
O 63460353 6346035F 19222.668 13250.000 -6.000 19230.168 13250.000 -6.000 0
M 63460353 63460353 19222.668 13250.000 -6.000 19224.168 13250.000 -6.000 0
O 63460354 63460355 19218.000 13254.668 -6.000 19213.332 13250.000 -6.000 0
M 63460354 63460354 19218.000 13254.668 -6.000 19219.500 13254.668 -6.000 0
M 63460355 63460355 19213.332 13250.000 -6.000 19214.832 13250.000 -6.000 0
W 63460356 63460364 19218.000 13243.811 -6.000 19228.000 13243.811 -6.000 1
H 63460356 63460364 19220.025 13243.811 -6.000 19225.975 13243.811 -6.000 1
M 63460356 63460356 19218.000 13243.811 -6.000 19219.500 13243.811 -6.000 0
M 63460357 63460357 19228.000 13303.750 -11.250 19229.500 13303.750 -11.250 0
O 63460358 63460359 19228.000 13293.317 -6.000 19228.000 13285.332 -6.000 0
O 63460358 6346035A 19228.000 13293.317 -6.000 19232.668 13290.000 -6.000 0
O 63460358 6346035C 19228.000 13293.317 -6.000 19223.332 13290.000 -6.000 0
O 63460358 6346035D 19228.000 13293.317 -6.000 19228.000 13283.811 -6.000 0
O 63460358 63460365 19228.000 13293.317 -6.000 19234.191 13290.000 -6.000 0
M 63460358 63460358 19228.000 13293.317 -6.000 19229.500 13293.317 -6.000 0
O 63460359 6346035A 19228.000 13285.332 -6.000 19232.668 13290.000 -6.000 0
O 63460359 6346035B 19228.000 13285.332 -6.000 19228.000 13294.668 -6.000 0
O 63460359 6346035C 19228.000 13285.332 -6.000 19223.332 13290.000 -6.000 0
M 63460359 63460359 19228.000 13285.332 -6.000 19229.500 13285.332 -6.000 0
O 6346035A 6346035B 19232.668 13290.000 -6.000 19228.000 13294.668 -6.000 0
O 6346035A 6346035C 19232.668 13290.000 -6.000 19223.332 13290.000 -6.000 0
M 6346035A 6346035A 19232.668 13290.000 -6.000 19234.168 13290.000 -6.000 0
O 6346035B 6346035C 19228.000 13294.668 -6.000 19223.332 13290.000 -6.000 0
M 6346035B 6346035B 19228.000 13294.668 -6.000 19229.500 13294.668 -6.000 0
M 6346035C 6346035C 19223.332 13290.000 -6.000 19224.832 13290.000 -6.000 0
M 6346035D 6346035D 19228.000 13283.811 -6.000 19229.500 13283.811 -6.000 0
O 6346035E 6346035F 19228.000 13256.189 -6.000 19230.168 13250.000 -6.000 0
M 6346035E 6346035E 19228.000 13256.189 -6.000 19229.500 13256.189 -6.000 0
O 6346035F 63460360 19230.168 13250.000 -6.000 19228.000 13245.332 -6.000 0
O 6346035F 63460361 19230.168 13250.000 -6.000 19232.668 13250.000 -6.000 0
O 6346035F 63460362 19230.168 13250.000 -6.000 19228.000 13254.668 -6.000 0
O 6346035F 63460363 19230.168 13250.000 -6.000 19223.332 13250.000 -6.000 0
O 6346035F 63460364 19230.168 13250.000 -6.000 19228.000 13243.811 -6.000 0
O 6346035F 63460366 19230.168 13250.000 -6.000 19234.191 13250.000 -6.000 0
M 6346035F 6346035F 19230.168 13250.000 -6.000 19231.668 13250.000 -6.000 0
O 63460360 63460361 19228.000 13245.332 -6.000 19232.668 13250.000 -6.000 0
O 63460360 63460362 19228.000 13245.332 -6.000 19228.000 13254.668 -6.000 0
O 63460360 63460363 19228.000 13245.332 -6.000 19223.332 13250.000 -6.000 0
M 63460360 63460360 19228.000 13245.332 -6.000 19229.500 13245.332 -6.000 0
O 63460361 63460362 19232.668 13250.000 -6.000 19228.000 13254.668 -6.000 0
O 63460361 63460363 19232.668 13250.000 -6.000 19223.332 13250.000 -6.000 0
M 63460361 63460361 19232.668 13250.000 -6.000 19234.168 13250.000 -6.000 0
O 63460362 63460363 19228.000 13254.668 -6.000 19223.332 13250.000 -6.000 0
M 63460362 63460362 19228.000 13254.668 -6.000 19229.500 13254.668 -6.000 0
M 63460363 63460363 19223.332 13250.000 -6.000 19224.832 13250.000 -6.000 0
M 63460364 63460364 19228.000 13243.811 -6.000 19229.500 13243.811 -6.000 0
M 63460365 63460365 19234.191 13290.000 -6.000 19235.691 13290.000 -6.000 0
M 63460366 63460366 19234.191 13250.000 -6.000 19235.691 13250.000 -6.000 0
M 63460367 63460367 19134.250 13270.002 -5.250 19135.750 13270.002 -5.250 0
M 63460368 63460368 19148.000 13283.750 -5.250 19149.500 13283.750 -5.250 0
O 63460369 6346036A 19145.832 13270.000 -0.000 19148.000 13265.332 -0.000 0
O 63460369 6346036B 19145.832 13270.000 -0.000 19152.668 13270.000 -0.000 0
O 63460369 6346036C 19145.832 13270.000 -0.000 19148.000 13274.668 -0.000 0
O 63460369 6346036D 19145.832 13270.000 -0.000 19143.332 13270.000 -0.000 0
O 63460369 6346036E 19145.832 13270.000 -0.000 19148.000 13256.689 -0.000 0
M 63460369 63460369 19145.832 13270.000 -0.000 19147.332 13270.000 -0.000 0
O 6346036A 6346036B 19148.000 13265.332 -0.000 19152.668 13270.000 -0.000 0
O 6346036A 6346036C 19148.000 13265.332 -0.000 19148.000 13274.668 -0.000 0
O 6346036A 6346036D 19148.000 13265.332 -0.000 19143.332 13270.000 -0.000 0
O 6346036A 6346036E 19148.000 13265.332 -0.000 19148.000 13256.689 -0.000 0
O 6346036A 6346036F 19148.000 13265.332 -0.000 19148.000 13253.811 -0.000 0
M 6346036A 6346036A 19148.000 13265.332 -0.000 19149.500 13265.332 -0.000 0
O 6346036B 6346036C 19152.668 13270.000 -0.000 19148.000 13274.668 -0.000 0
O 6346036B 6346036D 19152.668 13270.000 -0.000 19143.332 13270.000 -0.000 0
M 6346036B 6346036B 19152.668 13270.000 -0.000 19154.168 13270.000 -0.000 0
O 6346036C 6346036D 19148.000 13274.668 -0.000 19143.332 13270.000 -0.000 0
M 6346036C 6346036C 19148.000 13274.668 -0.000 19149.500 13274.668 -0.000 0
M 6346036D 6346036D 19143.332 13270.000 -0.000 19144.832 13270.000 -0.000 0
O 6346036E 6346036F 19148.000 13256.689 -0.000 19148.000 13253.811 -0.000 0
M 6346036E 6346036E 19148.000 13256.689 -0.000 19149.500 13256.689 -0.000 0
M 6346036F 6346036F 19148.000 13253.811 -0.000 19149.500 13253.811 -0.000 0
M 63460370 63460370 19161.750 13269.998 -5.250 19163.250 13269.998 -5.250 0
L 63460132 63460118 19043.914 13251.415 -24.000 19041.750 13255.750 -24.000 1
L 63460132 63460118 19043.914 13251.415 -24.000 19042.250 13255.750 -24.000 1
L 63460132 63460118 19043.914 13251.915 -24.000 19041.250 13255.750 -24.000 1
L 63460132 63460118 19043.914 13251.915 -24.000 19041.750 13255.750 -24.000 1
L 63460132 63460118 19043.914 13251.915 -24.000 19041.750 13256.250 -24.000 1
L 63460132 63460118 19043.914 13251.915 -24.000 19042.250 13255.750 -24.000 1
L 63460132 63460118 19043.914 13251.915 -24.000 19042.250 13256.250 -24.000 1
L 63460132 63460118 19044.414 13251.415 -24.000 19042.250 13255.750 -24.000 1
L 63460132 63460118 19044.414 13251.915 -24.000 19041.750 13255.750 -24.000 1
L 63460132 63460118 19044.414 13251.915 -24.000 19042.250 13255.750 -24.000 1
L 63460132 63460118 19044.414 13251.915 -24.000 19042.250 13256.250 -24.000 1
L 63460132 63460118 19044.414 13252.415 -24.000 19041.250 13255.750 -24.000 1
L 63460132 63460118 19044.414 13252.415 -24.000 19041.750 13255.750 -24.000 1
L 63460132 63460118 19044.414 13252.415 -24.000 19041.750 13256.250 -24.000 1
L 63460132 63460118 19044.414 13252.415 -24.000 19042.250 13255.750 -24.000 1
L 63460132 63460118 19044.414 13252.415 -24.000 19042.250 13256.250 -24.000 1
L 63460132 63460118 19044.414 13252.415 -24.000 19042.250 13256.750 -24.000 1
L 63460132 63460118 19044.914 13251.915 -24.000 19042.250 13255.750 -24.000 1
L 63460132 63460118 19044.914 13252.415 -24.000 19041.750 13255.750 -24.000 1
L 63460132 63460118 19044.914 13252.415 -24.000 19042.250 13255.750 -24.000 1
L 63460132 63460118 19044.914 13252.415 -24.000 19042.250 13256.250 -24.000 1
L 63460132 63460118 19044.914 13252.915 -24.000 19041.250 13255.750 -24.000 1
L 63460132 63460118 19044.914 13252.915 -24.000 19041.750 13255.750 -24.000 1
L 63460132 63460118 19044.914 13252.915 -24.000 19041.750 13256.250 -24.000 1
L 63460132 63460118 19044.914 13252.915 -24.000 19042.250 13255.750 -24.000 1
L 63460132 63460118 19044.914 13252.915 -24.000 19042.250 13256.250 -24.000 1
L 63460132 63460118 19044.914 13252.915 -24.000 19042.250 13256.750 -24.000 1
L 63460132 63460118 19045.414 13252.415 -24.000 19042.250 13255.750 -24.000 1
L 63460132 63460118 19045.414 13252.915 -24.000 19041.750 13255.750 -24.000 1
L 63460132 63460118 19045.414 13252.915 -24.000 19042.250 13255.750 -24.000 1
L 63460132 63460118 19045.414 13252.915 -24.000 19042.250 13256.250 -24.000 1
L 63460132 63460118 19045.414 13253.415 -24.000 19041.250 13255.750 -24.000 1
L 63460132 63460118 19045.414 13253.415 -24.000 19041.750 13255.750 -24.000 1
L 63460132 63460118 19045.414 13253.415 -24.000 19041.750 13256.250 -24.000 1
L 63460132 63460118 19045.414 13253.415 -24.000 19042.250 13255.750 -24.000 1
L 63460132 63460118 19045.414 13253.415 -24.000 19042.250 13256.250 -24.000 1
L 63460132 63460118 19045.414 13253.415 -24.000 19042.250 13256.750 -24.000 1
L 63460132 63460118 19045.914 13252.915 -24.000 19042.250 13255.750 -24.000 1
L 63460132 63460118 19045.914 13253.415 -24.000 19041.750 13255.750 -24.000 1
L 63460132 63460118 19045.914 13253.415 -24.000 19042.250 13255.750 -24.000 1
L 63460132 63460118 19045.914 13253.415 -24.000 19042.250 13256.250 -24.000 1
L 63460132 63460118 19045.914 13253.915 -24.000 19041.750 13255.750 -24.000 1
L 63460132 63460118 19045.914 13253.915 -24.000 19041.750 13256.250 -24.000 1
L 63460132 63460118 19045.914 13253.915 -24.000 19042.250 13255.750 -24.000 1
L 63460132 63460118 19045.914 13253.915 -24.000 19042.250 13256.250 -24.000 1
L 63460132 63460118 19045.914 13253.915 -24.000 19042.250 13256.750 -24.000 1
L 63460132 63460118 19046.414 13253.415 -24.000 19042.250 13255.750 -24.000 1
L 63460132 63460118 19046.414 13253.915 -24.000 19042.250 13255.750 -24.000 1
L 63460132 63460118 19046.414 13253.915 -24.000 19042.250 13256.250 -24.000 1
R 63460100 63460104 19010.080 13280.000 -23.333 19018.000 13276.683 -24.000 0
R 63460100 63460104 19010.080 13280.000 -23.333 19015.832 13280.000 -24.000 0
R 63460100 63460104 19010.080 13280.000 -23.333 19018.000 13283.317 -24.000 0
R 63460100 63460108 19010.080 13280.000 -23.333 19013.332 13280.000 -24.000 0
R 63460101 63460109 19010.080 13270.000 -23.333 19018.000 13266.683 -24.000 0
R 63460101 63460109 19010.080 13270.000 -23.333 19015.832 13270.000 -24.000 0
R 63460101 63460109 19010.080 13270.000 -23.333 19018.000 13273.317 -24.000 0
R 63460101 6346010D 19010.080 13270.000 -23.333 19013.332 13270.000 -24.000 0
R 63460102 6346010E 19010.080 13260.000 -23.333 19016.555 13260.000 -24.000 0
R 63460102 63460111 19010.080 13260.000 -23.333 19013.332 13260.000 -24.000 0
R 63460104 63460115 19018.000 13276.683 -24.000 19025.920 13280.000 -23.333 0
R 63460104 63460115 19020.168 13280.000 -24.000 19025.920 13280.000 -23.333 0
R 63460104 63460115 19018.000 13283.317 -24.000 19025.920 13280.000 -23.333 0
R 63460106 63460115 19022.668 13280.000 -24.000 19025.920 13280.000 -23.333 0
R 63460109 63460116 19018.000 13266.683 -24.000 19025.920 13270.000 -23.333 0
R 63460109 63460116 19020.168 13270.000 -24.000 19025.920 13270.000 -23.333 0
R 63460109 63460116 19018.000 13273.317 -24.000 19025.920 13270.000 -23.333 0
R 6346010B 63460116 19022.668 13270.000 -24.000 19025.920 13270.000 -23.333 0
R 6346011D 634601C1 19039.059 13231.058 -24.000 19044.250 13230.002 -23.250 0
R 6346011D 634601C1 19039.059 13231.058 -24.000 19046.750 13230.002 -21.750 0
R 6346011E 634601C1 19042.010 13230.000 -24.000 19044.250 13230.002 -23.250 0
R 6346011E 634601C1 19042.010 13230.000 -24.000 19046.750 13230.002 -21.750 0
R 63460129 63460145 19050.080 13290.000 -23.333 19058.000 13286.683 -24.000 0
R 63460129 63460145 19050.080 13290.000 -23.333 19055.832 13290.000 -24.000 0
R 63460129 63460145 19050.080 13290.000 -23.333 19058.000 13293.317 -24.000 0
R 63460129 63460149 19050.080 13290.000 -23.333 19053.332 13290.000 -24.000 0
R 6346012A 6346014A 19050.080 13280.000 -23.333 19058.000 13276.683 -24.000 0
R 6346012A 6346014A 19050.080 13280.000 -23.333 19055.832 13280.000 -24.000 0
R 6346012A 6346014A 19050.080 13280.000 -23.333 19058.000 13283.317 -24.000 0
R 6346012A 6346014E 19050.080 13280.000 -23.333 19053.332 13280.000 -24.000 0
R 6346013B 63460140 19058.000 13316.683 -24.000 19058.000 13312.080 -23.333 0
R 6346013B 63460140 19055.832 13320.000 -24.000 19058.000 13312.080 -23.333 0
R 6346013B 63460140 19060.168 13320.000 -24.000 19058.000 13312.080 -23.333 0
R 6346013C 63460140 19058.000 13315.332 -24.000 19058.000 13312.080 -23.333 0
R 63460145 6346015C 19058.000 13286.683 -24.000 19065.920 13290.000 -23.333 0
R 63460145 6346015C 19060.168 13290.000 -24.000 19065.920 13290.000 -23.333 0
R 63460145 6346015C 19058.000 13293.317 -24.000 19065.920 13290.000 -23.333 0
R 63460147 6346015C 19062.668 13290.000 -24.000 19065.920 13290.000 -23.333 0
R 6346014A 6346015D 19058.000 13276.683 -24.000 19065.920 13280.000 -23.333 0
R 6346014A 6346015D 19060.168 13280.000 -24.000 19065.920 13280.000 -23.333 0
R 6346014A 6346015D 19058.000 13283.317 -24.000 19065.920 13280.000 -23.333 0
R 6346014C 6346015D 19062.668 13280.000 -24.000 19065.920 13280.000 -23.333 0
R 63460171 634601FB 19076.941 13231.058 -24.000 19071.750 13229.998 -23.250 0
R 63460171 634601FB 19076.941 13231.058 -24.000 19069.250 13229.998 -21.750 0
R 63460173 634601FB 19073.990 13230.000 -24.000 19071.750 13229.998 -23.250 0
R 63460173 634601FB 19073.990 13230.000 -24.000 19069.250 13229.998 -21.750 0
R 63460174 63460178 19090.080 13280.000 -23.333 19098.000 13276.683 -24.000 0
R 63460174 63460178 19090.080 13280.000 -23.333 19095.832 13280.000 -24.000 0
R 63460174 63460178 19090.080 13280.000 -23.333 19098.000 13283.317 -24.000 0
R 63460174 6346017C 19090.080 13280.000 -23.333 19093.332 13280.000 -24.000 0
R 63460175 6346017D 19090.080 13270.000 -23.333 19098.000 13266.683 -24.000 0
R 63460175 6346017D 19090.080 13270.000 -23.333 19095.832 13270.000 -24.000 0
R 63460175 6346017D 19090.080 13270.000 -23.333 19098.000 13273.317 -24.000 0
R 63460175 63460181 19090.080 13270.000 -23.333 19093.332 13270.000 -24.000 0
R 63460178 63460189 19098.000 13276.683 -24.000 19105.920 13280.000 -23.333 0
R 63460178 63460189 19100.168 13280.000 -24.000 19105.920 13280.000 -23.333 0
R 63460178 63460189 19098.000 13283.317 -24.000 19105.920 13280.000 -23.333 0
R 6346017A 63460189 19102.668 13280.000 -24.000 19105.920 13280.000 -23.333 0
R 6346017D 6346018A 19098.000 13266.683 -24.000 19105.920 13270.000 -23.333 0
R 6346017D 6346018A 19100.168 13270.000 -24.000 19105.920 13270.000 -23.333 0
R 6346017D 6346018A 19098.000 13273.317 -24.000 19105.920 13270.000 -23.333 0
R 6346017F 6346018A 19102.668 13270.000 -24.000 19105.920 13270.000 -23.333 0
R 63460182 6346018B 19099.445 13260.000 -24.000 19105.920 13260.000 -23.333 0
R 63460185 6346018B 19102.668 13260.000 -24.000 19105.920 13260.000 -23.333 0
R 63460197 6346019C 19128.000 13406.683 -24.000 19128.000 13402.080 -23.333 0
R 63460197 6346019F 19128.000 13406.683 -24.000 19135.920 13410.000 -23.333 0
R 63460197 6346019C 19125.832 13410.000 -24.000 19128.000 13402.080 -23.333 0
R 63460197 6346019C 19130.168 13410.000 -24.000 19128.000 13402.080 -23.333 0
R 63460197 6346019F 19130.168 13410.000 -24.000 19135.920 13410.000 -23.333 0
R 63460197 6346019F 19128.000 13413.317 -24.000 19135.920 13410.000 -23.333 0
R 63460198 6346019C 19128.000 13405.332 -24.000 19128.000 13402.080 -23.333 0
R 63460199 6346019F 19132.668 13410.000 -24.000 19135.920 13410.000 -23.333 0
R 6346019E 634601A6 19141.309 13430.000 -24.000 19146.834 13426.678 -23.300 0
R 6346019E 634601A6 19141.309 13430.000 -24.000 19146.834 13433.322 -23.300 0
R 634601A3 634601AB 19140.080 13370.000 -23.333 19148.000 13366.683 -24.000 0
R 634601A3 634601AB 19140.080 13370.000 -23.333 19145.832 13370.000 -24.000 0
R 634601A3 634601AB 19140.080 13370.000 -23.333 19148.000 13373.317 -24.000 0
R 634601A3 634601AF 19140.080 13370.000 -23.333 19143.332 13370.000 -24.000 0
R 634601A4 634601A6 19150.500 13442.500 -22.500 19146.834 13433.322 -23.300 0
R 634601A4 634601B0 19150.500 13442.500 -22.500 19158.000 13437.500 -24.000 0
R 634601A4 634601A6 19147.000 13442.667 -22.000 19146.834 13433.322 -23.300 0
R 634601A4 634601A6 19150.500 13437.500 -24.000 19144.625 13433.752 -21.975 0
R 634601A4 634601A6 19150.500 13437.500 -24.000 19146.834 13433.322 -23.300 0
R 634601A4 634601B0 19150.500 13437.500 -24.000 19158.000 13442.500 -22.500 0
R 634601A4 634601A5 19145.500 13437.500 -22.500 19146.309 13430.000 -24.000 0
R 634601A4 634601A6 19145.500 13437.500 -22.500 19144.625 13433.752 -21.975 0
R 634601A4 634601A6 19145.500 13437.500 -22.500 19150.500 13430.000 -24.000 0
R 634601A4 634601A6 19145.500 13437.500 -22.500 19146.834 13433.322 -23.300 0
R 634601A4 634601A6 19145.334 13441.000 -22.000 19146.834 13433.322 -23.300 0
R 634601A5 634601A6 19143.809 13430.000 -24.000 19144.625 13426.248 -21.975 0
R 634601A5 634601A6 19143.809 13430.000 -24.000 19144.625 13433.752 -21.975 0
R 634601A5 634601A6 19143.809 13430.000 -24.000 19146.834 13426.678 -23.300 0
R 634601A5 634601A6 19143.809 13430.000 -24.000 19146.834 13433.322 -23.300 0
R 634601A5 634601A6 19146.309 13430.000 -24.000 19144.625 13426.248 -21.975 0
R 634601A5 634601A6 19146.309 13430.000 -24.000 19144.625 13433.752 -21.975 0
R 634601A5 634601A6 19146.309 13430.000 -24.000 19146.834 13426.678 -23.300 0
R 634601A5 634601A6 19146.309 13430.000 -24.000 19146.834 13433.322 -23.300 0
R 634601A5 634601A7 19146.309 13430.000 -24.000 19145.500 13422.500 -22.500 0
R 634601A6 634601A7 19144.625 13426.248 -21.975 19145.500 13422.500 -22.500 0
R 634601A6 634601A7 19144.625 13426.248 -21.975 19150.500 13422.500 -24.000 0
R 634601A6 634601A7 19150.500 13430.000 -24.000 19145.500 13422.500 -22.500 0
R 634601A6 634601A7 19146.834 13426.678 -23.300 19145.500 13422.500 -22.500 0
R 634601A6 634601A7 19146.834 13426.678 -23.300 19145.334 13419.000 -22.000 0
R 634601A6 634601A7 19146.834 13426.678 -23.300 19150.500 13422.500 -24.000 0
R 634601A6 634601A7 19146.834 13426.678 -23.300 19150.500 13417.500 -22.500 0
R 634601A6 634601A7 19146.834 13426.678 -23.300 19147.000 13417.333 -22.000 0
R 634601A7 634601B2 19150.500 13422.500 -24.000 19158.000 13417.500 -22.500 0
R 634601A7 634601B2 19150.500 13417.500 -22.500 19158.000 13422.500 -24.000 0
R 634601AB 634601B3 19148.000 13366.683 -24.000 19155.920 13370.000 -23.333 0
R 634601AB 63460226 19148.000 13366.683 -24.000 19148.000 13363.750 -23.250 0
R 634601AB 63460226 19148.000 13366.683 -24.000 19148.000 13361.250 -21.750 0
R 634601AB 63460226 19145.832 13370.000 -24.000 19148.000 13363.750 -23.250 0
R 634601AB 63460226 19145.832 13370.000 -24.000 19148.000 13361.250 -21.750 0
R 634601AB 634601B3 19150.168 13370.000 -24.000 19155.920 13370.000 -23.333 0
R 634601AB 63460226 19150.168 13370.000 -24.000 19148.000 13363.750 -23.250 0
R 634601AB 63460226 19150.168 13370.000 -24.000 19148.000 13361.250 -21.750 0
R 634601AB 634601B3 19148.000 13373.317 -24.000 19155.920 13370.000 -23.333 0
R 634601AB 63460226 19148.000 13373.317 -24.000 19148.000 13363.750 -23.250 0
R 634601AC 63460226 19148.000 13365.332 -24.000 19148.000 13361.250 -21.750 0
R 634601AD 634601B3 19152.668 13370.000 -24.000 19155.920 13370.000 -23.333 0
R 634601B0 634601B4 19158.000 13437.500 -24.000 19165.500 13442.500 -22.500 0
R 634601B0 634601B4 19158.000 13442.500 -22.500 19165.500 13437.500 -24.000 0
R 634601B2 634601B6 19158.000 13422.500 -24.000 19165.500 13417.500 -22.500 0
R 634601B2 634601B6 19158.000 13417.500 -22.500 19165.500 13422.500 -24.000 0
R 634601B4 634601B5 19170.500 13437.500 -22.500 19165.500 13430.000 -24.000 0
R 634601B4 634601B5 19165.500 13437.500 -24.000 19170.500 13430.000 -22.500 0
R 634601B5 634601B6 19165.500 13430.000 -24.000 19170.500 13422.500 -22.500 0
R 634601B5 634601B6 19170.500 13430.000 -22.500 19165.500 13422.500 -24.000 0
R 634601BC 634601C4 19050.080 13310.000 -17.333 19058.000 13306.683 -18.000 0
R 634601BC 634601C4 19050.080 13310.000 -17.333 19055.832 13310.000 -18.000 0
R 634601BC 634601C4 19050.080 13310.000 -17.333 19058.000 13313.317 -18.000 0
R 634601BC 634601C8 19050.080 13310.000 -17.333 19053.332 13310.000 -18.000 0
R 634601BD 634601C9 19050.080 13300.000 -17.333 19058.000 13296.683 -18.000 0
R 634601BD 634601C9 19050.080 13300.000 -17.333 19055.832 13300.000 -18.000 0
R 634601BD 634601C9 19050.080 13300.000 -17.333 19058.000 13303.317 -18.000 0
R 634601BD 634601CD 19050.080 13300.000 -17.333 19053.332 13300.000 -18.000 0
R 634601BE 634601D5 19050.080 13260.000 -17.333 19058.000 13256.683 -18.000 0
R 634601BE 634601D5 19050.080 13260.000 -17.333 19055.832 13260.000 -18.000 0
R 634601BE 634601D5 19050.080 13260.000 -17.333 19058.000 13263.317 -18.000 0
R 634601BE 634601D9 19050.080 13260.000 -17.333 19053.332 13260.000 -18.000 0
R 634601BF 634601DA 19050.080 13250.000 -17.333 19058.000 13246.683 -18.000 0
R 634601BF 634601DA 19050.080 13250.000 -17.333 19055.832 13250.000 -18.000 0
R 634601BF 634601DA 19050.080 13250.000 -17.333 19058.000 13253.317 -18.000 0
R 634601BF 634601DE 19050.080 13250.000 -17.333 19053.332 13250.000 -18.000 0
R 634601C0 634601DF 19050.080 13240.000 -17.333 19058.000 13236.683 -18.000 0
R 634601C0 634601DF 19050.080 13240.000 -17.333 19055.832 13240.000 -18.000 0
R 634601C0 634601DF 19050.080 13240.000 -17.333 19058.000 13243.317 -18.000 0
R 634601C0 634601E3 19050.080 13240.000 -17.333 19053.332 13240.000 -18.000 0
R 634601C1 634601E5 19049.250 13230.002 -20.250 19053.332 13230.000 -18.000 0
R 634601C1 634601E4 19051.750 13230.002 -18.750 19058.000 13231.445 -18.000 0
R 634601C4 634601EB 19058.000 13306.683 -18.000 19065.920 13310.000 -17.333 0
R 634601C4 634601EB 19060.168 13310.000 -18.000 19065.920 13310.000 -17.333 0
R 634601C4 634601EB 19058.000 13313.317 -18.000 19065.920 13310.000 -17.333 0
R 634601C6 634601EB 19062.668 13310.000 -18.000 19065.920 13310.000 -17.333 0
R 634601C9 634601EC 19058.000 13296.683 -18.000 19065.920 13300.000 -17.333 0
R 634601C9 634601EC 19060.168 13300.000 -18.000 19065.920 13300.000 -17.333 0
R 634601C9 634601EC 19058.000 13303.317 -18.000 19065.920 13300.000 -17.333 0
R 634601CB 634601EC 19062.668 13300.000 -18.000 19065.920 13300.000 -17.333 0
R 634601D1 634601F0 19060.080 13280.000 -17.333 19068.000 13276.683 -18.000 0
R 634601D1 634601F0 19060.080 13280.000 -17.333 19065.832 13280.000 -18.000 0
R 634601D1 634601F0 19060.080 13280.000 -17.333 19068.000 13283.317 -18.000 0
R 634601D1 634601F4 19060.080 13280.000 -17.333 19063.332 13280.000 -18.000 0
R 634601D5 634601F8 19058.000 13256.683 -18.000 19065.920 13260.000 -17.333 0
R 634601D5 634601F8 19060.168 13260.000 -18.000 19065.920 13260.000 -17.333 0
R 634601D5 634601F8 19058.000 13263.317 -18.000 19065.920 13260.000 -17.333 0
R 634601D7 634601F8 19062.668 13260.000 -18.000 19065.920 13260.000 -17.333 0
R 634601DA 634601F9 19058.000 13246.683 -18.000 19065.920 13250.000 -17.333 0
R 634601DA 634601F9 19060.168 13250.000 -18.000 19065.920 13250.000 -17.333 0
R 634601DA 634601F9 19058.000 13253.317 -18.000 19065.920 13250.000 -17.333 0
R 634601DC 634601F9 19062.668 13250.000 -18.000 19065.920 13250.000 -17.333 0
R 634601DF 634601FA 19058.000 13236.683 -18.000 19065.920 13240.000 -17.333 0
R 634601DF 634601FA 19060.168 13240.000 -18.000 19065.920 13240.000 -17.333 0
R 634601DF 634601FA 19058.000 13243.317 -18.000 19065.920 13240.000 -17.333 0
R 634601E1 634601FA 19062.668 13240.000 -18.000 19065.920 13240.000 -17.333 0
R 634601E4 634601FB 19058.000 13231.445 -18.000 19064.250 13229.998 -18.750 0
R 634601E6 634601FB 19062.668 13230.000 -18.000 19066.750 13229.998 -20.250 0
R 634601FC 634601FD 19078.000 13287.920 -17.333 19075.832 13280.000 -18.000 0
R 634601FC 634601FD 19078.000 13287.920 -17.333 19080.168 13280.000 -18.000 0
R 634601FC 634601FD 19078.000 13287.920 -17.333 19078.000 13283.317 -18.000 0
R 634601FC 63460200 19078.000 13287.920 -17.333 19078.000 13284.668 -18.000 0
R 634601FD 63460202 19078.000 13276.683 -18.000 19078.000 13272.080 -17.333 0
R 634601FD 63460247 19078.000 13276.683 -18.000 19084.250 13280.002 -17.250 0
R 634601FD 63460247 19078.000 13276.683 -18.000 19086.750 13280.002 -15.750 0
R 634601FD 63460202 19075.832 13280.000 -18.000 19078.000 13272.080 -17.333 0
R 634601FD 63460247 19075.832 13280.000 -18.000 19084.250 13280.002 -17.250 0
R 634601FD 63460202 19080.168 13280.000 -18.000 19078.000 13272.080 -17.333 0
R 634601FD 63460247 19080.168 13280.000 -18.000 19084.250 13280.002 -17.250 0
R 634601FD 63460247 19080.168 13280.000 -18.000 19086.750 13280.002 -15.750 0
R 634601FD 63460247 19078.000 13283.317 -18.000 19084.250 13280.002 -17.250 0
R 634601FD 63460247 19078.000 13283.317 -18.000 19086.750 13280.002 -15.750 0
R 634601FE 63460202 19078.000 13275.332 -18.000 19078.000 13272.080 -17.333 0
R 634601FF 63460247 19082.668 13280.000 -18.000 19086.750 13280.002 -15.750 0
R 63460205 6346020A 19120.080 13230.000 -17.333 19128.000 13226.683 -18.000 0
R 63460205 6346020A 19120.080 13230.000 -17.333 19125.832 13230.000 -18.000 0
R 63460205 6346020A 19120.080 13230.000 -17.333 19128.000 13233.317 -18.000 0
R 63460205 6346020E 19120.080 13230.000 -17.333 19123.332 13230.000 -18.000 0
R 63460206 6346020F 19120.080 13220.000 -17.333 19128.000 13216.683 -18.000 0
R 63460206 6346020F 19120.080 13220.000 -17.333 19125.832 13220.000 -18.000 0
R 63460206 6346020F 19120.080 13220.000 -17.333 19128.000 13223.317 -18.000 0
R 63460206 63460213 19120.080 13220.000 -17.333 19123.332 13220.000 -18.000 0
R 63460207 63460214 19120.080 13210.000 -17.333 19128.000 13206.683 -18.000 0
R 63460207 63460214 19120.080 13210.000 -17.333 19125.832 13210.000 -18.000 0
R 63460207 63460214 19120.080 13210.000 -17.333 19128.000 13213.317 -18.000 0
R 63460207 63460218 19120.080 13210.000 -17.333 19123.332 13210.000 -18.000 0
R 63460209 63460266 19128.000 13340.000 -18.000 19128.000 13333.750 -17.250 0
R 63460209 63460266 19128.000 13340.000 -18.000 19128.000 13331.250 -15.750 0
R 63460209 63460266 19128.000 13336.689 -18.000 19128.000 13333.750 -17.250 0
R 63460209 63460266 19128.000 13336.689 -18.000 19128.000 13331.250 -15.750 0
R 63460209 63460266 19128.000 13343.311 -18.000 19128.000 13333.750 -17.250 0
R 6346020A 63460220 19128.000 13226.683 -18.000 19135.920 13230.000 -17.333 0
R 6346020A 63460276 19128.000 13226.683 -18.000 19128.000 13236.250 -17.250 0
R 6346020A 63460276 19125.832 13230.000 -18.000 19128.000 13236.250 -17.250 0
R 6346020A 63460276 19125.832 13230.000 -18.000 19128.000 13238.750 -15.750 0
R 6346020A 63460220 19130.168 13230.000 -18.000 19135.920 13230.000 -17.333 0
R 6346020A 63460276 19130.168 13230.000 -18.000 19128.000 13236.250 -17.250 0
R 6346020A 63460276 19130.168 13230.000 -18.000 19128.000 13238.750 -15.750 0
R 6346020A 63460220 19128.000 13233.317 -18.000 19135.920 13230.000 -17.333 0
R 6346020A 63460276 19128.000 13233.317 -18.000 19128.000 13236.250 -17.250 0
R 6346020A 63460276 19128.000 13233.317 -18.000 19128.000 13238.750 -15.750 0
R 6346020C 63460220 19132.668 13230.000 -18.000 19135.920 13230.000 -17.333 0
R 6346020D 63460276 19128.000 13234.668 -18.000 19128.000 13238.750 -15.750 0
R 6346020F 63460221 19128.000 13216.683 -18.000 19135.920 13220.000 -17.333 0
R 6346020F 63460221 19130.168 13220.000 -18.000 19135.920 13220.000 -17.333 0
R 6346020F 63460221 19128.000 13223.317 -18.000 19135.920 13220.000 -17.333 0
R 63460211 63460221 19132.668 13220.000 -18.000 19135.920 13220.000 -17.333 0
R 63460214 63460219 19128.000 13206.683 -18.000 19128.000 13202.080 -17.333 0
R 63460214 63460222 19128.000 13206.683 -18.000 19135.920 13210.000 -17.333 0
R 63460214 63460219 19125.832 13210.000 -18.000 19128.000 13202.080 -17.333 0
R 63460214 63460219 19130.168 13210.000 -18.000 19128.000 13202.080 -17.333 0
R 63460214 63460222 19130.168 13210.000 -18.000 19135.920 13210.000 -17.333 0
R 63460214 63460222 19128.000 13213.317 -18.000 19135.920 13210.000 -17.333 0
R 63460215 63460219 19128.000 13205.332 -18.000 19128.000 13202.080 -17.333 0
R 63460216 63460222 19132.668 13210.000 -18.000 19135.920 13210.000 -17.333 0
R 6346021D 63460226 19141.334 13350.000 -18.000 19148.000 13356.250 -18.750 0
R 6346021E 63460229 19140.080 13330.000 -17.333 19148.000 13326.683 -18.000 0
R 6346021E 63460229 19140.080 13330.000 -17.333 19145.832 13330.000 -18.000 0
R 6346021E 63460229 19140.080 13330.000 -17.333 19148.000 13333.317 -18.000 0
R 6346021E 6346022D 19140.080 13330.000 -17.333 19143.332 13330.000 -18.000 0
R 6346021F 6346022E 19140.080 13320.000 -17.333 19148.000 13316.683 -18.000 0
R 6346021F 6346022E 19140.080 13320.000 -17.333 19145.832 13320.000 -18.000 0
R 6346021F 6346022E 19140.080 13320.000 -17.333 19148.000 13323.317 -18.000 0
R 6346021F 63460232 19140.080 13320.000 -17.333 19143.332 13320.000 -18.000 0
R 63460223 63460224 19146.334 13436.667 -16.000 19150.500 13432.500 -15.000 0
R 63460223 63460224 19146.334 13436.667 -16.000 19145.500 13430.000 -16.500 0
R 63460223 63460233 19146.334 13436.667 -16.000 19155.500 13437.500 -15.000 0
R 63460223 63460224 19150.500 13437.500 -15.000 19145.500 13430.000 -16.500 0
R 63460223 63460233 19150.500 13437.500 -15.000 19158.000 13442.500 -16.500 0
R 63460223 63460224 19145.334 13439.333 -17.000 19150.500 13432.500 -15.000 0
R 63460223 63460224 19145.334 13439.333 -17.000 19145.500 13430.000 -16.500 0
R 63460223 63460233 19148.666 13442.667 -17.000 19158.000 13442.500 -16.500 0
R 63460223 63460233 19148.666 13442.667 -17.000 19155.500 13437.500 -15.000 0
R 63460223 63460224 19151.334 13441.667 -16.000 19150.500 13432.500 -15.000 0
R 63460223 63460233 19151.334 13441.667 -16.000 19158.000 13442.500 -16.500 0
R 63460223 63460233 19151.334 13441.667 -16.000 19155.500 13437.500 -15.000 0
R 63460224 63460225 19145.500 13430.000 -16.500 19150.500 13422.500 -15.000 0
R 63460224 63460225 19145.500 13430.000 -16.500 19145.334 13420.667 -17.000 0
R 63460224 63460225 19145.500 13430.000 -16.500 19146.334 13423.333 -16.000 0
R 63460224 63460225 19150.500 13427.500 -15.000 19151.334 13418.333 -16.000 0
R 63460224 63460225 19150.500 13427.500 -15.000 19145.334 13420.667 -17.000 0
R 63460224 63460225 19150.500 13427.500 -15.000 19146.334 13423.333 -16.000 0
R 63460225 63460235 19151.334 13418.333 -16.000 19155.500 13422.500 -15.000 0
R 63460225 63460235 19151.334 13418.333 -16.000 19158.000 13417.500 -16.500 0
R 63460225 63460235 19150.500 13422.500 -15.000 19158.000 13417.500 -16.500 0
R 63460225 63460235 19148.666 13417.333 -17.000 19155.500 13422.500 -15.000 0
R 63460225 63460235 19148.666 13417.333 -17.000 19158.000 13417.500 -16.500 0
R 63460225 63460235 19146.334 13423.333 -16.000 19155.500 13422.500 -15.000 0
R 63460226 63460227 19148.000 13356.250 -18.750 19148.000 13350.000 -18.000 0
R 63460228 63460229 19148.000 13337.920 -17.333 19145.832 13330.000 -18.000 0
R 63460228 63460229 19148.000 13337.920 -17.333 19150.168 13330.000 -18.000 0
R 63460228 63460229 19148.000 13337.920 -17.333 19148.000 13333.317 -18.000 0
R 63460228 6346022C 19148.000 13337.920 -17.333 19148.000 13334.668 -18.000 0
R 63460229 63460236 19148.000 13326.683 -18.000 19155.920 13330.000 -17.333 0
R 63460229 63460236 19150.168 13330.000 -18.000 19155.920 13330.000 -17.333 0
R 63460229 63460236 19148.000 13333.317 -18.000 19155.920 13330.000 -17.333 0
R 6346022B 63460236 19152.668 13330.000 -18.000 19155.920 13330.000 -17.333 0
R 6346022E 63460237 19148.000 13316.683 -18.000 19155.920 13320.000 -17.333 0
R 6346022E 63460284 19148.000 13316.683 -18.000 19148.000 13313.750 -17.250 0
R 6346022E 63460284 19148.000 13316.683 -18.000 19148.000 13311.250 -15.750 0
R 6346022E 63460284 19145.832 13320.000 -18.000 19148.000 13313.750 -17.250 0
R 6346022E 63460284 19145.832 13320.000 -18.000 19148.000 13311.250 -15.750 0
R 6346022E 63460237 19150.168 13320.000 -18.000 19155.920 13320.000 -17.333 0
R 6346022E 63460284 19150.168 13320.000 -18.000 19148.000 13313.750 -17.250 0
R 6346022E 63460284 19150.168 13320.000 -18.000 19148.000 13311.250 -15.750 0
R 6346022E 63460237 19148.000 13323.317 -18.000 19155.920 13320.000 -17.333 0
R 6346022E 63460284 19148.000 13323.317 -18.000 19148.000 13313.750 -17.250 0
R 6346022F 63460284 19148.000 13315.332 -18.000 19148.000 13311.250 -15.750 0
R 63460230 63460237 19152.668 13320.000 -18.000 19155.920 13320.000 -17.333 0
R 63460233 63460238 19160.500 13437.500 -15.000 19164.666 13441.667 -16.000 0
R 63460233 63460238 19160.500 13437.500 -15.000 19167.334 13442.667 -17.000 0
R 63460233 63460238 19160.500 13437.500 -15.000 19169.666 13436.667 -16.000 0
R 63460233 63460238 19158.000 13442.500 -16.500 19164.666 13441.667 -16.000 0
R 63460233 63460238 19158.000 13442.500 -16.500 19165.500 13437.500 -15.000 0
R 63460233 63460238 19158.000 13442.500 -16.500 19167.334 13442.667 -17.000 0
R 63460235 6346023A 19158.000 13417.500 -16.500 19165.500 13422.500 -15.000 0
R 63460235 6346023A 19158.000 13417.500 -16.500 19167.334 13417.333 -17.000 0
R 63460235 6346023A 19158.000 13417.500 -16.500 19164.666 13418.333 -16.000 0
R 63460235 6346023A 19160.500 13422.500 -15.000 19169.666 13423.333 -16.000 0
R 63460235 6346023A 19160.500 13422.500 -15.000 19167.334 13417.333 -17.000 0
R 63460235 6346023A 19160.500 13422.500 -15.000 19164.666 13418.333 -16.000 0
R 63460238 63460239 19164.666 13441.667 -16.000 19165.500 13432.500 -15.000 0
R 63460238 63460239 19165.500 13437.500 -15.000 19170.500 13430.000 -16.500 0
R 63460238 63460239 19170.666 13439.333 -17.000 19170.500 13430.000 -16.500 0
R 63460238 63460239 19170.666 13439.333 -17.000 19165.500 13432.500 -15.000 0
R 63460238 63460239 19169.666 13436.667 -16.000 19170.500 13430.000 -16.500 0
R 63460238 63460239 19169.666 13436.667 -16.000 19165.500 13432.500 -15.000 0
R 63460239 6346023A 19165.500 13427.500 -15.000 19169.666 13423.333 -16.000 0
R 63460239 6346023A 19165.500 13427.500 -15.000 19170.666 13420.667 -17.000 0
R 63460239 6346023A 19165.500 13427.500 -15.000 19164.666 13418.333 -16.000 0
R 63460239 6346023A 19170.500 13430.000 -16.500 19169.666 13423.333 -16.000 0
R 63460239 6346023A 19170.500 13430.000 -16.500 19165.500 13422.500 -15.000 0
R 63460239 6346023A 19170.500 13430.000 -16.500 19170.666 13420.667 -17.000 0
R 6346023B 6346023C 19220.500 13232.500 -16.500 19220.500 13222.500 -18.000 0
R 6346023B 6346023D 19220.500 13232.500 -16.500 19228.000 13231.689 -18.000 0
R 6346023B 6346023E 19220.500 13232.500 -16.500 19224.248 13233.375 -15.975 0
R 6346023B 6346023E 19220.500 13232.500 -16.500 19228.000 13227.500 -18.000 0
R 6346023B 6346023E 19220.500 13232.500 -16.500 19224.678 13231.167 -17.300 0
R 6346023B 6346023E 19217.000 13232.667 -16.000 19224.678 13231.167 -17.300 0
R 6346023B 6346023C 19220.500 13227.500 -18.000 19215.500 13222.500 -16.500 0
R 6346023B 6346023C 19220.500 13227.500 -18.000 19215.334 13219.000 -16.000 0
R 6346023B 6346023C 19220.500 13227.500 -18.000 19220.500 13217.500 -16.500 0
R 6346023B 6346023E 19220.500 13227.500 -18.000 19224.248 13233.375 -15.975 0
R 6346023B 6346023E 19220.500 13227.500 -18.000 19224.678 13231.167 -17.300 0
R 6346023B 6346023C 19215.500 13227.500 -16.500 19215.334 13219.000 -16.000 0
R 6346023B 6346023C 19215.500 13227.500 -16.500 19220.500 13222.500 -18.000 0
R 6346023B 6346023E 19215.500 13227.500 -16.500 19224.678 13231.167 -17.300 0
R 6346023B 6346023C 19215.334 13231.000 -16.000 19215.500 13222.500 -16.500 0
R 6346023B 6346023C 19215.334 13231.000 -16.000 19220.500 13222.500 -18.000 0
R 6346023B 6346023E 19215.334 13231.000 -16.000 19224.678 13231.167 -17.300 0
R 6346023C 6346023E 19220.500 13222.500 -18.000 19224.678 13231.167 -17.300 0
R 6346023C 6346023F 19220.500 13222.500 -18.000 19228.000 13217.500 -16.500 0
R 6346023C 6346023F 19220.500 13217.500 -16.500 19228.000 13222.500 -18.000 0
R 6346023D 6346023E 19228.000 13234.189 -18.000 19224.248 13233.375 -15.975 0
R 6346023D 6346023E 19228.000 13234.189 -18.000 19231.752 13233.375 -15.975 0
R 6346023D 6346023E 19228.000 13234.189 -18.000 19224.678 13231.167 -17.300 0
R 6346023D 6346023E 19228.000 13234.189 -18.000 19231.322 13231.167 -17.300 0
R 6346023D 634602BE 19228.000 13234.189 -18.000 19228.000 13236.250 -17.250 0
R 6346023D 634602BE 19228.000 13234.189 -18.000 19228.000 13238.750 -15.750 0
R 6346023D 6346023E 19228.000 13231.689 -18.000 19224.248 13233.375 -15.975 0
R 6346023D 6346023E 19228.000 13231.689 -18.000 19231.752 13233.375 -15.975 0
R 6346023D 6346023E 19228.000 13231.689 -18.000 19224.678 13231.167 -17.300 0
R 6346023D 6346023E 19228.000 13231.689 -18.000 19231.322 13231.167 -17.300 0
R 6346023D 63460240 19228.000 13231.689 -18.000 19235.500 13232.500 -16.500 0
R 6346023D 634602BE 19228.000 13231.689 -18.000 19228.000 13236.250 -17.250 0
R 6346023D 634602BE 19228.000 13231.689 -18.000 19228.000 13238.750 -15.750 0
R 6346023E 63460240 19231.752 13233.375 -15.975 19235.500 13227.500 -18.000 0
R 6346023E 63460240 19231.752 13233.375 -15.975 19235.500 13232.500 -16.500 0
R 6346023E 6346023F 19228.000 13227.500 -18.000 19228.000 13217.500 -16.500 0
R 6346023E 63460240 19228.000 13227.500 -18.000 19235.500 13232.500 -16.500 0
R 6346023E 634602BE 19228.000 13227.500 -18.000 19228.000 13236.250 -17.250 0
R 6346023E 6346023F 19224.678 13231.167 -17.300 19228.000 13222.500 -18.000 0
R 6346023E 634602BE 19224.678 13231.167 -17.300 19228.000 13238.750 -15.750 0
R 6346023E 6346023F 19231.322 13231.167 -17.300 19228.000 13222.500 -18.000 0
R 6346023E 63460240 19231.322 13231.167 -17.300 19240.500 13227.500 -16.500 0
R 6346023E 63460240 19231.322 13231.167 -17.300 19240.666 13231.000 -16.000 0
R 6346023E 63460240 19231.322 13231.167 -17.300 19235.500 13227.500 -18.000 0
R 6346023E 63460240 19231.322 13231.167 -17.300 19235.500 13232.500 -16.500 0
R 6346023E 63460240 19231.322 13231.167 -17.300 19239.000 13232.667 -16.000 0
R 6346023E 63460241 19231.322 13231.167 -17.300 19235.500 13222.500 -18.000 0
R 6346023E 634602BE 19231.322 13231.167 -17.300 19228.000 13238.750 -15.750 0
R 6346023F 63460241 19228.000 13222.500 -18.000 19235.500 13217.500 -16.500 0
R 6346023F 63460241 19228.000 13217.500 -16.500 19235.500 13222.500 -18.000 0
R 63460240 63460241 19240.500 13227.500 -16.500 19235.500 13222.500 -18.000 0
R 63460240 63460241 19240.500 13227.500 -16.500 19240.666 13219.000 -16.000 0
R 63460240 63460241 19240.666 13231.000 -16.000 19235.500 13222.500 -18.000 0
R 63460240 63460241 19240.666 13231.000 -16.000 19240.500 13222.500 -16.500 0
R 63460240 63460241 19235.500 13227.500 -18.000 19235.500 13217.500 -16.500 0
R 63460240 63460241 19235.500 13227.500 -18.000 19240.500 13222.500 -16.500 0
R 63460240 63460241 19235.500 13227.500 -18.000 19240.666 13219.000 -16.000 0
R 63460240 63460241 19235.500 13232.500 -16.500 19235.500 13222.500 -18.000 0
R 63460247 63460249 19089.250 13280.002 -14.250 19095.832 13280.000 -12.000 0
R 63460247 6346024D 19089.250 13280.002 -14.250 19093.332 13280.000 -12.000 0
R 63460247 63460249 19091.750 13280.002 -12.750 19098.000 13276.683 -12.000 0
R 63460247 63460249 19091.750 13280.002 -12.750 19095.832 13280.000 -12.000 0
R 63460247 63460249 19091.750 13280.002 -12.750 19100.168 13280.000 -12.000 0
R 63460247 63460249 19091.750 13280.002 -12.750 19098.000 13283.317 -12.000 0
R 63460248 63460249 19098.000 13287.920 -11.333 19095.832 13280.000 -12.000 0
R 63460248 63460249 19098.000 13287.920 -11.333 19100.168 13280.000 -12.000 0
R 63460248 63460249 19098.000 13287.920 -11.333 19098.000 13283.317 -12.000 0
R 63460248 6346024C 19098.000 13287.920 -11.333 19098.000 13284.668 -12.000 0
R 63460249 6346024E 19098.000 13276.683 -12.000 19098.000 13272.080 -11.333 0
R 63460249 634602E8 19098.000 13276.683 -12.000 19104.250 13280.002 -11.250 0
R 63460249 634602E8 19098.000 13276.683 -12.000 19106.750 13280.002 -9.750 0
R 63460249 6346024E 19095.832 13280.000 -12.000 19098.000 13272.080 -11.333 0
R 63460249 634602E8 19095.832 13280.000 -12.000 19104.250 13280.002 -11.250 0
R 63460249 6346024E 19100.168 13280.000 -12.000 19098.000 13272.080 -11.333 0
R 63460249 634602E8 19100.168 13280.000 -12.000 19104.250 13280.002 -11.250 0
R 63460249 634602E8 19100.168 13280.000 -12.000 19106.750 13280.002 -9.750 0
R 63460249 634602E8 19098.000 13283.317 -12.000 19104.250 13280.002 -11.250 0
R 63460249 634602E8 19098.000 13283.317 -12.000 19106.750 13280.002 -9.750 0
R 6346024A 6346024E 19098.000 13275.332 -12.000 19098.000 13272.080 -11.333 0
R 6346024B 634602E8 19102.668 13280.000 -12.000 19106.750 13280.002 -9.750 0
R 6346024F 63460252 19100.080 13260.000 -11.333 19108.000 13256.683 -12.000 0
R 6346024F 63460252 19100.080 13260.000 -11.333 19105.832 13260.000 -12.000 0
R 6346024F 63460252 19100.080 13260.000 -11.333 19108.000 13263.317 -12.000 0
R 6346024F 63460256 19100.080 13260.000 -11.333 19103.332 13260.000 -12.000 0
R 63460250 6346025B 19110.080 13320.000 -11.333 19118.000 13316.683 -12.000 0
R 63460250 6346025B 19110.080 13320.000 -11.333 19115.832 13320.000 -12.000 0
R 63460250 6346025B 19110.080 13320.000 -11.333 19118.000 13323.317 -12.000 0
R 63460250 6346025F 19110.080 13320.000 -11.333 19113.332 13320.000 -12.000 0
R 63460251 63460252 19108.000 13267.920 -11.333 19105.832 13260.000 -12.000 0
R 63460251 63460252 19108.000 13267.920 -11.333 19110.168 13260.000 -12.000 0
R 63460251 63460252 19108.000 13267.920 -11.333 19108.000 13263.317 -12.000 0
R 63460251 63460255 19108.000 13267.920 -11.333 19108.000 13264.668 -12.000 0
R 63460252 634602EE 19108.000 13256.683 -12.000 19114.250 13260.002 -11.250 0
R 63460252 634602EE 19108.000 13256.683 -12.000 19116.750 13260.002 -9.750 0
R 63460252 634602EE 19105.832 13260.000 -12.000 19114.250 13260.002 -11.250 0
R 63460252 634602EE 19110.168 13260.000 -12.000 19114.250 13260.002 -11.250 0
R 63460252 634602EE 19110.168 13260.000 -12.000 19116.750 13260.002 -9.750 0
R 63460252 634602EE 19108.000 13263.317 -12.000 19114.250 13260.002 -11.250 0
R 63460252 634602EE 19108.000 13263.317 -12.000 19116.750 13260.002 -9.750 0
R 63460254 634602EE 19112.668 13260.000 -12.000 19116.750 13260.002 -9.750 0
R 6346025A 6346025B 19118.000 13327.920 -11.333 19115.832 13320.000 -12.000 0
R 6346025A 6346025B 19118.000 13327.920 -11.333 19120.168 13320.000 -12.000 0
R 6346025A 6346025B 19118.000 13327.920 -11.333 19118.000 13323.317 -12.000 0
R 6346025A 6346025E 19118.000 13327.920 -11.333 19118.000 13324.668 -12.000 0
R 63460266 63460267 19128.000 13328.750 -14.250 19128.000 13323.317 -12.000 0
R 63460266 6346026A 19128.000 13328.750 -14.250 19128.000 13324.668 -12.000 0
R 63460266 63460267 19128.000 13326.250 -12.750 19128.000 13316.683 -12.000 0
R 63460266 63460267 19128.000 13326.250 -12.750 19125.832 13320.000 -12.000 0
R 63460266 63460267 19128.000 13326.250 -12.750 19130.168 13320.000 -12.000 0
R 63460266 63460267 19128.000 13326.250 -12.750 19128.000 13323.317 -12.000 0
R 63460267 6346026C 19128.000 13316.683 -12.000 19128.000 13312.080 -11.333 0
R 63460267 6346026C 19125.832 13320.000 -12.000 19128.000 13312.080 -11.333 0
R 63460267 6346026C 19130.168 13320.000 -12.000 19128.000 13312.080 -11.333 0
R 63460268 6346026C 19128.000 13315.332 -12.000 19128.000 13312.080 -11.333 0
R 6346026D 63460271 19128.000 13298.555 -12.000 19128.000 13292.080 -11.333 0
R 63460270 63460271 19128.000 13295.332 -12.000 19128.000 13292.080 -11.333 0
R 63460272 63460276 19128.000 13248.555 -12.000 19128.000 13243.750 -12.750 0
R 63460272 63460282 19128.000 13248.555 -12.000 19135.920 13250.000 -11.333 0
R 63460273 63460282 19132.668 13250.000 -12.000 19135.920 13250.000 -11.333 0
R 63460275 63460276 19128.000 13245.332 -12.000 19128.000 13241.250 -14.250 0
R 63460278 63460279 19138.000 13327.920 -11.333 19136.555 13320.000 -12.000 0
R 63460278 6346027B 19138.000 13327.920 -11.333 19138.000 13324.668 -12.000 0
R 63460279 634602FE 19136.555 13320.000 -12.000 19138.000 13313.750 -11.250 0
R 63460279 634602FE 19136.555 13320.000 -12.000 19138.000 13311.250 -9.750 0
R 6346027A 634602FE 19138.000 13315.332 -12.000 19138.000 13311.250 -9.750 0
R 6346027D 63460281 19138.000 13298.555 -12.000 19138.000 13292.080 -11.333 0
R 63460280 63460281 19138.000 13295.332 -12.000 19138.000 13292.080 -11.333 0
R 63460284 63460288 19148.000 13308.750 -14.250 19148.000 13304.668 -12.000 0
R 63460284 63460285 19148.000 13306.250 -12.750 19148.000 13301.445 -12.000 0
R 63460289 6346028A 19158.000 13327.920 -11.333 19159.445 13320.000 -12.000 0
R 63460289 6346028B 19158.000 13327.920 -11.333 19158.000 13324.668 -12.000 0
R 6346028A 6346030D 19159.445 13320.000 -12.000 19158.000 13313.750 -11.250 0
R 6346028A 6346030D 19159.445 13320.000 -12.000 19158.000 13311.250 -9.750 0
R 6346028C 6346030D 19158.000 13315.332 -12.000 19158.000 13311.250 -9.750 0
R 6346028E 63460292 19158.000 13298.555 -12.000 19158.000 13292.080 -11.333 0
R 63460291 63460292 19158.000 13295.332 -12.000 19158.000 13292.080 -11.333 0
R 63460293 63460294 19168.000 13327.920 -11.333 19165.832 13320.000 -12.000 0
R 63460293 63460294 19168.000 13327.920 -11.333 19170.168 13320.000 -12.000 0
R 63460293 63460294 19168.000 13327.920 -11.333 19168.000 13323.317 -12.000 0
R 63460293 63460297 19168.000 13327.920 -11.333 19168.000 13324.668 -12.000 0
R 63460294 63460299 19168.000 13316.683 -12.000 19168.000 13312.080 -11.333 0
R 63460294 63460299 19165.832 13320.000 -12.000 19168.000 13312.080 -11.333 0
R 63460294 63460299 19170.168 13320.000 -12.000 19168.000 13312.080 -11.333 0
R 63460295 63460299 19168.000 13315.332 -12.000 19168.000 13312.080 -11.333 0
R 6346029A 6346029E 19168.000 13298.555 -12.000 19168.000 13292.080 -11.333 0
R 6346029D 6346029E 19168.000 13295.332 -12.000 19168.000 13292.080 -11.333 0
R 6346029F 634602A0 19178.000 13327.920 -11.333 19175.832 13320.000 -12.000 0
R 6346029F 634602A0 19178.000 13327.920 -11.333 19180.168 13320.000 -12.000 0
R 6346029F 634602A0 19178.000 13327.920 -11.333 19178.000 13323.317 -12.000 0
R 6346029F 634602A3 19178.000 13327.920 -11.333 19178.000 13324.668 -12.000 0
R 634602A0 634602A9 19178.000 13316.683 -12.000 19185.920 13320.000 -11.333 0
R 634602A0 634602A9 19180.168 13320.000 -12.000 19185.920 13320.000 -11.333 0
R 634602A0 634602A9 19178.000 13323.317 -12.000 19185.920 13320.000 -11.333 0
R 634602A2 634602A9 19182.668 13320.000 -12.000 19185.920 13320.000 -11.333 0
R 634602AA 634602AC 19210.080 13260.000 -11.333 19218.000 13256.683 -12.000 0
R 634602AA 634602AC 19210.080 13260.000 -11.333 19215.832 13260.000 -12.000 0
R 634602AA 634602AC 19210.080 13260.000 -11.333 19218.000 13263.317 -12.000 0
R 634602AA 634602B0 19210.080 13260.000 -11.333 19213.332 13260.000 -12.000 0
R 634602AB 634602AC 19218.000 13267.920 -11.333 19215.832 13260.000 -12.000 0
R 634602AB 634602AC 19218.000 13267.920 -11.333 19220.168 13260.000 -12.000 0
R 634602AB 634602AC 19218.000 13267.920 -11.333 19218.000 13263.317 -12.000 0
R 634602AB 634602AF 19218.000 13267.920 -11.333 19218.000 13264.668 -12.000 0
R 634602AC 634602B9 19218.000 13256.683 -12.000 19225.920 13260.000 -11.333 0
R 634602AC 634602B9 19220.168 13260.000 -12.000 19225.920 13260.000 -11.333 0
R 634602AC 634602B9 19218.000 13263.317 -12.000 19225.920 13260.000 -11.333 0
R 634602AE 634602B9 19222.668 13260.000 -12.000 19225.920 13260.000 -11.333 0
R 634602B4 634602B5 19216.334 13226.667 -10.000 19220.500 13222.500 -9.000 0
R 634602B4 634602B5 19216.334 13226.667 -10.000 19215.334 13220.667 -11.000 0
R 634602B4 634602BF 19216.334 13226.667 -10.000 19225.500 13227.500 -9.000 0
R 634602B4 634602B5 19220.500 13227.500 -9.000 19221.334 13218.333 -10.000 0
R 634602B4 634602B5 19220.500 13227.500 -9.000 19215.334 13220.667 -11.000 0
R 634602B4 634602B5 19220.500 13227.500 -9.000 19216.334 13223.333 -10.000 0
R 634602B4 634602BF 19220.500 13227.500 -9.000 19228.000 13232.500 -10.500 0
R 634602B4 634602B5 19215.334 13229.333 -11.000 19220.500 13222.500 -9.000 0
R 634602B4 634602B5 19215.334 13229.333 -11.000 19216.334 13223.333 -10.000 0
R 634602B4 634602BF 19218.666 13232.667 -11.000 19228.000 13232.500 -10.500 0
R 634602B4 634602BF 19218.666 13232.667 -11.000 19225.500 13227.500 -9.000 0
R 634602B4 634602B5 19221.334 13231.667 -10.000 19220.500 13222.500 -9.000 0
R 634602B4 634602BF 19221.334 13231.667 -10.000 19228.000 13232.500 -10.500 0
R 634602B4 634602BF 19221.334 13231.667 -10.000 19225.500 13227.500 -9.000 0
R 634602B5 634602C0 19221.334 13218.333 -10.000 19225.500 13222.500 -9.000 0
R 634602B5 634602C0 19221.334 13218.333 -10.000 19228.000 13217.500 -10.500 0
R 634602B5 634602C0 19220.500 13222.500 -9.000 19228.000 13217.500 -10.500 0
R 634602B5 634602C0 19218.666 13217.333 -11.000 19225.500 13222.500 -9.000 0
R 634602B5 634602C0 19218.666 13217.333 -11.000 19228.000 13217.500 -10.500 0
R 634602B5 634602C0 19216.334 13223.333 -10.000 19225.500 13222.500 -9.000 0
R 634602B6 63460357 19229.059 13308.942 -12.000 19228.000 13303.750 -11.250 0
R 634602B6 63460357 19229.059 13308.942 -12.000 19228.000 13301.250 -9.750 0
R 634602B7 63460357 19228.000 13305.990 -12.000 19228.000 13303.750 -11.250 0
R 634602B7 63460357 19228.000 13305.990 -12.000 19228.000 13301.250 -9.750 0
R 634602BA 634602BE 19228.000 13248.555 -12.000 19228.000 13243.750 -12.750 0
R 634602BD 634602BE 19228.000 13245.332 -12.000 19228.000 13241.250 -14.250 0
R 634602BF 634602CC 19230.500 13227.500 -9.000 19234.666 13231.667 -10.000 0
R 634602BF 634602CC 19230.500 13227.500 -9.000 19237.334 13232.667 -11.000 0
R 634602BF 634602CC 19230.500 13227.500 -9.000 19239.666 13226.667 -10.000 0
R 634602BF 634602CC 19228.000 13232.500 -10.500 19234.666 13231.667 -10.000 0
R 634602BF 634602CC 19228.000 13232.500 -10.500 19235.500 13227.500 -9.000 0
R 634602BF 634602CC 19228.000 13232.500 -10.500 19237.334 13232.667 -11.000 0
R 634602C0 634602CD 19228.000 13217.500 -10.500 19235.500 13222.500 -9.000 0
R 634602C0 634602CD 19228.000 13217.500 -10.500 19237.334 13217.333 -11.000 0
R 634602C0 634602CD 19228.000 13217.500 -10.500 19234.666 13218.333 -10.000 0
R 634602C0 634602CD 19230.500 13222.500 -9.000 19239.666 13223.333 -10.000 0
R 634602C0 634602CD 19230.500 13222.500 -9.000 19237.334 13217.333 -11.000 0
R 634602C0 634602CD 19230.500 13222.500 -9.000 19234.666 13218.333 -10.000 0
R 634602C8 634602D3 19240.080 13280.000 -11.333 19248.000 13276.683 -12.000 0
R 634602C8 634602D3 19240.080 13280.000 -11.333 19245.832 13280.000 -12.000 0
R 634602C8 634602D3 19240.080 13280.000 -11.333 19248.000 13283.317 -12.000 0
R 634602C8 634602D7 19240.080 13280.000 -11.333 19243.332 13280.000 -12.000 0
R 634602C9 634602D8 19240.080 13270.000 -11.333 19248.000 13266.683 -12.000 0
R 634602C9 634602D8 19240.080 13270.000 -11.333 19245.832 13270.000 -12.000 0
R 634602C9 634602D8 19240.080 13270.000 -11.333 19248.000 13273.317 -12.000 0
R 634602C9 634602DC 19240.080 13270.000 -11.333 19243.332 13270.000 -12.000 0
R 634602CA 634602DD 19240.080 13260.000 -11.333 19248.000 13256.683 -12.000 0
R 634602CA 634602DD 19240.080 13260.000 -11.333 19245.832 13260.000 -12.000 0
R 634602CA 634602DD 19240.080 13260.000 -11.333 19248.000 13263.317 -12.000 0
R 634602CA 634602E1 19240.080 13260.000 -11.333 19243.332 13260.000 -12.000 0
R 634602CC 634602CD 19234.666 13231.667 -10.000 19235.500 13222.500 -9.000 0
R 634602CC 634602CD 19235.500 13227.500 -9.000 19239.666 13223.333 -10.000 0
R 634602CC 634602CD 19235.500 13227.500 -9.000 19240.666 13220.667 -11.000 0
R 634602CC 634602CD 19235.500 13227.500 -9.000 19234.666 13218.333 -10.000 0
R 634602CC 634602CD 19240.666 13229.333 -11.000 19239.666 13223.333 -10.000 0
R 634602CC 634602CD 19240.666 13229.333 -11.000 19235.500 13222.500 -9.000 0
R 634602CC 634602CD 19239.666 13226.667 -10.000 19235.500 13222.500 -9.000 0
R 634602CC 634602CD 19239.666 13226.667 -10.000 19240.666 13220.667 -11.000 0
R 634602CE 634602CF 19248.000 13297.920 -11.333 19246.555 13290.000 -12.000 0
R 634602CE 634602D1 19248.000 13297.920 -11.333 19248.000 13294.668 -12.000 0
R 634602D3 634602E5 19248.000 13276.683 -12.000 19255.920 13280.000 -11.333 0
R 634602D3 634602E5 19250.168 13280.000 -12.000 19255.920 13280.000 -11.333 0
R 634602D3 634602E5 19248.000 13283.317 -12.000 19255.920 13280.000 -11.333 0
R 634602D5 634602E5 19252.668 13280.000 -12.000 19255.920 13280.000 -11.333 0
R 634602D8 634602E6 19248.000 13266.683 -12.000 19255.920 13270.000 -11.333 0
R 634602D8 634602E6 19250.168 13270.000 -12.000 19255.920 13270.000 -11.333 0
R 634602D8 634602E6 19248.000 13273.317 -12.000 19255.920 13270.000 -11.333 0
R 634602DA 634602E6 19252.668 13270.000 -12.000 19255.920 13270.000 -11.333 0
R 634602DD 634602E7 19248.000 13256.683 -12.000 19255.920 13260.000 -11.333 0
R 634602DD 634602E7 19250.168 13260.000 -12.000 19255.920 13260.000 -11.333 0
R 634602DD 634602E7 19248.000 13263.317 -12.000 19255.920 13260.000 -11.333 0
R 634602DF 634602E7 19252.668 13260.000 -12.000 19255.920 13260.000 -11.333 0
R 634602E8 634602EB 19109.250 13280.002 -8.250 19113.332 13280.000 -6.000 0
R 634602E8 634602E9 19111.750 13280.002 -6.750 19118.000 13278.555 -6.000 0
R 634602E9 634602ED 19118.000 13278.555 -6.000 19118.000 13272.080 -5.333 0
R 634602EC 634602ED 19118.000 13275.332 -6.000 19118.000 13272.080 -5.333 0
R 634602EE 634602FC 19119.250 13260.002 -8.250 19123.332 13260.000 -6.000 0
R 634602EE 634602F9 19121.750 13260.002 -6.750 19126.555 13260.000 -6.000 0
R 634602EF 634602F0 19128.000 13287.920 -5.333 19125.832 13280.000 -6.000 0
R 634602EF 634602F0 19128.000 13287.920 -5.333 19130.168 13280.000 -6.000 0
R 634602EF 634602F0 19128.000 13287.920 -5.333 19128.000 13283.317 -6.000 0
R 634602EF 634602F3 19128.000 13287.920 -5.333 19128.000 13284.668 -6.000 0
R 634602F0 63460303 19128.000 13276.683 -6.000 19135.920 13280.000 -5.333 0
R 634602F0 63460303 19130.168 13280.000 -6.000 19135.920 13280.000 -5.333 0
R 634602F0 63460303 19128.000 13283.317 -6.000 19135.920 13280.000 -5.333 0
R 634602F2 63460303 19132.668 13280.000 -6.000 19135.920 13280.000 -5.333 0
R 634602F5 63460367 19129.445 13270.000 -6.000 19134.250 13270.002 -5.250 0
R 634602F5 63460367 19129.445 13270.000 -6.000 19136.750 13270.002 -3.750 0
R 634602F8 63460367 19132.668 13270.000 -6.000 19136.750 13270.002 -3.750 0
R 634602F9 634602FD 19126.555 13260.000 -6.000 19128.000 13252.080 -5.333 0
R 634602FA 634602FD 19128.000 13255.332 -6.000 19128.000 13252.080 -5.333 0
R 634602FE 63460301 19138.000 13308.750 -8.250 19138.000 13304.010 -6.000 0
R 634602FE 634602FF 19138.000 13306.250 -6.750 19139.059 13301.058 -6.000 0
R 634602FE 63460301 19138.000 13306.250 -6.750 19138.000 13304.010 -6.000 0
R 63460302 63460308 19140.080 13290.000 -5.333 19148.000 13286.683 -6.000 0
R 63460302 63460308 19140.080 13290.000 -5.333 19145.832 13290.000 -6.000 0
R 63460302 63460308 19140.080 13290.000 -5.333 19148.000 13293.317 -6.000 0
R 63460302 6346030C 19140.080 13290.000 -5.333 19143.332 13290.000 -6.000 0
R 63460308 63460311 19148.000 13286.683 -6.000 19155.920 13290.000 -5.333 0
R 63460308 63460368 19148.000 13286.683 -6.000 19148.000 13283.750 -5.250 0
R 63460308 63460368 19148.000 13286.683 -6.000 19148.000 13281.250 -3.750 0
R 63460308 63460368 19145.832 13290.000 -6.000 19148.000 13283.750 -5.250 0
R 63460308 63460368 19145.832 13290.000 -6.000 19148.000 13281.250 -3.750 0
R 63460308 63460311 19150.168 13290.000 -6.000 19155.920 13290.000 -5.333 0
R 63460308 63460368 19150.168 13290.000 -6.000 19148.000 13283.750 -5.250 0
R 63460308 63460368 19150.168 13290.000 -6.000 19148.000 13281.250 -3.750 0
R 63460308 63460311 19148.000 13293.317 -6.000 19155.920 13290.000 -5.333 0
R 63460308 63460368 19148.000 13293.317 -6.000 19148.000 13283.750 -5.250 0
R 63460309 63460368 19148.000 13285.332 -6.000 19148.000 13281.250 -3.750 0
R 6346030A 63460311 19152.668 13290.000 -6.000 19155.920 13290.000 -5.333 0
R 6346030D 6346030F 19158.000 13308.750 -8.250 19158.000 13304.010 -6.000 0
R 6346030D 6346030E 19158.000 13306.250 -6.750 19156.941 13301.058 -6.000 0
R 6346030D 6346030F 19158.000 13306.250 -6.750 19158.000 13304.010 -6.000 0
R 63460312 63460318 19170.080 13280.000 -5.333 19178.000 13276.683 -6.000 0
R 63460312 63460318 19170.080 13280.000 -5.333 19175.832 13280.000 -6.000 0
R 63460312 63460318 19170.080 13280.000 -5.333 19178.000 13283.317 -6.000 0
R 63460312 6346031C 19170.080 13280.000 -5.333 19173.332 13280.000 -6.000 0
R 63460313 63460370 19168.000 13270.000 -6.000 19161.750 13269.998 -5.250 0
R 63460313 63460370 19168.000 13270.000 -6.000 19159.250 13269.998 -3.750 0
R 63460313 63460370 19164.691 13270.000 -6.000 19161.750 13269.998 -5.250 0
R 63460313 63460370 19164.691 13270.000 -6.000 19159.250 13269.998 -3.750 0
R 63460313 63460370 19171.309 13270.000 -6.000 19161.750 13269.998 -5.250 0
R 63460314 63460321 19170.080 13260.000 -5.333 19178.000 13256.683 -6.000 0
R 63460314 63460321 19170.080 13260.000 -5.333 19175.832 13260.000 -6.000 0
R 63460314 63460321 19170.080 13260.000 -5.333 19178.000 13263.317 -6.000 0
R 63460314 63460325 19170.080 13260.000 -5.333 19173.332 13260.000 -6.000 0
R 63460318 6346032A 19178.000 13276.683 -6.000 19185.920 13280.000 -5.333 0
R 63460318 6346032A 19180.168 13280.000 -6.000 19185.920 13280.000 -5.333 0
R 63460318 6346032A 19178.000 13283.317 -6.000 19185.920 13280.000 -5.333 0
R 6346031A 6346032A 19182.668 13280.000 -6.000 19185.920 13280.000 -5.333 0
R 63460321 6346032B 19178.000 13256.683 -6.000 19185.920 13260.000 -5.333 0
R 63460321 6346032B 19180.168 13260.000 -6.000 19185.920 13260.000 -5.333 0
R 63460321 6346032B 19178.000 13263.317 -6.000 19185.920 13260.000 -5.333 0
R 63460323 6346032B 19182.668 13260.000 -6.000 19185.920 13260.000 -5.333 0
R 6346032D 6346032E 19198.000 13297.920 -5.333 19195.832 13290.000 -6.000 0
R 6346032D 6346032E 19198.000 13297.920 -5.333 19200.168 13290.000 -6.000 0
R 6346032D 6346032E 19198.000 13297.920 -5.333 19198.000 13293.317 -6.000 0
R 6346032D 63460331 19198.000 13297.920 -5.333 19198.000 13294.668 -6.000 0
R 6346032E 63460333 19198.000 13286.683 -6.000 19198.000 13282.080 -5.333 0
R 6346032E 63460333 19195.832 13290.000 -6.000 19198.000 13282.080 -5.333 0
R 6346032E 63460333 19200.168 13290.000 -6.000 19198.000 13282.080 -5.333 0
R 6346032F 63460333 19198.000 13285.332 -6.000 19198.000 13282.080 -5.333 0
R 63460334 63460335 19198.000 13257.920 -5.333 19195.832 13250.000 -6.000 0
R 63460334 63460335 19198.000 13257.920 -5.333 19200.168 13250.000 -6.000 0
R 63460334 63460335 19198.000 13257.920 -5.333 19198.000 13253.317 -6.000 0
R 63460334 63460338 19198.000 13257.920 -5.333 19198.000 13254.668 -6.000 0
R 63460335 6346033A 19198.000 13246.683 -6.000 19198.000 13242.080 -5.333 0
R 63460335 6346033A 19195.832 13250.000 -6.000 19198.000 13242.080 -5.333 0
R 63460335 6346033A 19200.168 13250.000 -6.000 19198.000 13242.080 -5.333 0
R 63460336 6346033A 19198.000 13245.332 -6.000 19198.000 13242.080 -5.333 0
R 6346033B 6346033C 19208.000 13297.920 -5.333 19205.832 13290.000 -6.000 0
R 6346033B 6346033C 19208.000 13297.920 -5.333 19210.168 13290.000 -6.000 0
R 6346033B 6346033C 19208.000 13297.920 -5.333 19208.000 13293.317 -6.000 0
R 6346033B 6346033F 19208.000 13297.920 -5.333 19208.000 13294.668 -6.000 0
R 6346033C 63460341 19208.000 13286.683 -6.000 19208.000 13282.080 -5.333 0
R 6346033C 63460341 19205.832 13290.000 -6.000 19208.000 13282.080 -5.333 0
R 6346033C 63460341 19210.168 13290.000 -6.000 19208.000 13282.080 -5.333 0
R 6346033D 63460341 19208.000 13285.332 -6.000 19208.000 13282.080 -5.333 0
R 63460342 63460343 19208.000 13257.920 -5.333 19205.832 13250.000 -6.000 0
R 63460342 63460343 19208.000 13257.920 -5.333 19210.168 13250.000 -6.000 0
R 63460342 63460343 19208.000 13257.920 -5.333 19208.000 13253.317 -6.000 0
R 63460342 63460346 19208.000 13257.920 -5.333 19208.000 13254.668 -6.000 0
R 63460343 63460348 19208.000 13246.683 -6.000 19208.000 13242.080 -5.333 0
R 63460343 63460348 19205.832 13250.000 -6.000 19208.000 13242.080 -5.333 0
R 63460343 63460348 19210.168 13250.000 -6.000 19208.000 13242.080 -5.333 0
R 63460344 63460348 19208.000 13245.332 -6.000 19208.000 13242.080 -5.333 0
R 63460349 6346034A 19218.000 13297.920 -5.333 19215.832 13290.000 -6.000 0
R 63460349 6346034A 19218.000 13297.920 -5.333 19220.168 13290.000 -6.000 0
R 63460349 6346034A 19218.000 13297.920 -5.333 19218.000 13293.317 -6.000 0
R 63460349 6346034D 19218.000 13297.920 -5.333 19218.000 13294.668 -6.000 0
R 6346034A 6346034F 19218.000 13286.683 -6.000 19218.000 13282.080 -5.333 0
R 6346034A 6346034F 19215.832 13290.000 -6.000 19218.000 13282.080 -5.333 0
R 6346034A 6346034F 19220.168 13290.000 -6.000 19218.000 13282.080 -5.333 0
R 6346034B 6346034F 19218.000 13285.332 -6.000 19218.000 13282.080 -5.333 0
R 63460350 63460351 19218.000 13257.920 -5.333 19215.832 13250.000 -6.000 0
R 63460350 63460351 19218.000 13257.920 -5.333 19220.168 13250.000 -6.000 0
R 63460350 63460351 19218.000 13257.920 -5.333 19218.000 13253.317 -6.000 0
R 63460350 63460354 19218.000 13257.920 -5.333 19218.000 13254.668 -6.000 0
R 63460351 63460356 19218.000 13246.683 -6.000 19218.000 13242.080 -5.333 0
R 63460351 63460356 19215.832 13250.000 -6.000 19218.000 13242.080 -5.333 0
R 63460351 63460356 19220.168 13250.000 -6.000 19218.000 13242.080 -5.333 0
R 63460352 63460356 19218.000 13245.332 -6.000 19218.000 13242.080 -5.333 0
R 63460357 63460358 19228.000 13298.750 -8.250 19228.000 13293.317 -6.000 0
R 63460357 6346035B 19228.000 13298.750 -8.250 19228.000 13294.668 -6.000 0
R 63460357 63460358 19228.000 13296.250 -6.750 19228.000 13286.683 -6.000 0
R 63460357 63460358 19228.000 13296.250 -6.750 19225.832 13290.000 -6.000 0
R 63460357 63460358 19228.000 13296.250 -6.750 19230.168 13290.000 -6.000 0
R 63460357 63460358 19228.000 13296.250 -6.750 19228.000 13293.317 -6.000 0
R 63460358 6346035D 19228.000 13286.683 -6.000 19228.000 13282.080 -5.333 0
R 63460358 63460365 19228.000 13286.683 -6.000 19235.920 13290.000 -5.333 0
R 63460358 6346035D 19225.832 13290.000 -6.000 19228.000 13282.080 -5.333 0
R 63460358 6346035D 19230.168 13290.000 -6.000 19228.000 13282.080 -5.333 0
R 63460358 63460365 19230.168 13290.000 -6.000 19235.920 13290.000 -5.333 0
R 63460358 63460365 19228.000 13293.317 -6.000 19235.920 13290.000 -5.333 0
R 63460359 6346035D 19228.000 13285.332 -6.000 19228.000 13282.080 -5.333 0
R 6346035A 63460365 19232.668 13290.000 -6.000 19235.920 13290.000 -5.333 0
R 6346035E 6346035F 19228.000 13257.920 -5.333 19225.832 13250.000 -6.000 0
R 6346035E 6346035F 19228.000 13257.920 -5.333 19230.168 13250.000 -6.000 0
R 6346035E 6346035F 19228.000 13257.920 -5.333 19228.000 13253.317 -6.000 0
R 6346035E 63460362 19228.000 13257.920 -5.333 19228.000 13254.668 -6.000 0
R 6346035F 63460364 19228.000 13246.683 -6.000 19228.000 13242.080 -5.333 0
R 6346035F 63460366 19228.000 13246.683 -6.000 19235.920 13250.000 -5.333 0
R 6346035F 63460364 19225.832 13250.000 -6.000 19228.000 13242.080 -5.333 0
R 6346035F 63460364 19230.168 13250.000 -6.000 19228.000 13242.080 -5.333 0
R 6346035F 63460366 19230.168 13250.000 -6.000 19235.920 13250.000 -5.333 0
R 6346035F 63460366 19228.000 13253.317 -6.000 19235.920 13250.000 -5.333 0
R 63460360 63460364 19228.000 13245.332 -6.000 19228.000 13242.080 -5.333 0
R 63460361 63460366 19232.668 13250.000 -6.000 19235.920 13250.000 -5.333 0
R 63460367 63460369 19139.250 13270.002 -2.250 19145.832 13270.000 -0.000 0
R 63460367 6346036D 19139.250 13270.002 -2.250 19143.332 13270.000 -0.000 0
R 63460367 63460369 19141.750 13270.002 -0.750 19148.000 13266.683 -0.000 0
R 63460367 63460369 19141.750 13270.002 -0.750 19145.832 13270.000 -0.000 0
R 63460367 63460369 19141.750 13270.002 -0.750 19150.168 13270.000 -0.000 0
R 63460367 63460369 19141.750 13270.002 -0.750 19148.000 13273.317 -0.000 0
R 63460368 63460369 19148.000 13278.750 -2.250 19148.000 13273.317 -0.000 0
R 63460368 6346036C 19148.000 13278.750 -2.250 19148.000 13274.668 -0.000 0
R 63460368 63460369 19148.000 13276.250 -0.750 19148.000 13266.683 -0.000 0
R 63460368 63460369 19148.000 13276.250 -0.750 19145.832 13270.000 -0.000 0
R 63460368 63460369 19148.000 13276.250 -0.750 19150.168 13270.000 -0.000 0
R 63460368 63460369 19148.000 13276.250 -0.750 19148.000 13273.317 -0.000 0
R 63460369 63460370 19148.000 13266.683 -0.000 19154.250 13269.998 -0.750 0
R 63460369 63460370 19145.832 13270.000 -0.000 19154.250 13269.998 -0.750 0
R 63460369 63460370 19150.168 13270.000 -0.000 19156.750 13269.998 -2.250 0
R 63460369 63460370 19150.168 13270.000 -0.000 19154.250 13269.998 -0.750 0
R 63460369 63460370 19148.000 13273.317 -0.000 19154.250 13269.998 -0.750 0
R 6346036B 63460370 19152.668 13270.000 -0.000 19156.750 13269.998 -2.250 0
R 6346036E 6346036F 19148.000 13260.000 -0.000 19148.000 13252.080 0.667 0
R 6346036E 6346036F 19148.000 13256.689 -0.000 19148.000 13252.080 0.667 0
D 6346012E 63460118 19043.914 13257.915 -24.000 19038.750 13256.250 -24.000 0
D 6346012E 63460118 19043.914 13257.915 -24.000 19038.750 13256.750 -24.000 0
D 6346012E 63460118 19043.914 13257.915 -24.000 19038.750 13257.250 -24.000 0
D 6346012E 63460118 19043.914 13257.915 -24.000 19038.750 13257.750 -24.000 0
D 6346012E 63460118 19043.914 13257.915 -24.000 19038.750 13258.250 -24.000 0
D 6346012E 63460118 19043.914 13257.915 -24.000 19038.750 13258.750 -24.000 0
D 6346012E 63460118 19043.914 13257.915 -24.000 19038.750 13259.250 -24.000 0
D 6346012E 63460118 19043.914 13257.915 -24.000 19039.250 13256.250 -24.000 0
D 6346012E 63460118 19043.914 13257.915 -24.000 19039.250 13259.750 -24.000 0
D 6346012E 63460118 19043.914 13257.915 -24.000 19039.250 13260.250 -24.000 0
D 6346012E 63460118 19043.914 13257.915 -24.000 19039.750 13260.750 -24.000 0
D 6346012E 63460118 19043.914 13257.915 -24.000 19039.750 13261.250 -24.000 0
D 6346012E 63460118 19043.914 13257.915 -24.000 19040.250 13261.250 -24.000 0
D 6346012E 63460118 19043.914 13257.915 -24.000 19040.250 13261.750 -24.000 0
D 6346012E 63460118 19043.914 13257.915 -24.000 19040.750 13261.750 -24.000 0
D 6346012E 63460118 19043.914 13257.915 -24.000 19040.750 13262.250 -24.000 0
D 6346012E 63460118 19043.914 13257.915 -24.000 19041.250 13262.250 -24.000 0
D 6346012E 63460118 19043.914 13257.915 -24.000 19041.750 13262.750 -24.000 0
D 6346012E 63460118 19043.914 13257.915 -24.000 19042.250 13262.750 -24.000 0
D 6346012E 63460118 19043.914 13258.415 -24.000 19038.750 13256.750 -24.000 0
D 6346012E 63460118 19043.914 13258.415 -24.000 19038.750 13257.250 -24.000 0
D 6346012E 63460118 19043.914 13258.415 -24.000 19038.750 13257.750 -24.000 0
D 6346012E 63460118 19043.914 13258.415 -24.000 19038.750 13258.250 -24.000 0
D 6346012E 63460118 19043.914 13258.415 -24.000 19038.750 13258.750 -24.000 0
D 6346012E 63460118 19043.914 13258.415 -24.000 19038.750 13259.250 -24.000 0
D 6346012E 63460118 19043.914 13258.415 -24.000 19038.750 13259.750 -24.000 0
D 6346012E 63460118 19043.914 13258.415 -24.000 19039.250 13255.750 -24.000 0
D 6346012E 63460118 19043.914 13258.415 -24.000 19039.250 13256.250 -24.000 0
D 6346012E 63460118 19043.914 13258.415 -24.000 19039.250 13256.750 -24.000 0
D 6346012E 63460118 19043.914 13258.415 -24.000 19039.250 13260.250 -24.000 0
D 6346012E 63460118 19043.914 13258.415 -24.000 19039.250 13260.750 -24.000 0
D 6346012E 63460118 19043.914 13258.415 -24.000 19039.750 13261.250 -24.000 0
D 6346012E 63460118 19043.914 13258.415 -24.000 19039.750 13261.750 -24.000 0
D 6346012E 63460118 19043.914 13258.415 -24.000 19040.250 13261.750 -24.000 0
D 6346012E 63460118 19043.914 13258.415 -24.000 19040.250 13262.250 -24.000 0
D 6346012E 63460118 19043.914 13258.415 -24.000 19040.750 13262.250 -24.000 0
D 6346012E 63460118 19043.914 13258.415 -24.000 19040.750 13262.750 -24.000 0
D 6346012E 63460118 19043.914 13258.415 -24.000 19041.250 13262.750 -24.000 0
D 6346012E 63460118 19043.914 13258.415 -24.000 19041.750 13263.250 -24.000 0
D 6346012E 63460118 19043.914 13258.415 -24.000 19042.250 13263.250 -24.000 0
D 6346012E 63460118 19043.914 13258.915 -24.000 19038.750 13257.250 -24.000 0
D 6346012E 63460118 19043.914 13258.915 -24.000 19038.750 13257.750 -24.000 0
D 6346012E 63460118 19043.914 13258.915 -24.000 19038.750 13258.250 -24.000 0
D 6346012E 63460118 19043.914 13258.915 -24.000 19038.750 13258.750 -24.000 0
D 6346012E 63460118 19043.914 13258.915 -24.000 19038.750 13259.250 -24.000 0
D 6346012E 63460118 19043.914 13258.915 -24.000 19038.750 13259.750 -24.000 0
D 6346012E 63460118 19043.914 13258.915 -24.000 19038.750 13260.250 -24.000 0
D 6346012E 63460118 19043.914 13258.915 -24.000 19039.250 13256.250 -24.000 0
D 6346012E 63460118 19043.914 13258.915 -24.000 19039.250 13256.750 -24.000 0
D 6346012E 63460118 19043.914 13258.915 -24.000 19039.250 13257.250 -24.000 0
D 6346012E 63460118 19043.914 13258.915 -24.000 19039.250 13260.750 -24.000 0
D 6346012E 63460118 19043.914 13258.915 -24.000 19039.250 13261.250 -24.000 0
D 6346012E 63460118 19043.914 13258.915 -24.000 19039.750 13255.750 -24.000 0
D 6346012E 63460118 19043.914 13258.915 -24.000 19039.750 13261.750 -24.000 0
D 6346012E 63460118 19043.914 13258.915 -24.000 19039.750 13262.250 -24.000 0
D 6346012E 63460118 19043.914 13258.915 -24.000 19040.250 13262.250 -24.000 0
D 6346012E 63460118 19043.914 13258.915 -24.000 19040.250 13262.750 -24.000 0
D 6346012E 63460118 19043.914 13258.915 -24.000 19040.750 13262.750 -24.000 0
D 6346012E 63460118 19043.914 13258.915 -24.000 19040.750 13263.250 -24.000 0
D 6346012E 63460118 19043.914 13258.915 -24.000 19041.250 13263.250 -24.000 0
D 6346012E 63460118 19043.914 13258.915 -24.000 19041.750 13263.750 -24.000 0
D 6346012E 63460118 19043.914 13258.915 -24.000 19042.250 13263.750 -24.000 0
D 6346012E 63460118 19043.914 13259.415 -24.000 19038.750 13257.750 -24.000 0
D 6346012E 63460118 19043.914 13259.415 -24.000 19038.750 13258.250 -24.000 0
D 6346012E 63460118 19043.914 13259.415 -24.000 19038.750 13258.750 -24.000 0
D 6346012E 63460118 19043.914 13259.415 -24.000 19038.750 13259.250 -24.000 0
D 6346012E 63460118 19043.914 13259.415 -24.000 19038.750 13259.750 -24.000 0
D 6346012E 63460118 19043.914 13259.415 -24.000 19038.750 13260.250 -24.000 0
D 6346012E 63460118 19043.914 13259.415 -24.000 19038.750 13260.750 -24.000 0
D 6346012E 63460118 19043.914 13259.415 -24.000 19039.250 13256.750 -24.000 0
D 6346012E 63460118 19043.914 13259.415 -24.000 19039.250 13257.250 -24.000 0
D 6346012E 63460118 19043.914 13259.415 -24.000 19039.250 13257.750 -24.000 0
D 6346012E 63460118 19043.914 13259.415 -24.000 19039.250 13261.250 -24.000 0
D 6346012E 63460118 19043.914 13259.415 -24.000 19039.250 13261.750 -24.000 0
D 6346012E 63460118 19043.914 13259.415 -24.000 19039.750 13256.250 -24.000 0
D 6346012E 63460118 19043.914 13259.415 -24.000 19039.750 13262.250 -24.000 0
D 6346012E 63460118 19043.914 13259.415 -24.000 19039.750 13262.750 -24.000 0
D 6346012E 63460118 19043.914 13259.415 -24.000 19040.250 13255.750 -24.000 0
D 6346012E 63460118 19043.914 13259.415 -24.000 19040.250 13262.750 -24.000 0
D 6346012E 63460118 19043.914 13259.415 -24.000 19040.250 13263.250 -24.000 0
D 6346012E 63460118 19043.914 13259.415 -24.000 19040.750 13263.250 -24.000 0
D 6346012E 63460118 19043.914 13259.415 -24.000 19040.750 13263.750 -24.000 0
D 6346012E 63460118 19043.914 13259.415 -24.000 19041.250 13263.750 -24.000 0
D 6346012E 63460118 19043.914 13259.415 -24.000 19041.750 13264.250 -24.000 0
D 6346012E 63460118 19043.914 13259.415 -24.000 19042.250 13264.250 -24.000 0
D 6346012E 63460118 19043.914 13259.915 -24.000 19038.750 13258.250 -24.000 0
D 6346012E 63460118 19043.914 13259.915 -24.000 19038.750 13258.750 -24.000 0
D 6346012E 63460118 19043.914 13259.915 -24.000 19038.750 13259.250 -24.000 0
D 6346012E 63460118 19043.914 13259.915 -24.000 19038.750 13259.750 -24.000 0
D 6346012E 63460118 19043.914 13259.915 -24.000 19038.750 13260.250 -24.000 0
D 6346012E 63460118 19043.914 13259.915 -24.000 19038.750 13260.750 -24.000 0
D 6346012E 63460118 19043.914 13259.915 -24.000 19038.750 13261.250 -24.000 0
D 6346012E 63460118 19043.914 13259.915 -24.000 19039.250 13257.250 -24.000 0
D 6346012E 63460118 19043.914 13259.915 -24.000 19039.250 13257.750 -24.000 0
D 6346012E 63460118 19043.914 13259.915 -24.000 19039.250 13258.250 -24.000 0
D 6346012E 63460118 19043.914 13259.915 -24.000 19039.250 13261.750 -24.000 0
D 6346012E 63460118 19043.914 13259.915 -24.000 19039.250 13262.250 -24.000 0
D 6346012E 63460118 19043.914 13259.915 -24.000 19039.750 13256.750 -24.000 0
D 6346012E 63460118 19043.914 13259.915 -24.000 19039.750 13262.750 -24.000 0
D 6346012E 63460118 19043.914 13259.915 -24.000 19039.750 13263.250 -24.000 0
D 6346012E 63460118 19043.914 13259.915 -24.000 19040.250 13256.250 -24.000 0
D 6346012E 63460118 19043.914 13259.915 -24.000 19040.250 13263.250 -24.000 0
D 6346012E 63460118 19043.914 13259.915 -24.000 19040.250 13263.750 -24.000 0
D 6346012E 63460118 19043.914 13259.915 -24.000 19040.750 13255.750 -24.000 0
D 6346012E 63460118 19043.914 13259.915 -24.000 19040.750 13263.750 -24.000 0
D 6346012E 63460118 19043.914 13259.915 -24.000 19040.750 13264.250 -24.000 0
D 6346012E 63460118 19043.914 13259.915 -24.000 19041.250 13264.250 -24.000 0
D 6346012E 63460118 19043.914 13260.415 -24.000 19038.750 13258.750 -24.000 0
D 6346012E 63460118 19043.914 13260.415 -24.000 19038.750 13259.250 -24.000 0
D 6346012E 63460118 19043.914 13260.415 -24.000 19038.750 13259.750 -24.000 0
D 6346012E 63460118 19043.914 13260.415 -24.000 19038.750 13260.250 -24.000 0
D 6346012E 63460118 19043.914 13260.415 -24.000 19038.750 13260.750 -24.000 0
D 6346012E 63460118 19043.914 13260.415 -24.000 19038.750 13261.250 -24.000 0
D 6346012E 63460118 19043.914 13260.415 -24.000 19038.750 13261.750 -24.000 0
D 6346012E 63460118 19043.914 13260.415 -24.000 19039.250 13257.750 -24.000 0
D 6346012E 63460118 19043.914 13260.415 -24.000 19039.250 13258.250 -24.000 0
D 6346012E 63460118 19043.914 13260.415 -24.000 19039.250 13258.750 -24.000 0
D 6346012E 63460118 19043.914 13260.415 -24.000 19039.250 13262.250 -24.000 0
D 6346012E 63460118 19043.914 13260.415 -24.000 19039.250 13262.750 -24.000 0
D 6346012E 63460118 19043.914 13260.415 -24.000 19039.750 13257.250 -24.000 0
D 6346012E 63460118 19043.914 13260.415 -24.000 19039.750 13263.250 -24.000 0
D 6346012E 63460118 19043.914 13260.415 -24.000 19039.750 13263.750 -24.000 0
D 6346012E 63460118 19043.914 13260.415 -24.000 19040.250 13256.750 -24.000 0
D 6346012E 63460118 19043.914 13260.415 -24.000 19040.250 13263.750 -24.000 0
D 6346012E 63460118 19043.914 13260.415 -24.000 19040.250 13264.250 -24.000 0
D 6346012E 63460118 19043.914 13260.415 -24.000 19040.750 13256.250 -24.000 0
D 6346012E 63460118 19043.914 13260.415 -24.000 19040.750 13264.250 -24.000 0
D 6346012E 63460118 19043.914 13260.415 -24.000 19041.250 13255.750 -24.000 0
D 6346012E 63460118 19043.914 13260.415 -24.000 19041.750 13255.750 -24.000 0
D 6346012E 63460118 19043.914 13260.415 -24.000 19042.250 13255.750 -24.000 0
D 6346012E 63460118 19043.914 13260.915 -24.000 19038.750 13259.250 -24.000 0
D 6346012E 63460118 19043.914 13260.915 -24.000 19038.750 13259.750 -24.000 0
D 6346012E 63460118 19043.914 13260.915 -24.000 19038.750 13260.250 -24.000 0
D 6346012E 63460118 19043.914 13260.915 -24.000 19038.750 13260.750 -24.000 0
D 6346012E 63460118 19043.914 13260.915 -24.000 19038.750 13261.250 -24.000 0
D 6346012E 63460118 19043.914 13260.915 -24.000 19038.750 13261.750 -24.000 0
D 6346012E 63460118 19043.914 13260.915 -24.000 19038.750 13262.250 -24.000 0
D 6346012E 63460118 19043.914 13260.915 -24.000 19039.250 13258.250 -24.000 0
D 6346012E 63460118 19043.914 13260.915 -24.000 19039.250 13258.750 -24.000 0
D 6346012E 63460118 19043.914 13260.915 -24.000 19039.250 13259.250 -24.000 0
D 6346012E 63460118 19043.914 13260.915 -24.000 19039.250 13262.750 -24.000 0
D 6346012E 63460118 19043.914 13260.915 -24.000 19039.250 13263.250 -24.000 0
D 6346012E 63460118 19043.914 13260.915 -24.000 19039.750 13257.750 -24.000 0
D 6346012E 63460118 19043.914 13260.915 -24.000 19039.750 13263.750 -24.000 0
D 6346012E 63460118 19043.914 13260.915 -24.000 19039.750 13264.250 -24.000 0
D 6346012E 63460118 19043.914 13260.915 -24.000 19040.250 13257.250 -24.000 0
D 6346012E 63460118 19043.914 13260.915 -24.000 19040.250 13264.250 -24.000 0
D 6346012E 63460118 19043.914 13260.915 -24.000 19040.750 13256.750 -24.000 0
D 6346012E 63460118 19043.914 13260.915 -24.000 19041.250 13256.250 -24.000 0
D 6346012E 63460118 19043.914 13260.915 -24.000 19041.750 13256.250 -24.000 0
D 6346012E 63460118 19043.914 13260.915 -24.000 19042.250 13255.750 -24.000 0
D 6346012E 63460118 19043.914 13260.915 -24.000 19042.250 13256.250 -24.000 0
D 6346012E 63460118 19043.914 13261.415 -24.000 19038.750 13259.750 -24.000 0
D 6346012E 63460118 19043.914 13261.415 -24.000 19038.750 13260.250 -24.000 0
D 6346012E 63460118 19043.914 13261.415 -24.000 19038.750 13260.750 -24.000 0
D 6346012E 63460118 19043.914 13261.415 -24.000 19038.750 13261.250 -24.000 0
D 6346012E 63460118 19043.914 13261.415 -24.000 19038.750 13261.750 -24.000 0
D 6346012E 63460118 19043.914 13261.415 -24.000 19038.750 13262.250 -24.000 0
D 6346012E 63460118 19043.914 13261.415 -24.000 19038.750 13262.750 -24.000 0
D 6346012E 63460118 19043.914 13261.415 -24.000 19039.250 13258.750 -24.000 0
D 6346012E 63460118 19043.914 13261.415 -24.000 19039.250 13259.250 -24.000 0
D 6346012E 63460118 19043.914 13261.415 -24.000 19039.250 13259.750 -24.000 0
D 6346012E 63460118 19043.914 13261.415 -24.000 19039.250 13263.250 -24.000 0
D 6346012E 63460118 19043.914 13261.415 -24.000 19039.250 13263.750 -24.000 0
D 6346012E 63460118 19043.914 13261.415 -24.000 19039.750 13258.250 -24.000 0
D 6346012E 63460118 19043.914 13261.415 -24.000 19039.750 13264.250 -24.000 0
D 6346012E 63460118 19043.914 13261.415 -24.000 19040.250 13257.750 -24.000 0
D 6346012E 63460118 19043.914 13261.415 -24.000 19040.750 13257.250 -24.000 0
D 6346012E 63460118 19043.914 13261.415 -24.000 19041.250 13256.750 -24.000 0
D 6346012E 63460118 19043.914 13261.415 -24.000 19041.750 13256.750 -24.000 0
D 6346012E 63460118 19043.914 13261.415 -24.000 19042.250 13256.250 -24.000 0
D 6346012E 63460118 19043.914 13261.415 -24.000 19042.250 13256.750 -24.000 0
D 6346012E 63460118 19043.914 13261.915 -24.000 19038.750 13260.250 -24.000 0
D 6346012E 63460118 19043.914 13261.915 -24.000 19038.750 13260.750 -24.000 0
D 6346012E 63460118 19043.914 13261.915 -24.000 19038.750 13261.250 -24.000 0
D 6346012E 63460118 19043.914 13261.915 -24.000 19038.750 13261.750 -24.000 0
D 6346012E 63460118 19043.914 13261.915 -24.000 19038.750 13262.250 -24.000 0
D 6346012E 63460118 19043.914 13261.915 -24.000 19038.750 13262.750 -24.000 0
D 6346012E 63460118 19043.914 13261.915 -24.000 19038.750 13263.250 -24.000 0
D 6346012E 63460118 19043.914 13261.915 -24.000 19039.250 13259.250 -24.000 0
D 6346012E 63460118 19043.914 13261.915 -24.000 19039.250 13259.750 -24.000 0
D 6346012E 63460118 19043.914 13261.915 -24.000 19039.250 13260.250 -24.000 0
D 6346012E 63460118 19043.914 13261.915 -24.000 19039.250 13263.750 -24.000 0
D 6346012E 63460118 19043.914 13261.915 -24.000 19039.250 13264.250 -24.000 0
D 6346012E 63460118 19043.914 13261.915 -24.000 19039.750 13258.750 -24.000 0
D 6346012E 63460118 19043.914 13261.915 -24.000 19040.250 13258.250 -24.000 0
D 6346012E 63460118 19043.914 13261.915 -24.000 19040.750 13257.750 -24.000 0
D 6346012E 63460118 19043.914 13261.915 -24.000 19041.250 13257.250 -24.000 0
D 6346012E 63460118 19043.914 13261.915 -24.000 19041.750 13257.250 -24.000 0
D 6346012E 63460118 19043.914 13261.915 -24.000 19042.250 13256.750 -24.000 0
D 6346012E 63460118 19043.914 13261.915 -24.000 19042.250 13257.250 -24.000 0
D 6346012E 63460118 19044.414 13257.415 -24.000 19039.250 13258.250 -24.000 0
D 6346012E 63460118 19044.414 13257.415 -24.000 19039.250 13258.750 -24.000 0
D 6346012E 63460118 19044.414 13257.415 -24.000 19039.750 13259.250 -24.000 0
D 6346012E 63460118 19044.414 13257.415 -24.000 19039.750 13259.750 -24.000 0
D 6346012E 63460118 19044.414 13257.415 -24.000 19040.250 13260.250 -24.000 0
D 6346012E 63460118 19044.414 13257.415 -24.000 19040.250 13260.750 -24.000 0
D 6346012E 63460118 19044.414 13257.415 -24.000 19040.750 13260.750 -24.000 0
D 6346012E 63460118 19044.414 13257.415 -24.000 19040.750 13261.250 -24.000 0
D 6346012E 63460118 19044.414 13257.415 -24.000 19041.250 13261.250 -24.000 0
D 6346012E 63460118 19044.414 13257.415 -24.000 19041.250 13261.750 -24.000 0
D 6346012E 63460118 19044.414 13257.415 -24.000 19041.750 13261.750 -24.000 0
D 6346012E 63460118 19044.414 13257.415 -24.000 19042.250 13262.250 -24.000 0
D 6346012E 63460118 19044.414 13257.915 -24.000 19039.250 13256.750 -24.000 0
D 6346012E 63460118 19044.414 13257.915 -24.000 19039.250 13257.250 -24.000 0
D 6346012E 63460118 19044.414 13257.915 -24.000 19039.250 13257.750 -24.000 0
D 6346012E 63460118 19044.414 13257.915 -24.000 19039.250 13258.250 -24.000 0
D 6346012E 63460118 19044.414 13257.915 -24.000 19039.250 13258.750 -24.000 0
D 6346012E 63460118 19044.414 13257.915 -24.000 19039.250 13259.250 -24.000 0
D 6346012E 63460118 19044.414 13257.915 -24.000 19039.750 13259.750 -24.000 0
D 6346012E 63460118 19044.414 13257.915 -24.000 19039.750 13260.250 -24.000 0
D 6346012E 63460118 19044.414 13257.915 -24.000 19040.250 13260.750 -24.000 0
D 6346012E 63460118 19044.414 13257.915 -24.000 19040.250 13261.250 -24.000 0
D 6346012E 63460118 19044.414 13257.915 -24.000 19040.750 13261.250 -24.000 0
D 6346012E 63460118 19044.414 13257.915 -24.000 19040.750 13261.750 -24.000 0
D 6346012E 63460118 19044.414 13257.915 -24.000 19041.250 13261.750 -24.000 0
D 6346012E 63460118 19044.414 13257.915 -24.000 19041.250 13262.250 -24.000 0
D 6346012E 63460118 19044.414 13257.915 -24.000 19041.750 13262.250 -24.000 0
D 6346012E 63460118 19044.414 13257.915 -24.000 19042.250 13262.750 -24.000 0
D 6346012E 63460118 19044.414 13258.415 -24.000 19039.250 13256.750 -24.000 0
D 6346012E 63460118 19044.414 13258.415 -24.000 19039.250 13257.250 -24.000 0
D 6346012E 63460118 19044.414 13258.415 -24.000 19039.250 13257.750 -24.000 0
D 6346012E 63460118 19044.414 13258.415 -24.000 19039.250 13258.250 -24.000 0
D 6346012E 63460118 19044.414 13258.415 -24.000 19039.250 13258.750 -24.000 0
D 6346012E 63460118 19044.414 13258.415 -24.000 19039.250 13259.250 -24.000 0
D 6346012E 63460118 19044.414 13258.415 -24.000 19039.250 13259.750 -24.000 0
D 6346012E 63460118 19044.414 13258.415 -24.000 19039.750 13255.750 -24.000 0
D 6346012E 63460118 19044.414 13258.415 -24.000 19039.750 13256.250 -24.000 0
D 6346012E 63460118 19044.414 13258.415 -24.000 19039.750 13256.750 -24.000 0
D 6346012E 63460118 19044.414 13258.415 -24.000 19039.750 13260.250 -24.000 0
D 6346012E 63460118 19044.414 13258.415 -24.000 19039.750 13260.750 -24.000 0
D 6346012E 63460118 19044.414 13258.415 -24.000 19040.250 13261.250 -24.000 0
D 6346012E 63460118 19044.414 13258.415 -24.000 19040.250 13261.750 -24.000 0
D 6346012E 63460118 19044.414 13258.415 -24.000 19040.750 13261.750 -24.000 0
D 6346012E 63460118 19044.414 13258.415 -24.000 19040.750 13262.250 -24.000 0
D 6346012E 63460118 19044.414 13258.415 -24.000 19041.250 13262.250 -24.000 0
D 6346012E 63460118 19044.414 13258.415 -24.000 19041.250 13262.750 -24.000 0
D 6346012E 63460118 19044.414 13258.415 -24.000 19041.750 13262.750 -24.000 0
D 6346012E 63460118 19044.414 13258.415 -24.000 19042.250 13263.250 -24.000 0
D 6346012E 63460118 19044.414 13258.915 -24.000 19039.250 13257.250 -24.000 0
D 6346012E 63460118 19044.414 13258.915 -24.000 19039.250 13257.750 -24.000 0
D 6346012E 63460118 19044.414 13258.915 -24.000 19039.250 13258.250 -24.000 0
D 6346012E 63460118 19044.414 13258.915 -24.000 19039.250 13258.750 -24.000 0
D 6346012E 63460118 19044.414 13258.915 -24.000 19039.250 13259.250 -24.000 0
D 6346012E 63460118 19044.414 13258.915 -24.000 19039.250 13259.750 -24.000 0
D 6346012E 63460118 19044.414 13258.915 -24.000 19039.250 13260.250 -24.000 0
D 6346012E 63460118 19044.414 13258.915 -24.000 19039.750 13256.250 -24.000 0
D 6346012E 63460118 19044.414 13258.915 -24.000 19039.750 13256.750 -24.000 0
D 6346012E 63460118 19044.414 13258.915 -24.000 19039.750 13257.250 -24.000 0
D 6346012E 63460118 19044.414 13258.915 -24.000 19039.750 13260.750 -24.000 0
D 6346012E 63460118 19044.414 13258.915 -24.000 19039.750 13261.250 -24.000 0
D 6346012E 63460118 19044.414 13258.915 -24.000 19040.250 13255.750 -24.000 0
D 6346012E 63460118 19044.414 13258.915 -24.000 19040.250 13261.750 -24.000 0
D 6346012E 63460118 19044.414 13258.915 -24.000 19040.250 13262.250 -24.000 0
D 6346012E 63460118 19044.414 13258.915 -24.000 19040.750 13262.250 -24.000 0
D 6346012E 63460118 19044.414 13258.915 -24.000 19040.750 13262.750 -24.000 0
D 6346012E 63460118 19044.414 13258.915 -24.000 19041.250 13262.750 -24.000 0
D 6346012E 63460118 19044.414 13258.915 -24.000 19041.250 13263.250 -24.000 0
D 6346012E 63460118 19044.414 13258.915 -24.000 19041.750 13263.250 -24.000 0
D 6346012E 63460118 19044.414 13258.915 -24.000 19042.250 13263.750 -24.000 0
D 6346012E 63460118 19044.414 13259.415 -24.000 19039.250 13257.750 -24.000 0
D 6346012E 63460118 19044.414 13259.415 -24.000 19039.250 13258.250 -24.000 0
D 6346012E 63460118 19044.414 13259.415 -24.000 19039.250 13258.750 -24.000 0
D 6346012E 63460118 19044.414 13259.415 -24.000 19039.250 13259.250 -24.000 0
D 6346012E 63460118 19044.414 13259.415 -24.000 19039.250 13259.750 -24.000 0
D 6346012E 63460118 19044.414 13259.415 -24.000 19039.250 13260.250 -24.000 0
D 6346012E 63460118 19044.414 13259.415 -24.000 19039.250 13260.750 -24.000 0
D 6346012E 63460118 19044.414 13259.415 -24.000 19039.750 13256.750 -24.000 0
D 6346012E 63460118 19044.414 13259.415 -24.000 19039.750 13257.250 -24.000 0
D 6346012E 63460118 19044.414 13259.415 -24.000 19039.750 13257.750 -24.000 0
D 6346012E 63460118 19044.414 13259.415 -24.000 19039.750 13261.250 -24.000 0
D 6346012E 63460118 19044.414 13259.415 -24.000 19039.750 13261.750 -24.000 0
D 6346012E 63460118 19044.414 13259.415 -24.000 19040.250 13256.250 -24.000 0
D 6346012E 63460118 19044.414 13259.415 -24.000 19040.250 13262.250 -24.000 0
D 6346012E 63460118 19044.414 13259.415 -24.000 19040.250 13262.750 -24.000 0
D 6346012E 63460118 19044.414 13259.415 -24.000 19040.750 13255.750 -24.000 0
D 6346012E 63460118 19044.414 13259.415 -24.000 19040.750 13262.750 -24.000 0
D 6346012E 63460118 19044.414 13259.415 -24.000 19040.750 13263.250 -24.000 0
D 6346012E 63460118 19044.414 13259.415 -24.000 19041.250 13263.250 -24.000 0
D 6346012E 63460118 19044.414 13259.415 -24.000 19041.250 13263.750 -24.000 0
D 6346012E 63460118 19044.414 13259.415 -24.000 19041.750 13263.750 -24.000 0
D 6346012E 63460118 19044.414 13259.915 -24.000 19039.250 13258.250 -24.000 0
D 6346012E 63460118 19044.414 13259.915 -24.000 19039.250 13258.750 -24.000 0
D 6346012E 63460118 19044.414 13259.915 -24.000 19039.250 13259.250 -24.000 0
D 6346012E 63460118 19044.414 13259.915 -24.000 19039.250 13259.750 -24.000 0
D 6346012E 63460118 19044.414 13259.915 -24.000 19039.250 13260.250 -24.000 0
D 6346012E 63460118 19044.414 13259.915 -24.000 19039.250 13260.750 -24.000 0
D 6346012E 63460118 19044.414 13259.915 -24.000 19039.250 13261.250 -24.000 0
D 6346012E 63460118 19044.414 13259.915 -24.000 19039.750 13257.250 -24.000 0
D 6346012E 63460118 19044.414 13259.915 -24.000 19039.750 13257.750 -24.000 0
D 6346012E 63460118 19044.414 13259.915 -24.000 19039.750 13258.250 -24.000 0
D 6346012E 63460118 19044.414 13259.915 -24.000 19039.750 13261.750 -24.000 0
D 6346012E 63460118 19044.414 13259.915 -24.000 19039.750 13262.250 -24.000 0
D 6346012E 63460118 19044.414 13259.915 -24.000 19040.250 13256.750 -24.000 0
D 6346012E 63460118 19044.414 13259.915 -24.000 19040.250 13262.750 -24.000 0
D 6346012E 63460118 19044.414 13259.915 -24.000 19040.250 13263.250 -24.000 0
D 6346012E 63460118 19044.414 13259.915 -24.000 19040.750 13256.250 -24.000 0
D 6346012E 63460118 19044.414 13259.915 -24.000 19040.750 13263.250 -24.000 0
D 6346012E 63460118 19044.414 13259.915 -24.000 19040.750 13263.750 -24.000 0
D 6346012E 63460118 19044.414 13259.915 -24.000 19041.250 13255.750 -24.000 0
D 6346012E 63460118 19044.414 13259.915 -24.000 19041.250 13263.750 -24.000 0
D 6346012E 63460118 19044.414 13259.915 -24.000 19041.250 13264.250 -24.000 0
D 6346012E 63460118 19044.414 13259.915 -24.000 19041.750 13264.250 -24.000 0
D 6346012E 63460118 19044.414 13260.415 -24.000 19039.250 13258.750 -24.000 0
D 6346012E 63460118 19044.414 13260.415 -24.000 19039.250 13259.250 -24.000 0
D 6346012E 63460118 19044.414 13260.415 -24.000 19039.250 13259.750 -24.000 0
D 6346012E 63460118 19044.414 13260.415 -24.000 19039.250 13260.250 -24.000 0
D 6346012E 63460118 19044.414 13260.415 -24.000 19039.250 13260.750 -24.000 0
D 6346012E 63460118 19044.414 13260.415 -24.000 19039.250 13261.250 -24.000 0
D 6346012E 63460118 19044.414 13260.415 -24.000 19039.250 13261.750 -24.000 0
D 6346012E 63460118 19044.414 13260.415 -24.000 19039.750 13257.750 -24.000 0
D 6346012E 63460118 19044.414 13260.415 -24.000 19039.750 13258.250 -24.000 0
D 6346012E 63460118 19044.414 13260.415 -24.000 19039.750 13258.750 -24.000 0
D 6346012E 63460118 19044.414 13260.415 -24.000 19039.750 13262.250 -24.000 0
D 6346012E 63460118 19044.414 13260.415 -24.000 19039.750 13262.750 -24.000 0
D 6346012E 63460118 19044.414 13260.415 -24.000 19040.250 13257.250 -24.000 0
D 6346012E 63460118 19044.414 13260.415 -24.000 19040.250 13263.250 -24.000 0
D 6346012E 63460118 19044.414 13260.415 -24.000 19040.250 13263.750 -24.000 0
D 6346012E 63460118 19044.414 13260.415 -24.000 19040.750 13256.750 -24.000 0
D 6346012E 63460118 19044.414 13260.415 -24.000 19040.750 13263.750 -24.000 0
D 6346012E 63460118 19044.414 13260.415 -24.000 19040.750 13264.250 -24.000 0
D 6346012E 63460118 19044.414 13260.415 -24.000 19041.250 13256.250 -24.000 0
D 6346012E 63460118 19044.414 13260.415 -24.000 19041.250 13264.250 -24.000 0
D 6346012E 63460118 19044.414 13260.415 -24.000 19041.750 13255.750 -24.000 0
D 6346012E 63460118 19044.414 13260.915 -24.000 19039.250 13259.250 -24.000 0
D 6346012E 63460118 19044.414 13260.915 -24.000 19039.250 13259.750 -24.000 0
D 6346012E 63460118 19044.414 13260.915 -24.000 19039.250 13260.250 -24.000 0
D 6346012E 63460118 19044.414 13260.915 -24.000 19039.250 13260.750 -24.000 0
D 6346012E 63460118 19044.414 13260.915 -24.000 19039.250 13261.250 -24.000 0
D 6346012E 63460118 19044.414 13260.915 -24.000 19039.250 13261.750 -24.000 0
D 6346012E 63460118 19044.414 13260.915 -24.000 19039.250 13262.250 -24.000 0
D 6346012E 63460118 19044.414 13260.915 -24.000 19039.750 13258.250 -24.000 0
D 6346012E 63460118 19044.414 13260.915 -24.000 19039.750 13258.750 -24.000 0
D 6346012E 63460118 19044.414 13260.915 -24.000 19039.750 13259.250 -24.000 0
D 6346012E 63460118 19044.414 13260.915 -24.000 19039.750 13262.750 -24.000 0
D 6346012E 63460118 19044.414 13260.915 -24.000 19039.750 13263.250 -24.000 0
D 6346012E 63460118 19044.414 13260.915 -24.000 19040.250 13257.750 -24.000 0
D 6346012E 63460118 19044.414 13260.915 -24.000 19040.250 13263.750 -24.000 0
D 6346012E 63460118 19044.414 13260.915 -24.000 19040.250 13264.250 -24.000 0
D 6346012E 63460118 19044.414 13260.915 -24.000 19040.750 13257.250 -24.000 0
D 6346012E 63460118 19044.414 13260.915 -24.000 19040.750 13264.250 -24.000 0
D 6346012E 63460118 19044.414 13260.915 -24.000 19041.250 13256.750 -24.000 0
D 6346012E 63460118 19044.414 13260.915 -24.000 19041.750 13256.250 -24.000 0
D 6346012E 63460118 19044.414 13260.915 -24.000 19042.250 13256.250 -24.000 0
D 6346012E 63460118 19044.414 13261.415 -24.000 19039.250 13259.750 -24.000 0
D 6346012E 63460118 19044.414 13261.415 -24.000 19039.250 13260.250 -24.000 0
D 6346012E 63460118 19044.414 13261.415 -24.000 19039.250 13260.750 -24.000 0
D 6346012E 63460118 19044.414 13261.415 -24.000 19039.250 13261.250 -24.000 0
D 6346012E 63460118 19044.414 13261.415 -24.000 19039.250 13261.750 -24.000 0
D 6346012E 63460118 19044.414 13261.415 -24.000 19039.250 13262.250 -24.000 0
D 6346012E 63460118 19044.414 13261.415 -24.000 19039.250 13262.750 -24.000 0
D 6346012E 63460118 19044.414 13261.415 -24.000 19039.750 13258.750 -24.000 0
D 6346012E 63460118 19044.414 13261.415 -24.000 19039.750 13259.250 -24.000 0
D 6346012E 63460118 19044.414 13261.415 -24.000 19039.750 13259.750 -24.000 0
D 6346012E 63460118 19044.414 13261.415 -24.000 19039.750 13263.250 -24.000 0
D 6346012E 63460118 19044.414 13261.415 -24.000 19039.750 13263.750 -24.000 0
D 6346012E 63460118 19044.414 13261.415 -24.000 19040.250 13258.250 -24.000 0
D 6346012E 63460118 19044.414 13261.415 -24.000 19040.250 13264.250 -24.000 0
D 6346012E 63460118 19044.414 13261.415 -24.000 19040.750 13257.750 -24.000 0
D 6346012E 63460118 19044.414 13261.415 -24.000 19041.250 13257.250 -24.000 0
D 6346012E 63460118 19044.414 13261.415 -24.000 19041.750 13256.750 -24.000 0
D 6346012E 63460118 19044.414 13261.415 -24.000 19042.250 13256.750 -24.000 0
D 6346012E 63460118 19044.414 13261.915 -24.000 19039.250 13260.250 -24.000 0
D 6346012E 63460118 19044.414 13261.915 -24.000 19039.250 13260.750 -24.000 0
D 6346012E 63460118 19044.414 13261.915 -24.000 19039.250 13261.250 -24.000 0
D 6346012E 63460118 19044.414 13261.915 -24.000 19039.250 13261.750 -24.000 0
D 6346012E 63460118 19044.414 13261.915 -24.000 19039.250 13262.250 -24.000 0
D 6346012E 63460118 19044.414 13261.915 -24.000 19039.250 13262.750 -24.000 0
D 6346012E 63460118 19044.414 13261.915 -24.000 19039.250 13263.250 -24.000 0
D 6346012E 63460118 19044.414 13261.915 -24.000 19039.750 13259.250 -24.000 0
D 6346012E 63460118 19044.414 13261.915 -24.000 19039.750 13259.750 -24.000 0
D 6346012E 63460118 19044.414 13261.915 -24.000 19039.750 13260.250 -24.000 0
D 6346012E 63460118 19044.414 13261.915 -24.000 19039.750 13263.750 -24.000 0
D 6346012E 63460118 19044.414 13261.915 -24.000 19040.250 13258.750 -24.000 0
D 6346012E 63460118 19044.414 13261.915 -24.000 19040.750 13258.250 -24.000 0
D 6346012E 63460118 19044.414 13261.915 -24.000 19041.250 13257.750 -24.000 0
D 6346012E 63460118 19044.414 13261.915 -24.000 19041.750 13257.250 -24.000 0
D 6346012E 63460118 19044.414 13261.915 -24.000 19042.250 13257.250 -24.000 0
D 6346012E 63460118 19044.414 13262.415 -24.000 19039.250 13260.750 -24.000 0
D 6346012E 63460118 19044.414 13262.415 -24.000 19039.250 13261.250 -24.000 0
D 6346012E 63460118 19044.414 13262.415 -24.000 19039.250 13261.750 -24.000 0
D 6346012E 63460118 19044.414 13262.415 -24.000 19039.250 13262.250 -24.000 0
D 6346012E 63460118 19044.414 13262.415 -24.000 19039.750 13259.750 -24.000 0
D 6346012E 63460118 19044.414 13262.415 -24.000 19039.750 13260.250 -24.000 0
D 6346012E 63460118 19044.414 13262.415 -24.000 19039.750 13260.750 -24.000 0
D 6346012E 63460118 19044.414 13262.415 -24.000 19040.250 13259.250 -24.000 0
D 6346012E 63460118 19044.414 13262.415 -24.000 19040.750 13258.750 -24.000 0
D 6346012E 63460118 19044.414 13262.415 -24.000 19041.250 13258.250 -24.000 0
D 6346012E 63460118 19044.414 13262.415 -24.000 19041.750 13257.750 -24.000 0
D 6346012E 63460118 19044.414 13262.415 -24.000 19042.250 13257.750 -24.000 0
D 6346012E 63460118 19044.914 13256.915 -24.000 19040.250 13259.250 -24.000 0
D 6346012E 63460118 19044.914 13256.915 -24.000 19040.750 13259.750 -24.000 0
D 6346012E 63460118 19044.914 13256.915 -24.000 19040.750 13260.250 -24.000 0
D 6346012E 63460118 19044.914 13256.915 -24.000 19041.250 13260.250 -24.000 0
D 6346012E 63460118 19044.914 13256.915 -24.000 19041.250 13260.750 -24.000 0
D 6346012E 63460118 19044.914 13256.915 -24.000 19041.750 13260.750 -24.000 0
D 6346012E 63460118 19044.914 13256.915 -24.000 19041.750 13261.250 -24.000 0
D 6346012E 63460118 19044.914 13256.915 -24.000 19042.250 13261.250 -24.000 0
D 6346012E 63460118 19044.914 13256.915 -24.000 19042.750 13261.750 -24.000 0
D 6346012E 63460118 19044.914 13257.415 -24.000 19039.750 13258.250 -24.000 0
D 6346012E 63460118 19044.914 13257.415 -24.000 19039.750 13258.750 -24.000 0
D 6346012E 63460118 19044.914 13257.415 -24.000 19040.250 13259.250 -24.000 0
D 6346012E 63460118 19044.914 13257.415 -24.000 19040.250 13259.750 -24.000 0
D 6346012E 63460118 19044.914 13257.415 -24.000 19040.750 13260.250 -24.000 0
D 6346012E 63460118 19044.914 13257.415 -24.000 19040.750 13260.750 -24.000 0
D 6346012E 63460118 19044.914 13257.415 -24.000 19041.250 13260.750 -24.000 0
D 6346012E 63460118 19044.914 13257.415 -24.000 19041.250 13261.250 -24.000 0
D 6346012E 63460118 19044.914 13257.415 -24.000 19041.750 13261.250 -24.000 0
D 6346012E 63460118 19044.914 13257.415 -24.000 19041.750 13261.750 -24.000 0
D 6346012E 63460118 19044.914 13257.415 -24.000 19042.250 13261.750 -24.000 0
D 6346012E 63460118 19044.914 13257.915 -24.000 19039.750 13257.250 -24.000 0
D 6346012E 63460118 19044.914 13257.915 -24.000 19039.750 13257.750 -24.000 0
D 6346012E 63460118 19044.914 13257.915 -24.000 19039.750 13258.250 -24.000 0
D 6346012E 63460118 19044.914 13257.915 -24.000 19039.750 13258.750 -24.000 0
D 6346012E 63460118 19044.914 13257.915 -24.000 19039.750 13259.250 -24.000 0
D 6346012E 63460118 19044.914 13257.915 -24.000 19040.250 13259.750 -24.000 0
D 6346012E 63460118 19044.914 13257.915 -24.000 19040.250 13260.250 -24.000 0
D 6346012E 63460118 19044.914 13257.915 -24.000 19040.750 13260.750 -24.000 0
D 6346012E 63460118 19044.914 13257.915 -24.000 19040.750 13261.250 -24.000 0
D 6346012E 63460118 19044.914 13257.915 -24.000 19041.250 13261.250 -24.000 0
D 6346012E 63460118 19044.914 13257.915 -24.000 19041.250 13261.750 -24.000 0
D 6346012E 63460118 19044.914 13257.915 -24.000 19041.750 13261.750 -24.000 0
D 6346012E 63460118 19044.914 13257.915 -24.000 19041.750 13262.250 -24.000 0
D 6346012E 63460118 19044.914 13257.915 -24.000 19042.250 13262.250 -24.000 0
D 6346012E 63460118 19044.914 13258.415 -24.000 19039.750 13256.750 -24.000 0
D 6346012E 63460118 19044.914 13258.415 -24.000 19039.750 13257.250 -24.000 0
D 6346012E 63460118 19044.914 13258.415 -24.000 19039.750 13257.750 -24.000 0
D 6346012E 63460118 19044.914 13258.415 -24.000 19039.750 13258.250 -24.000 0
D 6346012E 63460118 19044.914 13258.415 -24.000 19039.750 13258.750 -24.000 0
D 6346012E 63460118 19044.914 13258.415 -24.000 19039.750 13259.250 -24.000 0
D 6346012E 63460118 19044.914 13258.415 -24.000 19039.750 13259.750 -24.000 0
D 6346012E 63460118 19044.914 13258.415 -24.000 19040.250 13256.250 -24.000 0
D 6346012E 63460118 19044.914 13258.415 -24.000 19040.250 13256.750 -24.000 0
D 6346012E 63460118 19044.914 13258.415 -24.000 19040.250 13260.250 -24.000 0
D 6346012E 63460118 19044.914 13258.415 -24.000 19040.250 13260.750 -24.000 0
D 6346012E 63460118 19044.914 13258.415 -24.000 19040.750 13261.250 -24.000 0
D 6346012E 63460118 19044.914 13258.415 -24.000 19040.750 13261.750 -24.000 0
D 6346012E 63460118 19044.914 13258.415 -24.000 19041.250 13261.750 -24.000 0
D 6346012E 63460118 19044.914 13258.415 -24.000 19041.250 13262.250 -24.000 0
D 6346012E 63460118 19044.914 13258.415 -24.000 19041.750 13262.250 -24.000 0
D 6346012E 63460118 19044.914 13258.415 -24.000 19041.750 13262.750 -24.000 0
D 6346012E 63460118 19044.914 13258.415 -24.000 19042.250 13262.750 -24.000 0
D 6346012E 63460118 19044.914 13258.915 -24.000 19039.750 13257.250 -24.000 0
D 6346012E 63460118 19044.914 13258.915 -24.000 19039.750 13257.750 -24.000 0
D 6346012E 63460118 19044.914 13258.915 -24.000 19039.750 13258.250 -24.000 0
D 6346012E 63460118 19044.914 13258.915 -24.000 19039.750 13258.750 -24.000 0
D 6346012E 63460118 19044.914 13258.915 -24.000 19039.750 13259.250 -24.000 0
D 6346012E 63460118 19044.914 13258.915 -24.000 19039.750 13259.750 -24.000 0
D 6346012E 63460118 19044.914 13258.915 -24.000 19039.750 13260.250 -24.000 0
D 6346012E 63460118 19044.914 13258.915 -24.000 19040.250 13256.250 -24.000 0
D 6346012E 63460118 19044.914 13258.915 -24.000 19040.250 13256.750 -24.000 0
D 6346012E 63460118 19044.914 13258.915 -24.000 19040.250 13257.250 -24.000 0
D 6346012E 63460118 19044.914 13258.915 -24.000 19040.250 13260.750 -24.000 0
D 6346012E 63460118 19044.914 13258.915 -24.000 19040.250 13261.250 -24.000 0
D 6346012E 63460118 19044.914 13258.915 -24.000 19040.750 13261.750 -24.000 0
D 6346012E 63460118 19044.914 13258.915 -24.000 19040.750 13262.250 -24.000 0
D 6346012E 63460118 19044.914 13258.915 -24.000 19041.250 13262.250 -24.000 0
D 6346012E 63460118 19044.914 13258.915 -24.000 19041.250 13262.750 -24.000 0
D 6346012E 63460118 19044.914 13258.915 -24.000 19041.750 13262.750 -24.000 0
D 6346012E 63460118 19044.914 13258.915 -24.000 19041.750 13263.250 -24.000 0
D 6346012E 63460118 19044.914 13258.915 -24.000 19042.250 13263.250 -24.000 0
D 6346012E 63460118 19044.914 13259.415 -24.000 19039.750 13257.750 -24.000 0
D 6346012E 63460118 19044.914 13259.415 -24.000 19039.750 13258.250 -24.000 0
D 6346012E 63460118 19044.914 13259.415 -24.000 19039.750 13258.750 -24.000 0
D 6346012E 63460118 19044.914 13259.415 -24.000 19039.750 13259.250 -24.000 0
D 6346012E 63460118 19044.914 13259.415 -24.000 19039.750 13259.750 -24.000 0
D 6346012E 63460118 19044.914 13259.415 -24.000 19039.750 13260.250 -24.000 0
D 6346012E 63460118 19044.914 13259.415 -24.000 19039.750 13260.750 -24.000 0
D 6346012E 63460118 19044.914 13259.415 -24.000 19040.250 13256.750 -24.000 0
D 6346012E 63460118 19044.914 13259.415 -24.000 19040.250 13257.250 -24.000 0
D 6346012E 63460118 19044.914 13259.415 -24.000 19040.250 13257.750 -24.000 0
D 6346012E 63460118 19044.914 13259.415 -24.000 19040.250 13261.250 -24.000 0
D 6346012E 63460118 19044.914 13259.415 -24.000 19040.250 13261.750 -24.000 0
D 6346012E 63460118 19044.914 13259.415 -24.000 19040.750 13256.250 -24.000 0
D 6346012E 63460118 19044.914 13259.415 -24.000 19040.750 13262.250 -24.000 0
D 6346012E 63460118 19044.914 13259.415 -24.000 19040.750 13262.750 -24.000 0
D 6346012E 63460118 19044.914 13259.415 -24.000 19041.250 13262.750 -24.000 0
D 6346012E 63460118 19044.914 13259.415 -24.000 19041.250 13263.250 -24.000 0
D 6346012E 63460118 19044.914 13259.415 -24.000 19041.750 13263.250 -24.000 0
D 6346012E 63460118 19044.914 13259.415 -24.000 19041.750 13263.750 -24.000 0
D 6346012E 63460118 19044.914 13259.915 -24.000 19039.750 13258.250 -24.000 0
D 6346012E 63460118 19044.914 13259.915 -24.000 19039.750 13258.750 -24.000 0
D 6346012E 63460118 19044.914 13259.915 -24.000 19039.750 13259.250 -24.000 0
D 6346012E 63460118 19044.914 13259.915 -24.000 19039.750 13259.750 -24.000 0
D 6346012E 63460118 19044.914 13259.915 -24.000 19039.750 13260.250 -24.000 0
D 6346012E 63460118 19044.914 13259.915 -24.000 19039.750 13260.750 -24.000 0
D 6346012E 63460118 19044.914 13259.915 -24.000 19039.750 13261.250 -24.000 0
D 6346012E 63460118 19044.914 13259.915 -24.000 19040.250 13257.250 -24.000 0
D 6346012E 63460118 19044.914 13259.915 -24.000 19040.250 13257.750 -24.000 0
D 6346012E 63460118 19044.914 13259.915 -24.000 19040.250 13258.250 -24.000 0
D 6346012E 63460118 19044.914 13259.915 -24.000 19040.250 13261.750 -24.000 0
D 6346012E 63460118 19044.914 13259.915 -24.000 19040.250 13262.250 -24.000 0
D 6346012E 63460118 19044.914 13259.915 -24.000 19040.750 13256.750 -24.000 0
D 6346012E 63460118 19044.914 13259.915 -24.000 19040.750 13262.750 -24.000 0
D 6346012E 63460118 19044.914 13259.915 -24.000 19040.750 13263.250 -24.000 0
D 6346012E 63460118 19044.914 13259.915 -24.000 19041.250 13256.250 -24.000 0
D 6346012E 63460118 19044.914 13259.915 -24.000 19041.250 13263.250 -24.000 0
D 6346012E 63460118 19044.914 13259.915 -24.000 19041.250 13263.750 -24.000 0
D 6346012E 63460118 19044.914 13259.915 -24.000 19041.750 13263.750 -24.000 0
D 6346012E 63460118 19044.914 13260.415 -24.000 19039.750 13258.750 -24.000 0
D 6346012E 63460118 19044.914 13260.415 -24.000 19039.750 13259.250 -24.000 0
D 6346012E 63460118 19044.914 13260.415 -24.000 19039.750 13259.750 -24.000 0
D 6346012E 63460118 19044.914 13260.415 -24.000 19039.750 13260.250 -24.000 0
D 6346012E 63460118 19044.914 13260.415 -24.000 19039.750 13260.750 -24.000 0
D 6346012E 63460118 19044.914 13260.415 -24.000 19039.750 13261.250 -24.000 0
D 6346012E 63460118 19044.914 13260.415 -24.000 19039.750 13261.750 -24.000 0
D 6346012E 63460118 19044.914 13260.415 -24.000 19040.250 13257.750 -24.000 0
D 6346012E 63460118 19044.914 13260.415 -24.000 19040.250 13258.250 -24.000 0
D 6346012E 63460118 19044.914 13260.415 -24.000 19040.250 13258.750 -24.000 0
D 6346012E 63460118 19044.914 13260.415 -24.000 19040.250 13262.250 -24.000 0
D 6346012E 63460118 19044.914 13260.415 -24.000 19040.250 13262.750 -24.000 0
D 6346012E 63460118 19044.914 13260.415 -24.000 19040.750 13257.250 -24.000 0
D 6346012E 63460118 19044.914 13260.415 -24.000 19040.750 13263.250 -24.000 0
D 6346012E 63460118 19044.914 13260.415 -24.000 19040.750 13263.750 -24.000 0
D 6346012E 63460118 19044.914 13260.415 -24.000 19041.250 13256.750 -24.000 0
D 6346012E 63460118 19044.914 13260.415 -24.000 19041.250 13263.750 -24.000 0
D 6346012E 63460118 19044.914 13260.415 -24.000 19041.250 13264.250 -24.000 0
D 6346012E 63460118 19044.914 13260.415 -24.000 19041.750 13256.250 -24.000 0
D 6346012E 63460118 19044.914 13260.915 -24.000 19039.750 13259.250 -24.000 0
D 6346012E 63460118 19044.914 13260.915 -24.000 19039.750 13259.750 -24.000 0
D 6346012E 63460118 19044.914 13260.915 -24.000 19039.750 13260.250 -24.000 0
D 6346012E 63460118 19044.914 13260.915 -24.000 19039.750 13260.750 -24.000 0
D 6346012E 63460118 19044.914 13260.915 -24.000 19039.750 13261.250 -24.000 0
D 6346012E 63460118 19044.914 13260.915 -24.000 19039.750 13261.750 -24.000 0
D 6346012E 63460118 19044.914 13260.915 -24.000 19039.750 13262.250 -24.000 0
D 6346012E 63460118 19044.914 13260.915 -24.000 19040.250 13258.250 -24.000 0
D 6346012E 63460118 19044.914 13260.915 -24.000 19040.250 13258.750 -24.000 0
D 6346012E 63460118 19044.914 13260.915 -24.000 19040.250 13259.250 -24.000 0
D 6346012E 63460118 19044.914 13260.915 -24.000 19040.250 13262.750 -24.000 0
D 6346012E 63460118 19044.914 13260.915 -24.000 19040.250 13263.250 -24.000 0
D 6346012E 63460118 19044.914 13260.915 -24.000 19040.750 13257.750 -24.000 0
D 6346012E 63460118 19044.914 13260.915 -24.000 19040.750 13263.750 -24.000 0
D 6346012E 63460118 19044.914 13260.915 -24.000 19040.750 13264.250 -24.000 0
D 6346012E 63460118 19044.914 13260.915 -24.000 19041.250 13257.250 -24.000 0
D 6346012E 63460118 19044.914 13260.915 -24.000 19041.750 13256.750 -24.000 0
D 6346012E 63460118 19044.914 13260.915 -24.000 19042.250 13256.250 -24.000 0
D 6346012E 63460118 19044.914 13261.415 -24.000 19039.750 13259.750 -24.000 0
D 6346012E 63460118 19044.914 13261.415 -24.000 19039.750 13260.250 -24.000 0
D 6346012E 63460118 19044.914 13261.415 -24.000 19039.750 13260.750 -24.000 0
D 6346012E 63460118 19044.914 13261.415 -24.000 19039.750 13261.250 -24.000 0
D 6346012E 63460118 19044.914 13261.415 -24.000 19039.750 13261.750 -24.000 0
D 6346012E 63460118 19044.914 13261.415 -24.000 19039.750 13262.250 -24.000 0
D 6346012E 63460118 19044.914 13261.415 -24.000 19039.750 13262.750 -24.000 0
D 6346012E 63460118 19044.914 13261.415 -24.000 19040.250 13258.750 -24.000 0
D 6346012E 63460118 19044.914 13261.415 -24.000 19040.250 13259.250 -24.000 0
D 6346012E 63460118 19044.914 13261.415 -24.000 19040.250 13259.750 -24.000 0
D 6346012E 63460118 19044.914 13261.415 -24.000 19040.250 13263.250 -24.000 0
D 6346012E 63460118 19044.914 13261.415 -24.000 19040.250 13263.750 -24.000 0
D 6346012E 63460118 19044.914 13261.415 -24.000 19040.750 13258.250 -24.000 0
D 6346012E 63460118 19044.914 13261.415 -24.000 19041.250 13257.750 -24.000 0
D 6346012E 63460118 19044.914 13261.415 -24.000 19041.750 13257.250 -24.000 0
D 6346012E 63460118 19044.914 13261.415 -24.000 19042.250 13256.750 -24.000 0
D 6346012E 63460118 19044.914 13261.915 -24.000 19039.750 13260.250 -24.000 0
D 6346012E 63460118 19044.914 13261.915 -24.000 19039.750 13260.750 -24.000 0
D 6346012E 63460118 19044.914 13261.915 -24.000 19039.750 13261.250 -24.000 0
D 6346012E 63460118 19044.914 13261.915 -24.000 19039.750 13261.750 -24.000 0
D 6346012E 63460118 19044.914 13261.915 -24.000 19039.750 13262.250 -24.000 0
D 6346012E 63460118 19044.914 13261.915 -24.000 19039.750 13262.750 -24.000 0
D 6346012E 63460118 19044.914 13261.915 -24.000 19039.750 13263.250 -24.000 0
D 6346012E 63460118 19044.914 13261.915 -24.000 19040.250 13259.250 -24.000 0
D 6346012E 63460118 19044.914 13261.915 -24.000 19040.250 13259.750 -24.000 0
D 6346012E 63460118 19044.914 13261.915 -24.000 19040.250 13260.250 -24.000 0
D 6346012E 63460118 19044.914 13261.915 -24.000 19040.750 13258.750 -24.000 0
D 6346012E 63460118 19044.914 13261.915 -24.000 19041.250 13258.250 -24.000 0
D 6346012E 63460118 19044.914 13261.915 -24.000 19041.750 13257.750 -24.000 0
D 6346012E 63460118 19044.914 13261.915 -24.000 19042.250 13257.250 -24.000 0
D 6346012E 63460118 19044.914 13262.415 -24.000 19039.750 13260.750 -24.000 0
D 6346012E 63460118 19044.914 13262.415 -24.000 19039.750 13261.250 -24.000 0
D 6346012E 63460118 19044.914 13262.415 -24.000 19039.750 13261.750 -24.000 0
D 6346012E 63460118 19044.914 13262.415 -24.000 19039.750 13262.250 -24.000 0
D 6346012E 63460118 19044.914 13262.415 -24.000 19040.250 13259.750 -24.000 0
D 6346012E 63460118 19044.914 13262.415 -24.000 19040.250 13260.250 -24.000 0
D 6346012E 63460118 19044.914 13262.415 -24.000 19040.250 13260.750 -24.000 0
D 6346012E 63460118 19044.914 13262.415 -24.000 19040.750 13259.250 -24.000 0
D 6346012E 63460118 19044.914 13262.415 -24.000 19041.250 13258.750 -24.000 0
D 6346012E 63460118 19044.914 13262.415 -24.000 19041.750 13258.250 -24.000 0
D 6346012E 63460118 19044.914 13262.415 -24.000 19042.250 13257.750 -24.000 0
D 6346012E 63460118 19044.914 13262.915 -24.000 19040.250 13260.250 -24.000 0
D 6346012E 63460118 19044.914 13262.915 -24.000 19040.250 13260.750 -24.000 0
D 6346012E 63460118 19044.914 13262.915 -24.000 19040.250 13261.250 -24.000 0
D 6346012E 63460118 19044.914 13262.915 -24.000 19040.750 13259.750 -24.000 0
D 6346012E 63460118 19044.914 13262.915 -24.000 19041.250 13259.250 -24.000 0
D 6346012E 63460118 19044.914 13262.915 -24.000 19041.750 13258.750 -24.000 0
D 6346012E 63460118 19044.914 13262.915 -24.000 19042.250 13258.250 -24.000 0
D 6346012E 63460118 19044.914 13262.915 -24.000 19042.750 13258.250 -24.000 0
D 6346012E 63460118 19045.414 13256.415 -24.000 19041.250 13259.250 -24.000 0
D 6346012E 63460118 19045.414 13256.415 -24.000 19041.250 13259.750 -24.000 0
D 6346012E 63460118 19045.414 13256.415 -24.000 19041.750 13259.750 -24.000 0
D 6346012E 63460118 19045.414 13256.415 -24.000 19041.750 13260.250 -24.000 0
D 6346012E 63460118 19045.414 13256.415 -24.000 19042.250 13260.250 -24.000 0
D 6346012E 63460118 19045.414 13256.415 -24.000 19042.250 13260.750 -24.000 0
D 6346012E 63460118 19045.414 13256.415 -24.000 19042.750 13260.750 -24.000 0
D 6346012E 63460118 19045.414 13256.915 -24.000 19040.750 13258.750 -24.000 0
D 6346012E 63460118 19045.414 13256.915 -24.000 19040.750 13259.250 -24.000 0
D 6346012E 63460118 19045.414 13256.915 -24.000 19041.250 13259.750 -24.000 0
D 6346012E 63460118 19045.414 13256.915 -24.000 19041.250 13260.250 -24.000 0
D 6346012E 63460118 19045.414 13256.915 -24.000 19041.750 13260.250 -24.000 0
D 6346012E 63460118 19045.414 13256.915 -24.000 19041.750 13260.750 -24.000 0
D 6346012E 63460118 19045.414 13256.915 -24.000 19042.250 13260.750 -24.000 0
D 6346012E 63460118 19045.414 13256.915 -24.000 19042.250 13261.250 -24.000 0
D 6346012E 63460118 19045.414 13256.915 -24.000 19042.750 13261.250 -24.000 0
D 6346012E 63460118 19045.414 13257.415 -24.000 19040.250 13257.750 -24.000 0
D 6346012E 63460118 19045.414 13257.415 -24.000 19040.250 13258.250 -24.000 0
D 6346012E 63460118 19045.414 13257.415 -24.000 19040.250 13258.750 -24.000 0
D 6346012E 63460118 19045.414 13257.415 -24.000 19040.750 13259.250 -24.000 0
D 6346012E 63460118 19045.414 13257.415 -24.000 19040.750 13259.750 -24.000 0
D 6346012E 63460118 19045.414 13257.415 -24.000 19041.250 13260.250 -24.000 0
D 6346012E 63460118 19045.414 13257.415 -24.000 19041.250 13260.750 -24.000 0
D 6346012E 63460118 19045.414 13257.415 -24.000 19041.750 13260.750 -24.000 0
D 6346012E 63460118 19045.414 13257.415 -24.000 19041.750 13261.250 -24.000 0
D 6346012E 63460118 19045.414 13257.415 -24.000 19042.250 13261.250 -24.000 0
D 6346012E 63460118 19045.414 13257.415 -24.000 19042.250 13261.750 -24.000 0
D 6346012E 63460118 19045.414 13257.415 -24.000 19042.750 13261.750 -24.000 0
D 6346012E 63460118 19045.414 13257.915 -24.000 19040.250 13257.250 -24.000 0
D 6346012E 63460118 19045.414 13257.915 -24.000 19040.250 13257.750 -24.000 0
D 6346012E 63460118 19045.414 13257.915 -24.000 19040.250 13258.250 -24.000 0
D 6346012E 63460118 19045.414 13257.915 -24.000 19040.250 13258.750 -24.000 0
D 6346012E 63460118 19045.414 13257.915 -24.000 19040.250 13259.250 -24.000 0
D 6346012E 63460118 19045.414 13257.915 -24.000 19040.750 13259.750 -24.000 0
D 6346012E 63460118 19045.414 13257.915 -24.000 19040.750 13260.250 -24.000 0
D 6346012E 63460118 19045.414 13257.915 -24.000 19041.250 13260.750 -24.000 0
D 6346012E 63460118 19045.414 13257.915 -24.000 19041.250 13261.250 -24.000 0
D 6346012E 63460118 19045.414 13257.915 -24.000 19041.750 13261.250 -24.000 0
D 6346012E 63460118 19045.414 13257.915 -24.000 19041.750 13261.750 -24.000 0
D 6346012E 63460118 19045.414 13257.915 -24.000 19042.250 13261.750 -24.000 0
D 6346012E 63460118 19045.414 13257.915 -24.000 19042.250 13262.250 -24.000 0
D 6346012E 63460118 19045.414 13258.415 -24.000 19040.250 13256.750 -24.000 0
D 6346012E 63460118 19045.414 13258.415 -24.000 19040.250 13257.250 -24.000 0
D 6346012E 63460118 19045.414 13258.415 -24.000 19040.250 13257.750 -24.000 0
D 6346012E 63460118 19045.414 13258.415 -24.000 19040.250 13258.250 -24.000 0
D 6346012E 63460118 19045.414 13258.415 -24.000 19040.250 13258.750 -24.000 0
D 6346012E 63460118 19045.414 13258.415 -24.000 19040.250 13259.250 -24.000 0
D 6346012E 63460118 19045.414 13258.415 -24.000 19040.250 13259.750 -24.000 0
D 6346012E 63460118 19045.414 13258.415 -24.000 19040.750 13256.750 -24.000 0
D 6346012E 63460118 19045.414 13258.415 -24.000 19040.750 13260.250 -24.000 0
D 6346012E 63460118 19045.414 13258.415 -24.000 19040.750 13260.750 -24.000 0
D 6346012E 63460118 19045.414 13258.415 -24.000 19041.250 13261.250 -24.000 0
D 6346012E 63460118 19045.414 13258.415 -24.000 19041.250 13261.750 -24.000 0
D 6346012E 63460118 19045.414 13258.415 -24.000 19041.750 13261.750 -24.000 0
D 6346012E 63460118 19045.414 13258.415 -24.000 19041.750 13262.250 -24.000 0
D 6346012E 63460118 19045.414 13258.415 -24.000 19042.250 13262.250 -24.000 0
D 6346012E 63460118 19045.414 13258.415 -24.000 19042.250 13262.750 -24.000 0
D 6346012E 63460118 19045.414 13258.915 -24.000 19040.250 13257.250 -24.000 0
D 6346012E 63460118 19045.414 13258.915 -24.000 19040.250 13257.750 -24.000 0
D 6346012E 63460118 19045.414 13258.915 -24.000 19040.250 13258.250 -24.000 0
D 6346012E 63460118 19045.414 13258.915 -24.000 19040.250 13258.750 -24.000 0
D 6346012E 63460118 19045.414 13258.915 -24.000 19040.250 13259.250 -24.000 0
D 6346012E 63460118 19045.414 13258.915 -24.000 19040.250 13259.750 -24.000 0
D 6346012E 63460118 19045.414 13258.915 -24.000 19040.250 13260.250 -24.000 0
D 6346012E 63460118 19045.414 13258.915 -24.000 19040.750 13256.250 -24.000 0
D 6346012E 63460118 19045.414 13258.915 -24.000 19040.750 13256.750 -24.000 0
D 6346012E 63460118 19045.414 13258.915 -24.000 19040.750 13257.250 -24.000 0
D 6346012E 63460118 19045.414 13258.915 -24.000 19040.750 13260.750 -24.000 0
D 6346012E 63460118 19045.414 13258.915 -24.000 19040.750 13261.250 -24.000 0
D 6346012E 63460118 19045.414 13258.915 -24.000 19041.250 13261.750 -24.000 0
D 6346012E 63460118 19045.414 13258.915 -24.000 19041.250 13262.250 -24.000 0
D 6346012E 63460118 19045.414 13258.915 -24.000 19041.750 13262.250 -24.000 0
D 6346012E 63460118 19045.414 13258.915 -24.000 19041.750 13262.750 -24.000 0
D 6346012E 63460118 19045.414 13258.915 -24.000 19042.250 13262.750 -24.000 0
D 6346012E 63460118 19045.414 13258.915 -24.000 19042.250 13263.250 -24.000 0
D 6346012E 63460118 19045.414 13259.415 -24.000 19040.250 13257.750 -24.000 0
D 6346012E 63460118 19045.414 13259.415 -24.000 19040.250 13258.250 -24.000 0
D 6346012E 63460118 19045.414 13259.415 -24.000 19040.250 13258.750 -24.000 0
D 6346012E 63460118 19045.414 13259.415 -24.000 19040.250 13259.250 -24.000 0
D 6346012E 63460118 19045.414 13259.415 -24.000 19040.250 13259.750 -24.000 0
D 6346012E 63460118 19045.414 13259.415 -24.000 19040.250 13260.250 -24.000 0
D 6346012E 63460118 19045.414 13259.415 -24.000 19040.250 13260.750 -24.000 0
D 6346012E 63460118 19045.414 13259.415 -24.000 19040.750 13256.750 -24.000 0
D 6346012E 63460118 19045.414 13259.415 -24.000 19040.750 13257.250 -24.000 0
D 6346012E 63460118 19045.414 13259.415 -24.000 19040.750 13257.750 -24.000 0
D 6346012E 63460118 19045.414 13259.415 -24.000 19040.750 13261.250 -24.000 0
D 6346012E 63460118 19045.414 13259.415 -24.000 19040.750 13261.750 -24.000 0
D 6346012E 63460118 19045.414 13259.415 -24.000 19041.250 13256.250 -24.000 0
D 6346012E 63460118 19045.414 13259.415 -24.000 19041.250 13262.250 -24.000 0
D 6346012E 63460118 19045.414 13259.415 -24.000 19041.250 13262.750 -24.000 0
D 6346012E 63460118 19045.414 13259.415 -24.000 19041.750 13262.750 -24.000 0
D 6346012E 63460118 19045.414 13259.415 -24.000 19041.750 13263.250 -24.000 0
D 6346012E 63460118 19045.414 13259.415 -24.000 19042.250 13263.250 -24.000 0
D 6346012E 63460118 19045.414 13259.915 -24.000 19040.250 13258.250 -24.000 0
D 6346012E 63460118 19045.414 13259.915 -24.000 19040.250 13258.750 -24.000 0
D 6346012E 63460118 19045.414 13259.915 -24.000 19040.250 13259.250 -24.000 0
D 6346012E 63460118 19045.414 13259.915 -24.000 19040.250 13259.750 -24.000 0
D 6346012E 63460118 19045.414 13259.915 -24.000 19040.250 13260.250 -24.000 0
D 6346012E 63460118 19045.414 13259.915 -24.000 19040.250 13260.750 -24.000 0
D 6346012E 63460118 19045.414 13259.915 -24.000 19040.250 13261.250 -24.000 0
D 6346012E 63460118 19045.414 13259.915 -24.000 19040.750 13257.250 -24.000 0
D 6346012E 63460118 19045.414 13259.915 -24.000 19040.750 13257.750 -24.000 0
D 6346012E 63460118 19045.414 13259.915 -24.000 19040.750 13258.250 -24.000 0
D 6346012E 63460118 19045.414 13259.915 -24.000 19040.750 13261.750 -24.000 0
D 6346012E 63460118 19045.414 13259.915 -24.000 19040.750 13262.250 -24.000 0
D 6346012E 63460118 19045.414 13259.915 -24.000 19041.250 13256.750 -24.000 0
D 6346012E 63460118 19045.414 13259.915 -24.000 19041.250 13262.750 -24.000 0
D 6346012E 63460118 19045.414 13259.915 -24.000 19041.250 13263.250 -24.000 0
D 6346012E 63460118 19045.414 13259.915 -24.000 19041.750 13263.250 -24.000 0
D 6346012E 63460118 19045.414 13259.915 -24.000 19041.750 13263.750 -24.000 0
D 6346012E 63460118 19045.414 13260.415 -24.000 19040.250 13258.750 -24.000 0
D 6346012E 63460118 19045.414 13260.415 -24.000 19040.250 13259.250 -24.000 0
D 6346012E 63460118 19045.414 13260.415 -24.000 19040.250 13259.750 -24.000 0
D 6346012E 63460118 19045.414 13260.415 -24.000 19040.250 13260.250 -24.000 0
D 6346012E 63460118 19045.414 13260.415 -24.000 19040.250 13260.750 -24.000 0
D 6346012E 63460118 19045.414 13260.415 -24.000 19040.250 13261.250 -24.000 0
D 6346012E 63460118 19045.414 13260.415 -24.000 19040.250 13261.750 -24.000 0
D 6346012E 63460118 19045.414 13260.415 -24.000 19040.750 13257.750 -24.000 0
D 6346012E 63460118 19045.414 13260.415 -24.000 19040.750 13258.250 -24.000 0
D 6346012E 63460118 19045.414 13260.415 -24.000 19040.750 13258.750 -24.000 0
D 6346012E 63460118 19045.414 13260.415 -24.000 19040.750 13262.250 -24.000 0
D 6346012E 63460118 19045.414 13260.415 -24.000 19040.750 13262.750 -24.000 0
D 6346012E 63460118 19045.414 13260.415 -24.000 19041.250 13257.250 -24.000 0
D 6346012E 63460118 19045.414 13260.415 -24.000 19041.250 13263.250 -24.000 0
D 6346012E 63460118 19045.414 13260.415 -24.000 19041.250 13263.750 -24.000 0
D 6346012E 63460118 19045.414 13260.415 -24.000 19041.750 13256.750 -24.000 0
D 6346012E 63460118 19045.414 13260.915 -24.000 19040.250 13259.250 -24.000 0
D 6346012E 63460118 19045.414 13260.915 -24.000 19040.250 13259.750 -24.000 0
D 6346012E 63460118 19045.414 13260.915 -24.000 19040.250 13260.250 -24.000 0
D 6346012E 63460118 19045.414 13260.915 -24.000 19040.250 13260.750 -24.000 0
D 6346012E 63460118 19045.414 13260.915 -24.000 19040.250 13261.250 -24.000 0
D 6346012E 63460118 19045.414 13260.915 -24.000 19040.250 13261.750 -24.000 0
D 6346012E 63460118 19045.414 13260.915 -24.000 19040.250 13262.250 -24.000 0
D 6346012E 63460118 19045.414 13260.915 -24.000 19040.750 13258.250 -24.000 0
D 6346012E 63460118 19045.414 13260.915 -24.000 19040.750 13258.750 -24.000 0
D 6346012E 63460118 19045.414 13260.915 -24.000 19040.750 13259.250 -24.000 0
D 6346012E 63460118 19045.414 13260.915 -24.000 19040.750 13262.750 -24.000 0
D 6346012E 63460118 19045.414 13260.915 -24.000 19040.750 13263.250 -24.000 0
D 6346012E 63460118 19045.414 13260.915 -24.000 19041.250 13257.750 -24.000 0
D 6346012E 63460118 19045.414 13260.915 -24.000 19041.750 13257.250 -24.000 0
D 6346012E 63460118 19045.414 13260.915 -24.000 19042.250 13256.750 -24.000 0
D 6346012E 63460118 19045.414 13261.415 -24.000 19040.250 13259.750 -24.000 0
D 6346012E 63460118 19045.414 13261.415 -24.000 19040.250 13260.250 -24.000 0
D 6346012E 63460118 19045.414 13261.415 -24.000 19040.250 13260.750 -24.000 0
D 6346012E 63460118 19045.414 13261.415 -24.000 19040.250 13261.250 -24.000 0
D 6346012E 63460118 19045.414 13261.415 -24.000 19040.250 13261.750 -24.000 0
D 6346012E 63460118 19045.414 13261.415 -24.000 19040.250 13262.250 -24.000 0
D 6346012E 63460118 19045.414 13261.415 -24.000 19040.250 13262.750 -24.000 0
D 6346012E 63460118 19045.414 13261.415 -24.000 19040.750 13258.750 -24.000 0
D 6346012E 63460118 19045.414 13261.415 -24.000 19040.750 13259.250 -24.000 0
D 6346012E 63460118 19045.414 13261.415 -24.000 19040.750 13259.750 -24.000 0
D 6346012E 63460118 19045.414 13261.415 -24.000 19040.750 13263.250 -24.000 0
D 6346012E 63460118 19045.414 13261.415 -24.000 19041.250 13258.250 -24.000 0
D 6346012E 63460118 19045.414 13261.415 -24.000 19041.750 13257.750 -24.000 0
D 6346012E 63460118 19045.414 13261.415 -24.000 19042.250 13257.250 -24.000 0
D 6346012E 63460118 19045.414 13261.915 -24.000 19040.250 13260.250 -24.000 0
D 6346012E 63460118 19045.414 13261.915 -24.000 19040.250 13260.750 -24.000 0
D 6346012E 63460118 19045.414 13261.915 -24.000 19040.250 13261.250 -24.000 0
D 6346012E 63460118 19045.414 13261.915 -24.000 19040.250 13261.750 -24.000 0
D 6346012E 63460118 19045.414 13261.915 -24.000 19040.250 13262.250 -24.000 0
D 6346012E 63460118 19045.414 13261.915 -24.000 19040.250 13262.750 -24.000 0
D 6346012E 63460118 19045.414 13261.915 -24.000 19040.750 13259.250 -24.000 0
D 6346012E 63460118 19045.414 13261.915 -24.000 19040.750 13259.750 -24.000 0
D 6346012E 63460118 19045.414 13261.915 -24.000 19040.750 13260.250 -24.000 0
D 6346012E 63460118 19045.414 13261.915 -24.000 19041.250 13258.750 -24.000 0
D 6346012E 63460118 19045.414 13261.915 -24.000 19041.750 13258.250 -24.000 0
D 6346012E 63460118 19045.414 13261.915 -24.000 19042.250 13257.750 -24.000 0
D 6346012E 63460118 19045.414 13262.415 -24.000 19040.250 13260.750 -24.000 0
D 6346012E 63460118 19045.414 13262.415 -24.000 19040.250 13261.250 -24.000 0
D 6346012E 63460118 19045.414 13262.415 -24.000 19040.250 13261.750 -24.000 0
D 6346012E 63460118 19045.414 13262.415 -24.000 19040.250 13262.250 -24.000 0
D 6346012E 63460118 19045.414 13262.415 -24.000 19040.750 13259.750 -24.000 0
D 6346012E 63460118 19045.414 13262.415 -24.000 19040.750 13260.250 -24.000 0
D 6346012E 63460118 19045.414 13262.415 -24.000 19040.750 13260.750 -24.000 0
D 6346012E 63460118 19045.414 13262.415 -24.000 19041.250 13259.250 -24.000 0
D 6346012E 63460118 19045.414 13262.415 -24.000 19041.750 13258.750 -24.000 0
D 6346012E 63460118 19045.414 13262.415 -24.000 19042.250 13258.250 -24.000 0
D 6346012E 63460118 19045.414 13262.915 -24.000 19040.250 13261.250 -24.000 0
D 6346012E 63460118 19045.414 13262.915 -24.000 19040.750 13260.250 -24.000 0
D 6346012E 63460118 19045.414 13262.915 -24.000 19040.750 13260.750 -24.000 0
D 6346012E 63460118 19045.414 13262.915 -24.000 19040.750 13261.250 -24.000 0
D 6346012E 63460118 19045.414 13262.915 -24.000 19041.250 13259.750 -24.000 0
D 6346012E 63460118 19045.414 13262.915 -24.000 19041.750 13259.250 -24.000 0
D 6346012E 63460118 19045.414 13262.915 -24.000 19042.250 13258.750 -24.000 0
D 6346012E 63460118 19045.414 13262.915 -24.000 19042.750 13258.250 -24.000 0
D 6346012E 63460118 19045.414 13263.415 -24.000 19040.750 13260.750 -24.000 0
D 6346012E 63460118 19045.414 13263.415 -24.000 19041.250 13260.250 -24.000 0
D 6346012E 63460118 19045.414 13263.415 -24.000 19041.750 13259.750 -24.000 0
D 6346012E 63460118 19045.414 13263.415 -24.000 19042.250 13259.250 -24.000 0
D 6346012E 63460118 19045.414 13263.415 -24.000 19042.750 13258.750 -24.000 0
D 6346012E 63460118 19045.914 13255.915 -24.000 19041.750 13259.250 -24.000 0
D 6346012E 63460118 19045.914 13255.915 -24.000 19042.250 13259.250 -24.000 0
D 6346012E 63460118 19045.914 13255.915 -24.000 19042.250 13259.750 -24.000 0
D 6346012E 63460118 19045.914 13255.915 -24.000 19042.750 13259.750 -24.000 0
D 6346012E 63460118 19045.914 13255.915 -24.000 19042.750 13260.250 -24.000 0
D 6346012E 63460118 19045.914 13256.415 -24.000 19041.250 13258.750 -24.000 0
D 6346012E 63460118 19045.914 13256.415 -24.000 19041.750 13259.250 -24.000 0
D 6346012E 63460118 19045.914 13256.415 -24.000 19041.750 13259.750 -24.000 0
D 6346012E 63460118 19045.914 13256.415 -24.000 19042.250 13259.750 -24.000 0
D 6346012E 63460118 19045.914 13256.415 -24.000 19042.250 13260.250 -24.000 0
D 6346012E 63460118 19045.914 13256.415 -24.000 19042.750 13260.250 -24.000 0
D 6346012E 63460118 19045.914 13256.415 -24.000 19042.750 13260.750 -24.000 0
D 6346012E 63460118 19045.914 13256.915 -24.000 19041.250 13258.750 -24.000 0
D 6346012E 63460118 19045.914 13256.915 -24.000 19041.250 13259.250 -24.000 0
D 6346012E 63460118 19045.914 13256.915 -24.000 19041.750 13259.750 -24.000 0
D 6346012E 63460118 19045.914 13256.915 -24.000 19041.750 13260.250 -24.000 0
D 6346012E 63460118 19045.914 13256.915 -24.000 19042.250 13260.250 -24.000 0
D 6346012E 63460118 19045.914 13256.915 -24.000 19042.250 13260.750 -24.000 0
D 6346012E 63460118 19045.914 13256.915 -24.000 19042.750 13260.750 -24.000 0
D 6346012E 63460118 19045.914 13256.915 -24.000 19042.750 13261.250 -24.000 0
D 6346012E 63460118 19045.914 13257.415 -24.000 19040.750 13257.750 -24.000 0
D 6346012E 63460118 19045.914 13257.415 -24.000 19040.750 13258.250 -24.000 0
D 6346012E 63460118 19045.914 13257.415 -24.000 19040.750 13258.750 -24.000 0
D 6346012E 63460118 19045.914 13257.415 -24.000 19041.250 13259.250 -24.000 0
D 6346012E 63460118 19045.914 13257.415 -24.000 19041.250 13259.750 -24.000 0
D 6346012E 63460118 19045.914 13257.415 -24.000 19041.750 13260.250 -24.000 0
D 6346012E 63460118 19045.914 13257.415 -24.000 19041.750 13260.750 -24.000 0
D 6346012E 63460118 19045.914 13257.415 -24.000 19042.250 13260.750 -24.000 0
D 6346012E 63460118 19045.914 13257.415 -24.000 19042.250 13261.250 -24.000 0
D 6346012E 63460118 19045.914 13257.415 -24.000 19042.750 13261.250 -24.000 0
D 6346012E 63460118 19045.914 13257.415 -24.000 19042.750 13261.750 -24.000 0
D 6346012E 63460118 19045.914 13257.915 -24.000 19040.750 13257.250 -24.000 0
D 6346012E 63460118 19045.914 13257.915 -24.000 19040.750 13257.750 -24.000 0
D 6346012E 63460118 19045.914 13257.915 -24.000 19040.750 13258.250 -24.000 0
D 6346012E 63460118 19045.914 13257.915 -24.000 19040.750 13258.750 -24.000 0
D 6346012E 63460118 19045.914 13257.915 -24.000 19040.750 13259.250 -24.000 0
D 6346012E 63460118 19045.914 13257.915 -24.000 19041.250 13259.750 -24.000 0
D 6346012E 63460118 19045.914 13257.915 -24.000 19041.250 13260.250 -24.000 0
D 6346012E 63460118 19045.914 13257.915 -24.000 19041.750 13260.750 -24.000 0
D 6346012E 63460118 19045.914 13257.915 -24.000 19041.750 13261.250 -24.000 0
D 6346012E 63460118 19045.914 13257.915 -24.000 19042.250 13261.250 -24.000 0
D 6346012E 63460118 19045.914 13257.915 -24.000 19042.250 13261.750 -24.000 0
D 6346012E 63460118 19045.914 13257.915 -24.000 19042.750 13261.750 -24.000 0
D 6346012E 63460118 19045.914 13258.415 -24.000 19040.750 13257.250 -24.000 0
D 6346012E 63460118 19045.914 13258.415 -24.000 19040.750 13257.750 -24.000 0
D 6346012E 63460118 19045.914 13258.415 -24.000 19040.750 13258.250 -24.000 0
D 6346012E 63460118 19045.914 13258.415 -24.000 19040.750 13258.750 -24.000 0
D 6346012E 63460118 19045.914 13258.415 -24.000 19040.750 13259.250 -24.000 0
D 6346012E 63460118 19045.914 13258.415 -24.000 19040.750 13259.750 -24.000 0
D 6346012E 63460118 19045.914 13258.415 -24.000 19041.250 13260.250 -24.000 0
D 6346012E 63460118 19045.914 13258.415 -24.000 19041.250 13260.750 -24.000 0
D 6346012E 63460118 19045.914 13258.415 -24.000 19041.750 13261.250 -24.000 0
D 6346012E 63460118 19045.914 13258.415 -24.000 19041.750 13261.750 -24.000 0
D 6346012E 63460118 19045.914 13258.415 -24.000 19042.250 13261.750 -24.000 0
D 6346012E 63460118 19045.914 13258.415 -24.000 19042.250 13262.250 -24.000 0
D 6346012E 63460118 19045.914 13258.915 -24.000 19040.750 13257.250 -24.000 0
D 6346012E 63460118 19045.914 13258.915 -24.000 19040.750 13257.750 -24.000 0
D 6346012E 63460118 19045.914 13258.915 -24.000 19040.750 13258.250 -24.000 0
D 6346012E 63460118 19045.914 13258.915 -24.000 19040.750 13258.750 -24.000 0
D 6346012E 63460118 19045.914 13258.915 -24.000 19040.750 13259.250 -24.000 0
D 6346012E 63460118 19045.914 13258.915 -24.000 19040.750 13259.750 -24.000 0
D 6346012E 63460118 19045.914 13258.915 -24.000 19040.750 13260.250 -24.000 0
D 6346012E 63460118 19045.914 13258.915 -24.000 19041.250 13256.750 -24.000 0
D 6346012E 63460118 19045.914 13258.915 -24.000 19041.250 13257.250 -24.000 0
D 6346012E 63460118 19045.914 13258.915 -24.000 19041.250 13260.750 -24.000 0
D 6346012E 63460118 19045.914 13258.915 -24.000 19041.250 13261.250 -24.000 0
D 6346012E 63460118 19045.914 13258.915 -24.000 19041.750 13261.750 -24.000 0
D 6346012E 63460118 19045.914 13258.915 -24.000 19041.750 13262.250 -24.000 0
D 6346012E 63460118 19045.914 13258.915 -24.000 19042.250 13262.250 -24.000 0
D 6346012E 63460118 19045.914 13258.915 -24.000 19042.250 13262.750 -24.000 0
D 6346012E 63460118 19045.914 13259.415 -24.000 19040.750 13257.750 -24.000 0
D 6346012E 63460118 19045.914 13259.415 -24.000 19040.750 13258.250 -24.000 0
D 6346012E 63460118 19045.914 13259.415 -24.000 19040.750 13258.750 -24.000 0
D 6346012E 63460118 19045.914 13259.415 -24.000 19040.750 13259.250 -24.000 0
D 6346012E 63460118 19045.914 13259.415 -24.000 19040.750 13259.750 -24.000 0
D 6346012E 63460118 19045.914 13259.415 -24.000 19040.750 13260.250 -24.000 0
D 6346012E 63460118 19045.914 13259.415 -24.000 19040.750 13260.750 -24.000 0
D 6346012E 63460118 19045.914 13259.415 -24.000 19041.250 13256.750 -24.000 0
D 6346012E 63460118 19045.914 13259.415 -24.000 19041.250 13257.250 -24.000 0
D 6346012E 63460118 19045.914 13259.415 -24.000 19041.250 13257.750 -24.000 0
D 6346012E 63460118 19045.914 13259.415 -24.000 19041.250 13261.250 -24.000 0
D 6346012E 63460118 19045.914 13259.415 -24.000 19041.250 13261.750 -24.000 0
D 6346012E 63460118 19045.914 13259.415 -24.000 19041.750 13262.250 -24.000 0
D 6346012E 63460118 19045.914 13259.415 -24.000 19041.750 13262.750 -24.000 0
D 6346012E 63460118 19045.914 13259.415 -24.000 19042.250 13262.750 -24.000 0
D 6346012E 63460118 19045.914 13259.415 -24.000 19042.250 13263.250 -24.000 0
D 6346012E 63460118 19045.914 13259.915 -24.000 19040.750 13258.250 -24.000 0
D 6346012E 63460118 19045.914 13259.915 -24.000 19040.750 13258.750 -24.000 0
D 6346012E 63460118 19045.914 13259.915 -24.000 19040.750 13259.250 -24.000 0
D 6346012E 63460118 19045.914 13259.915 -24.000 19040.750 13259.750 -24.000 0
D 6346012E 63460118 19045.914 13259.915 -24.000 19040.750 13260.250 -24.000 0
D 6346012E 63460118 19045.914 13259.915 -24.000 19040.750 13260.750 -24.000 0
D 6346012E 63460118 19045.914 13259.915 -24.000 19040.750 13261.250 -24.000 0
D 6346012E 63460118 19045.914 13259.915 -24.000 19041.250 13257.250 -24.000 0
D 6346012E 63460118 19045.914 13259.915 -24.000 19041.250 13257.750 -24.000 0
D 6346012E 63460118 19045.914 13259.915 -24.000 19041.250 13258.250 -24.000 0
D 6346012E 63460118 19045.914 13259.915 -24.000 19041.250 13261.750 -24.000 0
D 6346012E 63460118 19045.914 13259.915 -24.000 19041.250 13262.250 -24.000 0
D 6346012E 63460118 19045.914 13259.915 -24.000 19041.750 13256.750 -24.000 0
D 6346012E 63460118 19045.914 13259.915 -24.000 19041.750 13262.750 -24.000 0
D 6346012E 63460118 19045.914 13259.915 -24.000 19041.750 13263.250 -24.000 0
D 6346012E 63460118 19045.914 13260.415 -24.000 19040.750 13258.750 -24.000 0
D 6346012E 63460118 19045.914 13260.415 -24.000 19040.750 13259.250 -24.000 0
D 6346012E 63460118 19045.914 13260.415 -24.000 19040.750 13259.750 -24.000 0
D 6346012E 63460118 19045.914 13260.415 -24.000 19040.750 13260.250 -24.000 0
D 6346012E 63460118 19045.914 13260.415 -24.000 19040.750 13260.750 -24.000 0
D 6346012E 63460118 19045.914 13260.415 -24.000 19040.750 13261.250 -24.000 0
D 6346012E 63460118 19045.914 13260.415 -24.000 19040.750 13261.750 -24.000 0
D 6346012E 63460118 19045.914 13260.415 -24.000 19041.250 13257.750 -24.000 0
D 6346012E 63460118 19045.914 13260.415 -24.000 19041.250 13258.250 -24.000 0
D 6346012E 63460118 19045.914 13260.415 -24.000 19041.250 13258.750 -24.000 0
D 6346012E 63460118 19045.914 13260.415 -24.000 19041.250 13262.250 -24.000 0
D 6346012E 63460118 19045.914 13260.415 -24.000 19041.250 13262.750 -24.000 0
D 6346012E 63460118 19045.914 13260.415 -24.000 19041.750 13257.250 -24.000 0
D 6346012E 63460118 19045.914 13260.415 -24.000 19041.750 13263.250 -24.000 0
D 6346012E 63460118 19045.914 13260.915 -24.000 19040.750 13259.250 -24.000 0
D 6346012E 63460118 19045.914 13260.915 -24.000 19040.750 13259.750 -24.000 0
D 6346012E 63460118 19045.914 13260.915 -24.000 19040.750 13260.250 -24.000 0
D 6346012E 63460118 19045.914 13260.915 -24.000 19040.750 13260.750 -24.000 0
D 6346012E 63460118 19045.914 13260.915 -24.000 19040.750 13261.250 -24.000 0
D 6346012E 63460118 19045.914 13260.915 -24.000 19040.750 13261.750 -24.000 0
D 6346012E 63460118 19045.914 13260.915 -24.000 19040.750 13262.250 -24.000 0
D 6346012E 63460118 19045.914 13260.915 -24.000 19041.250 13258.250 -24.000 0
D 6346012E 63460118 19045.914 13260.915 -24.000 19041.250 13258.750 -24.000 0
D 6346012E 63460118 19045.914 13260.915 -24.000 19041.250 13259.250 -24.000 0
D 6346012E 63460118 19045.914 13260.915 -24.000 19041.250 13262.750 -24.000 0
D 6346012E 63460118 19045.914 13260.915 -24.000 19041.250 13263.250 -24.000 0
D 6346012E 63460118 19045.914 13260.915 -24.000 19041.750 13257.750 -24.000 0
D 6346012E 63460118 19045.914 13260.915 -24.000 19042.250 13257.250 -24.000 0
D 6346012E 63460118 19045.914 13261.415 -24.000 19040.750 13259.750 -24.000 0
D 6346012E 63460118 19045.914 13261.415 -24.000 19040.750 13260.250 -24.000 0
D 6346012E 63460118 19045.914 13261.415 -24.000 19040.750 13260.750 -24.000 0
D 6346012E 63460118 19045.914 13261.415 -24.000 19040.750 13261.250 -24.000 0
D 6346012E 63460118 19045.914 13261.415 -24.000 19040.750 13261.750 -24.000 0
D 6346012E 63460118 19045.914 13261.415 -24.000 19040.750 13262.250 -24.000 0
D 6346012E 63460118 19045.914 13261.415 -24.000 19040.750 13262.750 -24.000 0
D 6346012E 63460118 19045.914 13261.415 -24.000 19041.250 13258.750 -24.000 0
D 6346012E 63460118 19045.914 13261.415 -24.000 19041.250 13259.250 -24.000 0
D 6346012E 63460118 19045.914 13261.415 -24.000 19041.250 13259.750 -24.000 0
D 6346012E 63460118 19045.914 13261.415 -24.000 19041.750 13258.250 -24.000 0
D 6346012E 63460118 19045.914 13261.415 -24.000 19042.250 13257.750 -24.000 0
D 6346012E 63460118 19045.914 13261.915 -24.000 19040.750 13260.250 -24.000 0
D 6346012E 63460118 19045.914 13261.915 -24.000 19040.750 13260.750 -24.000 0
D 6346012E 63460118 19045.914 13261.915 -24.000 19040.750 13261.250 -24.000 0
D 6346012E 63460118 19045.914 13261.915 -24.000 19040.750 13261.750 -24.000 0
D 6346012E 63460118 19045.914 13261.915 -24.000 19040.750 13262.250 -24.000 0
D 6346012E 63460118 19045.914 13261.915 -24.000 19040.750 13262.750 -24.000 0
D 6346012E 63460118 19045.914 13261.915 -24.000 19041.250 13259.250 -24.000 0
D 6346012E 63460118 19045.914 13261.915 -24.000 19041.250 13259.750 -24.000 0
D 6346012E 63460118 19045.914 13261.915 -24.000 19041.250 13260.250 -24.000 0
D 6346012E 63460118 19045.914 13261.915 -24.000 19041.750 13258.750 -24.000 0
D 6346012E 63460118 19045.914 13261.915 -24.000 19042.250 13258.250 -24.000 0
D 6346012E 63460118 19045.914 13262.415 -24.000 19040.750 13260.750 -24.000 0
D 6346012E 63460118 19045.914 13262.415 -24.000 19040.750 13261.250 -24.000 0
D 6346012E 63460118 19045.914 13262.415 -24.000 19040.750 13261.750 -24.000 0
D 6346012E 63460118 19045.914 13262.415 -24.000 19040.750 13262.250 -24.000 0
D 6346012E 63460118 19045.914 13262.415 -24.000 19041.250 13259.750 -24.000 0
D 6346012E 63460118 19045.914 13262.415 -24.000 19041.250 13260.250 -24.000 0
D 6346012E 63460118 19045.914 13262.415 -24.000 19041.250 13260.750 -24.000 0
D 6346012E 63460118 19045.914 13262.415 -24.000 19041.750 13259.250 -24.000 0
D 6346012E 63460118 19045.914 13262.415 -24.000 19042.250 13258.750 -24.000 0
D 6346012E 63460118 19045.914 13262.415 -24.000 19042.750 13258.250 -24.000 0
D 6346012E 63460118 19045.914 13262.915 -24.000 19040.750 13261.250 -24.000 0
D 6346012E 63460118 19045.914 13262.915 -24.000 19040.750 13261.750 -24.000 0
D 6346012E 63460118 19045.914 13262.915 -24.000 19041.250 13260.250 -24.000 0
D 6346012E 63460118 19045.914 13262.915 -24.000 19041.250 13260.750 -24.000 0
D 6346012E 63460118 19045.914 13262.915 -24.000 19041.250 13261.250 -24.000 0
D 6346012E 63460118 19045.914 13262.915 -24.000 19041.750 13259.750 -24.000 0
D 6346012E 63460118 19045.914 13262.915 -24.000 19042.250 13259.250 -24.000 0
D 6346012E 63460118 19045.914 13262.915 -24.000 19042.750 13258.750 -24.000 0
D 6346012E 63460118 19045.914 13263.415 -24.000 19041.250 13260.750 -24.000 0
D 6346012E 63460118 19045.914 13263.415 -24.000 19041.250 13261.250 -24.000 0
D 6346012E 63460118 19045.914 13263.415 -24.000 19041.750 13260.250 -24.000 0
D 6346012E 63460118 19045.914 13263.415 -24.000 19042.250 13259.750 -24.000 0
D 6346012E 63460118 19045.914 13263.415 -24.000 19042.750 13259.250 -24.000 0
D 6346012E 63460118 19045.914 13263.915 -24.000 19041.750 13260.750 -24.000 0
D 6346012E 63460118 19045.914 13263.915 -24.000 19042.250 13260.250 -24.000 0
D 6346012E 63460118 19045.914 13263.915 -24.000 19042.750 13259.750 -24.000 0
D 6346012E 63460118 19046.414 13255.915 -24.000 19042.250 13258.750 -24.000 0
D 6346012E 63460118 19046.414 13255.915 -24.000 19042.250 13259.250 -24.000 0
D 6346012E 63460118 19046.414 13255.915 -24.000 19042.750 13259.250 -24.000 0
D 6346012E 63460118 19046.414 13255.915 -24.000 19042.750 13259.750 -24.000 0
D 6346012E 63460118 19046.414 13256.415 -24.000 19041.750 13258.750 -24.000 0
D 6346012E 63460118 19046.414 13256.415 -24.000 19042.250 13259.250 -24.000 0
D 6346012E 63460118 19046.414 13256.415 -24.000 19042.250 13259.750 -24.000 0
D 6346012E 63460118 19046.414 13256.415 -24.000 19042.750 13259.750 -24.000 0
D 6346012E 63460118 19046.414 13256.415 -24.000 19042.750 13260.250 -24.000 0
D 6346012E 63460118 19046.414 13256.915 -24.000 19041.250 13258.250 -24.000 0
D 6346012E 63460118 19046.414 13256.915 -24.000 19041.750 13258.750 -24.000 0
D 6346012E 63460118 19046.414 13256.915 -24.000 19041.750 13259.250 -24.000 0
D 6346012E 63460118 19046.414 13256.915 -24.000 19042.250 13259.750 -24.000 0
D 6346012E 63460118 19046.414 13256.915 -24.000 19042.250 13260.250 -24.000 0
D 6346012E 63460118 19046.414 13256.915 -24.000 19042.750 13260.250 -24.000 0
D 6346012E 63460118 19046.414 13256.915 -24.000 19042.750 13260.750 -24.000 0
D 6346012E 63460118 19046.414 13257.415 -24.000 19041.250 13257.750 -24.000 0
D 6346012E 63460118 19046.414 13257.415 -24.000 19041.250 13258.250 -24.000 0
D 6346012E 63460118 19046.414 13257.415 -24.000 19041.250 13258.750 -24.000 0
D 6346012E 63460118 19046.414 13257.415 -24.000 19041.750 13259.250 -24.000 0
D 6346012E 63460118 19046.414 13257.415 -24.000 19041.750 13259.750 -24.000 0
D 6346012E 63460118 19046.414 13257.415 -24.000 19042.250 13260.250 -24.000 0
D 6346012E 63460118 19046.414 13257.415 -24.000 19042.250 13260.750 -24.000 0
D 6346012E 63460118 19046.414 13257.415 -24.000 19042.750 13260.750 -24.000 0
D 6346012E 63460118 19046.414 13257.415 -24.000 19042.750 13261.250 -24.000 0
D 6346012E 63460118 19046.414 13257.915 -24.000 19041.250 13257.750 -24.000 0
D 6346012E 63460118 19046.414 13257.915 -24.000 19041.250 13258.250 -24.000 0
D 6346012E 63460118 19046.414 13257.915 -24.000 19041.250 13258.750 -24.000 0
D 6346012E 63460118 19046.414 13257.915 -24.000 19041.250 13259.250 -24.000 0
D 6346012E 63460118 19046.414 13257.915 -24.000 19041.750 13259.750 -24.000 0
D 6346012E 63460118 19046.414 13257.915 -24.000 19041.750 13260.250 -24.000 0
D 6346012E 63460118 19046.414 13257.915 -24.000 19042.250 13260.750 -24.000 0
D 6346012E 63460118 19046.414 13257.915 -24.000 19042.250 13261.250 -24.000 0
D 6346012E 63460118 19046.414 13257.915 -24.000 19042.750 13261.250 -24.000 0
D 6346012E 63460118 19046.414 13257.915 -24.000 19042.750 13261.750 -24.000 0
D 6346012E 63460118 19046.414 13258.415 -24.000 19041.250 13257.250 -24.000 0
D 6346012E 63460118 19046.414 13258.415 -24.000 19041.250 13257.750 -24.000 0
D 6346012E 63460118 19046.414 13258.415 -24.000 19041.250 13258.250 -24.000 0
D 6346012E 63460118 19046.414 13258.415 -24.000 19041.250 13258.750 -24.000 0
D 6346012E 63460118 19046.414 13258.415 -24.000 19041.250 13259.250 -24.000 0
D 6346012E 63460118 19046.414 13258.415 -24.000 19041.250 13259.750 -24.000 0
D 6346012E 63460118 19046.414 13258.415 -24.000 19041.750 13260.250 -24.000 0
D 6346012E 63460118 19046.414 13258.415 -24.000 19041.750 13260.750 -24.000 0
D 6346012E 63460118 19046.414 13258.415 -24.000 19042.250 13261.250 -24.000 0
D 6346012E 63460118 19046.414 13258.415 -24.000 19042.250 13261.750 -24.000 0
D 6346012E 63460118 19046.414 13258.415 -24.000 19042.750 13261.750 -24.000 0
D 6346012E 63460118 19046.414 13258.915 -24.000 19041.250 13257.250 -24.000 0
D 6346012E 63460118 19046.414 13258.915 -24.000 19041.250 13257.750 -24.000 0
D 6346012E 63460118 19046.414 13258.915 -24.000 19041.250 13258.250 -24.000 0
D 6346012E 63460118 19046.414 13258.915 -24.000 19041.250 13258.750 -24.000 0
D 6346012E 63460118 19046.414 13258.915 -24.000 19041.250 13259.250 -24.000 0
D 6346012E 63460118 19046.414 13258.915 -24.000 19041.250 13259.750 -24.000 0
D 6346012E 63460118 19046.414 13258.915 -24.000 19041.250 13260.250 -24.000 0
D 6346012E 63460118 19046.414 13258.915 -24.000 19041.750 13257.250 -24.000 0
D 6346012E 63460118 19046.414 13258.915 -24.000 19041.750 13260.750 -24.000 0
D 6346012E 63460118 19046.414 13258.915 -24.000 19041.750 13261.250 -24.000 0
D 6346012E 63460118 19046.414 13258.915 -24.000 19042.250 13261.750 -24.000 0
D 6346012E 63460118 19046.414 13258.915 -24.000 19042.250 13262.250 -24.000 0
D 6346012E 63460118 19046.414 13259.415 -24.000 19041.250 13257.750 -24.000 0
D 6346012E 63460118 19046.414 13259.415 -24.000 19041.250 13258.250 -24.000 0
D 6346012E 63460118 19046.414 13259.415 -24.000 19041.250 13258.750 -24.000 0
D 6346012E 63460118 19046.414 13259.415 -24.000 19041.250 13259.250 -24.000 0
D 6346012E 63460118 19046.414 13259.415 -24.000 19041.250 13259.750 -24.000 0
D 6346012E 63460118 19046.414 13259.415 -24.000 19041.250 13260.250 -24.000 0
D 6346012E 63460118 19046.414 13259.415 -24.000 19041.250 13260.750 -24.000 0
D 6346012E 63460118 19046.414 13259.415 -24.000 19041.750 13257.250 -24.000 0
D 6346012E 63460118 19046.414 13259.415 -24.000 19041.750 13257.750 -24.000 0
D 6346012E 63460118 19046.414 13259.415 -24.000 19041.750 13261.250 -24.000 0
D 6346012E 63460118 19046.414 13259.415 -24.000 19041.750 13261.750 -24.000 0
D 6346012E 63460118 19046.414 13259.415 -24.000 19042.250 13262.250 -24.000 0
D 6346012E 63460118 19046.414 13259.415 -24.000 19042.250 13262.750 -24.000 0
D 6346012E 63460118 19046.414 13259.915 -24.000 19041.250 13258.250 -24.000 0
D 6346012E 63460118 19046.414 13259.915 -24.000 19041.250 13258.750 -24.000 0
D 6346012E 63460118 19046.414 13259.915 -24.000 19041.250 13259.250 -24.000 0
D 6346012E 63460118 19046.414 13259.915 -24.000 19041.250 13259.750 -24.000 0
D 6346012E 63460118 19046.414 13259.915 -24.000 19041.250 13260.250 -24.000 0
D 6346012E 63460118 19046.414 13259.915 -24.000 19041.250 13260.750 -24.000 0
D 6346012E 63460118 19046.414 13259.915 -24.000 19041.250 13261.250 -24.000 0
D 6346012E 63460118 19046.414 13259.915 -24.000 19041.750 13257.250 -24.000 0
D 6346012E 63460118 19046.414 13259.915 -24.000 19041.750 13257.750 -24.000 0
D 6346012E 63460118 19046.414 13259.915 -24.000 19041.750 13258.250 -24.000 0
D 6346012E 63460118 19046.414 13259.915 -24.000 19041.750 13261.750 -24.000 0
D 6346012E 63460118 19046.414 13259.915 -24.000 19041.750 13262.250 -24.000 0
D 6346012E 63460118 19046.414 13259.915 -24.000 19042.250 13262.750 -24.000 0
D 6346012E 63460118 19046.414 13260.415 -24.000 19041.250 13258.750 -24.000 0
D 6346012E 63460118 19046.414 13260.415 -24.000 19041.250 13259.250 -24.000 0
D 6346012E 63460118 19046.414 13260.415 -24.000 19041.250 13259.750 -24.000 0
D 6346012E 63460118 19046.414 13260.415 -24.000 19041.250 13260.250 -24.000 0
D 6346012E 63460118 19046.414 13260.415 -24.000 19041.250 13260.750 -24.000 0
D 6346012E 63460118 19046.414 13260.415 -24.000 19041.250 13261.250 -24.000 0
D 6346012E 63460118 19046.414 13260.415 -24.000 19041.250 13261.750 -24.000 0
D 6346012E 63460118 19046.414 13260.415 -24.000 19041.750 13257.750 -24.000 0
D 6346012E 63460118 19046.414 13260.415 -24.000 19041.750 13258.250 -24.000 0
D 6346012E 63460118 19046.414 13260.415 -24.000 19041.750 13258.750 -24.000 0
D 6346012E 63460118 19046.414 13260.415 -24.000 19041.750 13262.250 -24.000 0
D 6346012E 63460118 19046.414 13260.415 -24.000 19041.750 13262.750 -24.000 0
D 6346012E 63460118 19046.414 13260.415 -24.000 19042.250 13257.250 -24.000 0
D 6346012E 63460118 19046.414 13260.915 -24.000 19041.250 13259.250 -24.000 0
D 6346012E 63460118 19046.414 13260.915 -24.000 19041.250 13259.750 -24.000 0
D 6346012E 63460118 19046.414 13260.915 -24.000 19041.250 13260.250 -24.000 0
D 6346012E 63460118 19046.414 13260.915 -24.000 19041.250 13260.750 -24.000 0
D 6346012E 63460118 19046.414 13260.915 -24.000 19041.250 13261.250 -24.000 0
D 6346012E 63460118 19046.414 13260.915 -24.000 19041.250 13261.750 -24.000 0
D 6346012E 63460118 19046.414 13260.915 -24.000 19041.250 13262.250 -24.000 0
D 6346012E 63460118 19046.414 13260.915 -24.000 19041.750 13258.250 -24.000 0
D 6346012E 63460118 19046.414 13260.915 -24.000 19041.750 13258.750 -24.000 0
D 6346012E 63460118 19046.414 13260.915 -24.000 19041.750 13259.250 -24.000 0
D 6346012E 63460118 19046.414 13260.915 -24.000 19041.750 13262.750 -24.000 0
D 6346012E 63460118 19046.414 13260.915 -24.000 19042.250 13257.750 -24.000 0
D 6346012E 63460118 19046.414 13261.415 -24.000 19041.250 13259.750 -24.000 0
D 6346012E 63460118 19046.414 13261.415 -24.000 19041.250 13260.250 -24.000 0
D 6346012E 63460118 19046.414 13261.415 -24.000 19041.250 13260.750 -24.000 0
D 6346012E 63460118 19046.414 13261.415 -24.000 19041.250 13261.250 -24.000 0
D 6346012E 63460118 19046.414 13261.415 -24.000 19041.250 13261.750 -24.000 0
D 6346012E 63460118 19046.414 13261.415 -24.000 19041.250 13262.250 -24.000 0
D 6346012E 63460118 19046.414 13261.415 -24.000 19041.250 13262.750 -24.000 0
D 6346012E 63460118 19046.414 13261.415 -24.000 19041.750 13258.750 -24.000 0
D 6346012E 63460118 19046.414 13261.415 -24.000 19041.750 13259.250 -24.000 0
D 6346012E 63460118 19046.414 13261.415 -24.000 19041.750 13259.750 -24.000 0
D 6346012E 63460118 19046.414 13261.415 -24.000 19042.250 13258.250 -24.000 0
D 6346012E 63460118 19046.414 13261.915 -24.000 19041.250 13260.250 -24.000 0
D 6346012E 63460118 19046.414 13261.915 -24.000 19041.250 13260.750 -24.000 0
D 6346012E 63460118 19046.414 13261.915 -24.000 19041.250 13261.250 -24.000 0
D 6346012E 63460118 19046.414 13261.915 -24.000 19041.250 13261.750 -24.000 0
D 6346012E 63460118 19046.414 13261.915 -24.000 19041.250 13262.250 -24.000 0
D 6346012E 63460118 19046.414 13261.915 -24.000 19041.250 13262.750 -24.000 0
D 6346012E 63460118 19046.414 13261.915 -24.000 19041.750 13259.250 -24.000 0
D 6346012E 63460118 19046.414 13261.915 -24.000 19041.750 13259.750 -24.000 0
D 6346012E 63460118 19046.414 13261.915 -24.000 19041.750 13260.250 -24.000 0
D 6346012E 63460118 19046.414 13261.915 -24.000 19042.250 13258.750 -24.000 0
D 6346012E 63460118 19046.414 13261.915 -24.000 19042.750 13258.250 -24.000 0
D 6346012E 63460118 19046.414 13262.415 -24.000 19041.250 13260.750 -24.000 0
D 6346012E 63460118 19046.414 13262.415 -24.000 19041.250 13261.250 -24.000 0
D 6346012E 63460118 19046.414 13262.415 -24.000 19041.250 13261.750 -24.000 0
D 6346012E 63460118 19046.414 13262.415 -24.000 19041.250 13262.250 -24.000 0
D 6346012E 63460118 19046.414 13262.415 -24.000 19041.750 13259.750 -24.000 0
D 6346012E 63460118 19046.414 13262.415 -24.000 19041.750 13260.250 -24.000 0
D 6346012E 63460118 19046.414 13262.415 -24.000 19041.750 13260.750 -24.000 0
D 6346012E 63460118 19046.414 13262.415 -24.000 19042.250 13259.250 -24.000 0
D 6346012E 63460118 19046.414 13262.415 -24.000 19042.750 13258.750 -24.000 0
D 6346012E 63460118 19046.414 13262.915 -24.000 19041.250 13261.250 -24.000 0
D 6346012E 63460118 19046.414 13262.915 -24.000 19041.250 13261.750 -24.000 0
D 6346012E 63460118 19046.414 13262.915 -24.000 19041.750 13260.250 -24.000 0
D 6346012E 63460118 19046.414 13262.915 -24.000 19041.750 13260.750 -24.000 0
D 6346012E 63460118 19046.414 13262.915 -24.000 19041.750 13261.250 -24.000 0
D 6346012E 63460118 19046.414 13262.915 -24.000 19042.250 13259.750 -24.000 0
D 6346012E 63460118 19046.414 13262.915 -24.000 19042.750 13259.250 -24.000 0
D 6346012E 63460118 19046.414 13263.415 -24.000 19041.750 13260.750 -24.000 0
D 6346012E 63460118 19046.414 13263.415 -24.000 19041.750 13261.250 -24.000 0
D 6346012E 63460118 19046.414 13263.415 -24.000 19041.750 13261.750 -24.000 0
D 6346012E 63460118 19046.414 13263.415 -24.000 19042.250 13260.250 -24.000 0
D 6346012E 63460118 19046.414 13263.415 -24.000 19042.750 13259.750 -24.000 0
D 6346012E 63460118 19046.414 13263.915 -24.000 19041.750 13261.250 -24.000 0
D 6346012E 63460118 19046.414 13263.915 -24.000 19042.250 13260.750 -24.000 0
D 6346012E 63460118 19046.414 13263.915 -24.000 19042.750 13260.250 -24.000 0
D 6346012E 63460118 19046.914 13255.915 -24.000 19042.250 13258.250 -24.000 0
D 6346012E 63460118 19046.914 13255.915 -24.000 19042.750 13258.750 -24.000 0
D 6346012E 63460118 19046.914 13255.915 -24.000 19042.750 13259.250 -24.000 0
D 6346012E 63460118 19046.914 13256.415 -24.000 19042.250 13258.250 -24.000 0
D 6346012E 63460118 19046.914 13256.415 -24.000 19042.250 13258.750 -24.000 0
D 6346012E 63460118 19046.914 13256.415 -24.000 19042.750 13259.250 -24.000 0
D 6346012E 63460118 19046.914 13256.415 -24.000 19042.750 13259.750 -24.000 0
D 6346012E 63460118 19046.914 13256.915 -24.000 19041.750 13258.250 -24.000 0
D 6346012E 63460118 19046.914 13256.915 -24.000 19042.250 13258.750 -24.000 0
D 6346012E 63460118 19046.914 13256.915 -24.000 19042.250 13259.250 -24.000 0
D 6346012E 63460118 19046.914 13256.915 -24.000 19042.750 13259.750 -24.000 0
D 6346012E 63460118 19046.914 13256.915 -24.000 19042.750 13260.250 -24.000 0
D 6346012E 63460118 19046.914 13257.415 -24.000 19041.750 13257.750 -24.000 0
D 6346012E 63460118 19046.914 13257.415 -24.000 19041.750 13258.250 -24.000 0
D 6346012E 63460118 19046.914 13257.415 -24.000 19041.750 13258.750 -24.000 0
D 6346012E 63460118 19046.914 13257.415 -24.000 19042.250 13259.250 -24.000 0
D 6346012E 63460118 19046.914 13257.415 -24.000 19042.250 13259.750 -24.000 0
D 6346012E 63460118 19046.914 13257.415 -24.000 19042.750 13260.250 -24.000 0
D 6346012E 63460118 19046.914 13257.415 -24.000 19042.750 13260.750 -24.000 0
D 6346012E 63460118 19046.914 13257.915 -24.000 19041.750 13257.750 -24.000 0
D 6346012E 63460118 19046.914 13257.915 -24.000 19041.750 13258.250 -24.000 0
D 6346012E 63460118 19046.914 13257.915 -24.000 19041.750 13258.750 -24.000 0
D 6346012E 63460118 19046.914 13257.915 -24.000 19041.750 13259.250 -24.000 0
D 6346012E 63460118 19046.914 13257.915 -24.000 19042.250 13259.750 -24.000 0
D 6346012E 63460118 19046.914 13257.915 -24.000 19042.250 13260.250 -24.000 0
D 6346012E 63460118 19046.914 13257.915 -24.000 19042.750 13260.750 -24.000 0
D 6346012E 63460118 19046.914 13257.915 -24.000 19042.750 13261.250 -24.000 0
D 6346012E 63460118 19046.914 13258.415 -24.000 19041.750 13257.250 -24.000 0
D 6346012E 63460118 19046.914 13258.415 -24.000 19041.750 13257.750 -24.000 0
D 6346012E 63460118 19046.914 13258.415 -24.000 19041.750 13258.250 -24.000 0
D 6346012E 63460118 19046.914 13258.415 -24.000 19041.750 13258.750 -24.000 0
D 6346012E 63460118 19046.914 13258.415 -24.000 19041.750 13259.250 -24.000 0
D 6346012E 63460118 19046.914 13258.415 -24.000 19041.750 13259.750 -24.000 0
D 6346012E 63460118 19046.914 13258.415 -24.000 19042.250 13260.250 -24.000 0
D 6346012E 63460118 19046.914 13258.415 -24.000 19042.250 13260.750 -24.000 0
D 6346012E 63460118 19046.914 13258.415 -24.000 19042.750 13261.250 -24.000 0
D 6346012E 63460118 19046.914 13258.415 -24.000 19042.750 13261.750 -24.000 0
D 6346012E 63460118 19046.914 13258.915 -24.000 19041.750 13257.250 -24.000 0
D 6346012E 63460118 19046.914 13258.915 -24.000 19041.750 13257.750 -24.000 0
D 6346012E 63460118 19046.914 13258.915 -24.000 19041.750 13258.250 -24.000 0
D 6346012E 63460118 19046.914 13258.915 -24.000 19041.750 13258.750 -24.000 0
D 6346012E 63460118 19046.914 13258.915 -24.000 19041.750 13259.250 -24.000 0
D 6346012E 63460118 19046.914 13258.915 -24.000 19041.750 13259.750 -24.000 0
D 6346012E 63460118 19046.914 13258.915 -24.000 19041.750 13260.250 -24.000 0
D 6346012E 63460118 19046.914 13258.915 -24.000 19042.250 13260.750 -24.000 0
D 6346012E 63460118 19046.914 13258.915 -24.000 19042.250 13261.250 -24.000 0
D 6346012E 63460118 19046.914 13258.915 -24.000 19042.750 13261.750 -24.000 0
D 6346012E 63460118 19046.914 13259.415 -24.000 19041.750 13257.750 -24.000 0
D 6346012E 63460118 19046.914 13259.415 -24.000 19041.750 13258.250 -24.000 0
D 6346012E 63460118 19046.914 13259.415 -24.000 19041.750 13258.750 -24.000 0
D 6346012E 63460118 19046.914 13259.415 -24.000 19041.750 13259.250 -24.000 0
D 6346012E 63460118 19046.914 13259.415 -24.000 19041.750 13259.750 -24.000 0
D 6346012E 63460118 19046.914 13259.415 -24.000 19041.750 13260.250 -24.000 0
D 6346012E 63460118 19046.914 13259.415 -24.000 19041.750 13260.750 -24.000 0
D 6346012E 63460118 19046.914 13259.415 -24.000 19042.250 13257.250 -24.000 0
D 6346012E 63460118 19046.914 13259.415 -24.000 19042.250 13257.750 -24.000 0
D 6346012E 63460118 19046.914 13259.415 -24.000 19042.250 13261.250 -24.000 0
D 6346012E 63460118 19046.914 13259.415 -24.000 19042.250 13261.750 -24.000 0
D 6346012E 63460118 19046.914 13259.915 -24.000 19041.750 13258.250 -24.000 0
D 6346012E 63460118 19046.914 13259.915 -24.000 19041.750 13258.750 -24.000 0
D 6346012E 63460118 19046.914 13259.915 -24.000 19041.750 13259.250 -24.000 0
D 6346012E 63460118 19046.914 13259.915 -24.000 19041.750 13259.750 -24.000 0
D 6346012E 63460118 19046.914 13259.915 -24.000 19041.750 13260.250 -24.000 0
D 6346012E 63460118 19046.914 13259.915 -24.000 19041.750 13260.750 -24.000 0
D 6346012E 63460118 19046.914 13259.915 -24.000 19041.750 13261.250 -24.000 0
D 6346012E 63460118 19046.914 13259.915 -24.000 19042.250 13257.250 -24.000 0
D 6346012E 63460118 19046.914 13259.915 -24.000 19042.250 13257.750 -24.000 0
D 6346012E 63460118 19046.914 13259.915 -24.000 19042.250 13258.250 -24.000 0
D 6346012E 63460118 19046.914 13259.915 -24.000 19042.250 13261.750 -24.000 0
D 6346012E 63460118 19046.914 13259.915 -24.000 19042.250 13262.250 -24.000 0
D 6346012E 63460118 19046.914 13260.415 -24.000 19041.750 13258.750 -24.000 0
D 6346012E 63460118 19046.914 13260.415 -24.000 19041.750 13259.250 -24.000 0
D 6346012E 63460118 19046.914 13260.415 -24.000 19041.750 13259.750 -24.000 0
D 6346012E 63460118 19046.914 13260.415 -24.000 19041.750 13260.250 -24.000 0
D 6346012E 63460118 19046.914 13260.415 -24.000 19041.750 13260.750 -24.000 0
D 6346012E 63460118 19046.914 13260.415 -24.000 19041.750 13261.250 -24.000 0
D 6346012E 63460118 19046.914 13260.415 -24.000 19041.750 13261.750 -24.000 0
D 6346012E 63460118 19046.914 13260.415 -24.000 19042.250 13257.750 -24.000 0
D 6346012E 63460118 19046.914 13260.415 -24.000 19042.250 13258.250 -24.000 0
D 6346012E 63460118 19046.914 13260.415 -24.000 19042.250 13258.750 -24.000 0
D 6346012E 63460118 19046.914 13260.415 -24.000 19042.250 13262.250 -24.000 0
D 6346012E 63460118 19046.914 13260.415 -24.000 19042.250 13262.750 -24.000 0
D 6346012E 63460118 19046.914 13260.915 -24.000 19041.750 13259.250 -24.000 0
D 6346012E 63460118 19046.914 13260.915 -24.000 19041.750 13259.750 -24.000 0
D 6346012E 63460118 19046.914 13260.915 -24.000 19041.750 13260.250 -24.000 0
D 6346012E 63460118 19046.914 13260.915 -24.000 19041.750 13260.750 -24.000 0
D 6346012E 63460118 19046.914 13260.915 -24.000 19041.750 13261.250 -24.000 0
D 6346012E 63460118 19046.914 13260.915 -24.000 19041.750 13261.750 -24.000 0
D 6346012E 63460118 19046.914 13260.915 -24.000 19041.750 13262.250 -24.000 0
D 6346012E 63460118 19046.914 13260.915 -24.000 19042.250 13258.250 -24.000 0
D 6346012E 63460118 19046.914 13260.915 -24.000 19042.250 13258.750 -24.000 0
D 6346012E 63460118 19046.914 13260.915 -24.000 19042.250 13259.250 -24.000 0
D 6346012E 63460118 19046.914 13260.915 -24.000 19042.250 13262.750 -24.000 0
D 6346012E 63460118 19046.914 13261.415 -24.000 19041.750 13259.750 -24.000 0
D 6346012E 63460118 19046.914 13261.415 -24.000 19041.750 13260.250 -24.000 0
D 6346012E 63460118 19046.914 13261.415 -24.000 19041.750 13260.750 -24.000 0
D 6346012E 63460118 19046.914 13261.415 -24.000 19041.750 13261.250 -24.000 0
D 6346012E 63460118 19046.914 13261.415 -24.000 19041.750 13261.750 -24.000 0
D 6346012E 63460118 19046.914 13261.415 -24.000 19041.750 13262.250 -24.000 0
D 6346012E 63460118 19046.914 13261.415 -24.000 19041.750 13262.750 -24.000 0
D 6346012E 63460118 19046.914 13261.415 -24.000 19042.250 13258.750 -24.000 0
D 6346012E 63460118 19046.914 13261.415 -24.000 19042.250 13259.250 -24.000 0
D 6346012E 63460118 19046.914 13261.415 -24.000 19042.250 13259.750 -24.000 0
D 6346012E 63460118 19046.914 13261.415 -24.000 19042.750 13258.250 -24.000 0
D 6346012E 63460118 19046.914 13261.915 -24.000 19041.750 13260.250 -24.000 0
D 6346012E 63460118 19046.914 13261.915 -24.000 19041.750 13260.750 -24.000 0
D 6346012E 63460118 19046.914 13261.915 -24.000 19041.750 13261.250 -24.000 0
D 6346012E 63460118 19046.914 13261.915 -24.000 19041.750 13261.750 -24.000 0
D 6346012E 63460118 19046.914 13261.915 -24.000 19041.750 13262.250 -24.000 0
D 6346012E 63460118 19046.914 13261.915 -24.000 19042.250 13259.250 -24.000 0
D 6346012E 63460118 19046.914 13261.915 -24.000 19042.250 13259.750 -24.000 0
D 6346012E 63460118 19046.914 13261.915 -24.000 19042.250 13260.250 -24.000 0
D 6346012E 63460118 19046.914 13261.915 -24.000 19042.750 13258.750 -24.000 0
D 6346012E 63460118 19046.914 13262.415 -24.000 19041.750 13260.750 -24.000 0
D 6346012E 63460118 19046.914 13262.415 -24.000 19041.750 13261.250 -24.000 0
D 6346012E 63460118 19046.914 13262.415 -24.000 19041.750 13261.750 -24.000 0
D 6346012E 63460118 19046.914 13262.415 -24.000 19041.750 13262.250 -24.000 0
D 6346012E 63460118 19046.914 13262.415 -24.000 19042.250 13259.750 -24.000 0
D 6346012E 63460118 19046.914 13262.415 -24.000 19042.250 13260.250 -24.000 0
D 6346012E 63460118 19046.914 13262.415 -24.000 19042.250 13260.750 -24.000 0
D 6346012E 63460118 19046.914 13262.415 -24.000 19042.750 13259.250 -24.000 0
D 6346012E 63460118 19046.914 13262.915 -24.000 19041.750 13261.250 -24.000 0
D 6346012E 63460118 19046.914 13262.915 -24.000 19041.750 13261.750 -24.000 0
D 6346012E 63460118 19046.914 13262.915 -24.000 19042.250 13260.250 -24.000 0
D 6346012E 63460118 19046.914 13262.915 -24.000 19042.250 13260.750 -24.000 0
D 6346012E 63460118 19046.914 13262.915 -24.000 19042.250 13261.250 -24.000 0
D 6346012E 63460118 19046.914 13262.915 -24.000 19042.750 13259.750 -24.000 0
D 6346012E 63460118 19046.914 13263.415 -24.000 19041.750 13261.750 -24.000 0
D 6346012E 63460118 19046.914 13263.415 -24.000 19042.250 13260.750 -24.000 0
D 6346012E 63460118 19046.914 13263.415 -24.000 19042.250 13261.250 -24.000 0
D 6346012E 63460118 19046.914 13263.415 -24.000 19042.250 13261.750 -24.000 0
D 6346012E 63460118 19046.914 13263.415 -24.000 19042.750 13260.250 -24.000 0
D 6346012E 63460118 19046.914 13263.915 -24.000 19042.250 13261.250 -24.000 0
D 6346012E 63460118 19046.914 13263.915 -24.000 19042.250 13261.750 -24.000 0
D 6346012E 63460118 19046.914 13263.915 -24.000 19042.750 13260.750 -24.000 0
D 6346012E 63460118 19047.414 13255.915 -24.000 19042.750 13258.250 -24.000 0
D 6346012E 63460118 19047.414 13256.415 -24.000 19042.750 13258.250 -24.000 0
D 6346012E 63460118 19047.414 13256.415 -24.000 19042.750 13258.750 -24.000 0
D 6346012E 63460118 19047.414 13256.915 -24.000 19042.250 13258.250 -24.000 0
D 6346012E 63460118 19047.414 13256.915 -24.000 19042.750 13258.750 -24.000 0
D 6346012E 63460118 19047.414 13256.915 -24.000 19042.750 13259.250 -24.000 0
D 6346012E 63460118 19047.414 13257.415 -24.000 19042.250 13257.750 -24.000 0
D 6346012E 63460118 19047.414 13257.415 -24.000 19042.250 13258.250 -24.000 0
D 6346012E 63460118 19047.414 13257.415 -24.000 19042.250 13258.750 -24.000 0
D 6346012E 63460118 19047.414 13257.415 -24.000 19042.750 13259.250 -24.000 0
D 6346012E 63460118 19047.414 13257.415 -24.000 19042.750 13259.750 -24.000 0
D 6346012E 63460118 19047.414 13257.915 -24.000 19042.250 13257.750 -24.000 0
D 6346012E 63460118 19047.414 13257.915 -24.000 19042.250 13258.250 -24.000 0
D 6346012E 63460118 19047.414 13257.915 -24.000 19042.250 13258.750 -24.000 0
D 6346012E 63460118 19047.414 13257.915 -24.000 19042.250 13259.250 -24.000 0
D 6346012E 63460118 19047.414 13257.915 -24.000 19042.750 13259.750 -24.000 0
D 6346012E 63460118 19047.414 13257.915 -24.000 19042.750 13260.250 -24.000 0
D 6346012E 63460118 19047.414 13258.415 -24.000 19042.250 13257.750 -24.000 0
D 6346012E 63460118 19047.414 13258.415 -24.000 19042.250 13258.250 -24.000 0
D 6346012E 63460118 19047.414 13258.415 -24.000 19042.250 13258.750 -24.000 0
D 6346012E 63460118 19047.414 13258.415 -24.000 19042.250 13259.250 -24.000 0
D 6346012E 63460118 19047.414 13258.415 -24.000 19042.250 13259.750 -24.000 0
D 6346012E 63460118 19047.414 13258.415 -24.000 19042.750 13260.250 -24.000 0
D 6346012E 63460118 19047.414 13258.415 -24.000 19042.750 13260.750 -24.000 0
D 6346012E 63460118 19047.414 13258.915 -24.000 19042.250 13257.750 -24.000 0
D 6346012E 63460118 19047.414 13258.915 -24.000 19042.250 13258.250 -24.000 0
D 6346012E 63460118 19047.414 13258.915 -24.000 19042.250 13258.750 -24.000 0
D 6346012E 63460118 19047.414 13258.915 -24.000 19042.250 13259.250 -24.000 0
D 6346012E 63460118 19047.414 13258.915 -24.000 19042.250 13259.750 -24.000 0
D 6346012E 63460118 19047.414 13258.915 -24.000 19042.250 13260.250 -24.000 0
D 6346012E 63460118 19047.414 13258.915 -24.000 19042.750 13260.750 -24.000 0
D 6346012E 63460118 19047.414 13258.915 -24.000 19042.750 13261.250 -24.000 0
D 6346012E 63460118 19047.414 13259.415 -24.000 19042.250 13257.750 -24.000 0
D 6346012E 63460118 19047.414 13259.415 -24.000 19042.250 13258.250 -24.000 0
D 6346012E 63460118 19047.414 13259.415 -24.000 19042.250 13258.750 -24.000 0
D 6346012E 63460118 19047.414 13259.415 -24.000 19042.250 13259.250 -24.000 0
D 6346012E 63460118 19047.414 13259.415 -24.000 19042.250 13259.750 -24.000 0
D 6346012E 63460118 19047.414 13259.415 -24.000 19042.250 13260.250 -24.000 0
D 6346012E 63460118 19047.414 13259.415 -24.000 19042.250 13260.750 -24.000 0
D 6346012E 63460118 19047.414 13259.415 -24.000 19042.750 13261.250 -24.000 0
D 6346012E 63460118 19047.414 13259.415 -24.000 19042.750 13261.750 -24.000 0
D 6346012E 63460118 19047.414 13259.915 -24.000 19042.250 13258.250 -24.000 0
D 6346012E 63460118 19047.414 13259.915 -24.000 19042.250 13258.750 -24.000 0
D 6346012E 63460118 19047.414 13259.915 -24.000 19042.250 13259.250 -24.000 0
D 6346012E 63460118 19047.414 13259.915 -24.000 19042.250 13259.750 -24.000 0
D 6346012E 63460118 19047.414 13259.915 -24.000 19042.250 13260.250 -24.000 0
D 6346012E 63460118 19047.414 13259.915 -24.000 19042.250 13260.750 -24.000 0
D 6346012E 63460118 19047.414 13259.915 -24.000 19042.250 13261.250 -24.000 0
D 6346012E 63460118 19047.414 13259.915 -24.000 19042.750 13258.250 -24.000 0
D 6346012E 63460118 19047.414 13259.915 -24.000 19042.750 13261.750 -24.000 0
D 6346012E 63460118 19047.414 13260.415 -24.000 19042.250 13258.750 -24.000 0
D 6346012E 63460118 19047.414 13260.415 -24.000 19042.250 13259.250 -24.000 0
D 6346012E 63460118 19047.414 13260.415 -24.000 19042.250 13259.750 -24.000 0
D 6346012E 63460118 19047.414 13260.415 -24.000 19042.250 13260.250 -24.000 0
D 6346012E 63460118 19047.414 13260.415 -24.000 19042.250 13260.750 -24.000 0
D 6346012E 63460118 19047.414 13260.415 -24.000 19042.250 13261.250 -24.000 0
D 6346012E 63460118 19047.414 13260.415 -24.000 19042.250 13261.750 -24.000 0
D 6346012E 63460118 19047.414 13260.415 -24.000 19042.750 13258.250 -24.000 0
D 6346012E 63460118 19047.414 13260.415 -24.000 19042.750 13258.750 -24.000 0
D 6346012E 63460118 19047.414 13260.915 -24.000 19042.250 13259.250 -24.000 0
D 6346012E 63460118 19047.414 13260.915 -24.000 19042.250 13259.750 -24.000 0
D 6346012E 63460118 19047.414 13260.915 -24.000 19042.250 13260.250 -24.000 0
D 6346012E 63460118 19047.414 13260.915 -24.000 19042.250 13260.750 -24.000 0
D 6346012E 63460118 19047.414 13260.915 -24.000 19042.250 13261.250 -24.000 0
D 6346012E 63460118 19047.414 13260.915 -24.000 19042.250 13261.750 -24.000 0
D 6346012E 63460118 19047.414 13260.915 -24.000 19042.250 13262.250 -24.000 0
D 6346012E 63460118 19047.414 13260.915 -24.000 19042.750 13258.250 -24.000 0
D 6346012E 63460118 19047.414 13260.915 -24.000 19042.750 13258.750 -24.000 0
D 6346012E 63460118 19047.414 13260.915 -24.000 19042.750 13259.250 -24.000 0
D 6346012E 63460118 19047.414 13261.415 -24.000 19042.250 13259.750 -24.000 0
D 6346012E 63460118 19047.414 13261.415 -24.000 19042.250 13260.250 -24.000 0
D 6346012E 63460118 19047.414 13261.415 -24.000 19042.250 13260.750 -24.000 0
D 6346012E 63460118 19047.414 13261.415 -24.000 19042.250 13261.250 -24.000 0
D 6346012E 63460118 19047.414 13261.415 -24.000 19042.250 13261.750 -24.000 0
D 6346012E 63460118 19047.414 13261.415 -24.000 19042.250 13262.250 -24.000 0
D 6346012E 63460118 19047.414 13261.415 -24.000 19042.750 13258.750 -24.000 0
D 6346012E 63460118 19047.414 13261.415 -24.000 19042.750 13259.250 -24.000 0
D 6346012E 63460118 19047.414 13261.415 -24.000 19042.750 13259.750 -24.000 0
D 6346012E 63460118 19047.414 13261.915 -24.000 19042.250 13260.250 -24.000 0
D 6346012E 63460118 19047.414 13261.915 -24.000 19042.250 13260.750 -24.000 0
D 6346012E 63460118 19047.414 13261.915 -24.000 19042.250 13261.250 -24.000 0
D 6346012E 63460118 19047.414 13261.915 -24.000 19042.250 13261.750 -24.000 0
D 6346012E 63460118 19047.414 13261.915 -24.000 19042.250 13262.250 -24.000 0
D 6346012E 63460118 19047.414 13261.915 -24.000 19042.750 13259.250 -24.000 0
D 6346012E 63460118 19047.414 13261.915 -24.000 19042.750 13259.750 -24.000 0
D 6346012E 63460118 19047.414 13261.915 -24.000 19042.750 13260.250 -24.000 0
D 6346012E 63460118 19047.414 13262.415 -24.000 19042.250 13260.750 -24.000 0
D 6346012E 63460118 19047.414 13262.415 -24.000 19042.250 13261.250 -24.000 0
D 6346012E 63460118 19047.414 13262.415 -24.000 19042.250 13261.750 -24.000 0
D 6346012E 63460118 19047.414 13262.415 -24.000 19042.250 13262.250 -24.000 0
D 6346012E 63460118 19047.414 13262.415 -24.000 19042.750 13259.750 -24.000 0
D 6346012E 63460118 19047.414 13262.415 -24.000 19042.750 13260.250 -24.000 0
D 6346012E 63460118 19047.414 13262.415 -24.000 19042.750 13260.750 -24.000 0
D 6346012E 63460118 19047.414 13262.915 -24.000 19042.250 13261.250 -24.000 0
D 6346012E 63460118 19047.414 13262.915 -24.000 19042.250 13261.750 -24.000 0
D 6346012E 63460118 19047.414 13262.915 -24.000 19042.250 13262.250 -24.000 0
D 6346012E 63460118 19047.414 13262.915 -24.000 19042.750 13260.250 -24.000 0
D 6346012E 63460118 19047.414 13262.915 -24.000 19042.750 13260.750 -24.000 0
D 6346012E 63460118 19047.414 13262.915 -24.000 19042.750 13261.250 -24.000 0
D 6346012E 63460118 19047.414 13263.415 -24.000 19042.250 13261.750 -24.000 0
D 6346012E 63460118 19047.414 13263.415 -24.000 19042.750 13260.750 -24.000 0
D 6346012E 63460118 19047.414 13263.415 -24.000 19042.750 13261.250 -24.000 0
D 6346012E 63460118 19047.414 13263.415 -24.000 19042.750 13261.750 -24.000 0
D 6346012E 63460118 19047.414 13263.915 -24.000 19042.750 13261.250 -24.000 0
D 6346012E 63460118 19047.414 13263.915 -24.000 19042.750 13261.750 -24.000 0
D 6346012E 63460118 19047.914 13256.915 -24.000 19042.750 13258.250 -24.000 0
D 6346012E 63460118 19047.914 13257.415 -24.000 19042.750 13258.250 -24.000 0
D 6346012E 63460118 19047.914 13257.415 -24.000 19042.750 13258.750 -24.000 0
D 6346012E 63460118 19047.914 13257.915 -24.000 19042.750 13258.250 -24.000 0
D 6346012E 63460118 19047.914 13257.915 -24.000 19042.750 13258.750 -24.000 0
D 6346012E 63460118 19047.914 13257.915 -24.000 19042.750 13259.250 -24.000 0
D 6346012E 63460118 19047.914 13258.415 -24.000 19042.750 13258.250 -24.000 0
D 6346012E 63460118 19047.914 13258.415 -24.000 19042.750 13258.750 -24.000 0
D 6346012E 63460118 19047.914 13258.415 -24.000 19042.750 13259.250 -24.000 0
D 6346012E 63460118 19047.914 13258.415 -24.000 19042.750 13259.750 -24.000 0
D 6346012E 63460118 19047.914 13258.915 -24.000 19042.750 13258.250 -24.000 0
D 6346012E 63460118 19047.914 13258.915 -24.000 19042.750 13258.750 -24.000 0
D 6346012E 63460118 19047.914 13258.915 -24.000 19042.750 13259.250 -24.000 0
D 6346012E 63460118 19047.914 13258.915 -24.000 19042.750 13259.750 -24.000 0
D 6346012E 63460118 19047.914 13258.915 -24.000 19042.750 13260.250 -24.000 0
D 6346012E 63460118 19047.914 13259.415 -24.000 19042.750 13258.250 -24.000 0
D 6346012E 63460118 19047.914 13259.415 -24.000 19042.750 13258.750 -24.000 0
D 6346012E 63460118 19047.914 13259.415 -24.000 19042.750 13259.250 -24.000 0
D 6346012E 63460118 19047.914 13259.415 -24.000 19042.750 13259.750 -24.000 0
D 6346012E 63460118 19047.914 13259.415 -24.000 19042.750 13260.250 -24.000 0
D 6346012E 63460118 19047.914 13259.415 -24.000 19042.750 13260.750 -24.000 0
D 6346012E 63460118 19047.914 13259.915 -24.000 19042.750 13258.250 -24.000 0
D 6346012E 63460118 19047.914 13259.915 -24.000 19042.750 13258.750 -24.000 0
D 6346012E 63460118 19047.914 13259.915 -24.000 19042.750 13259.250 -24.000 0
D 6346012E 63460118 19047.914 13259.915 -24.000 19042.750 13259.750 -24.000 0
D 6346012E 63460118 19047.914 13259.915 -24.000 19042.750 13260.250 -24.000 0
D 6346012E 63460118 19047.914 13259.915 -24.000 19042.750 13260.750 -24.000 0
D 6346012E 63460118 19047.914 13259.915 -24.000 19042.750 13261.250 -24.000 0
D 6346012E 63460118 19047.914 13260.415 -24.000 19042.750 13258.750 -24.000 0
D 6346012E 63460118 19047.914 13260.415 -24.000 19042.750 13259.250 -24.000 0
D 6346012E 63460118 19047.914 13260.415 -24.000 19042.750 13259.750 -24.000 0
D 6346012E 63460118 19047.914 13260.415 -24.000 19042.750 13260.250 -24.000 0
D 6346012E 63460118 19047.914 13260.415 -24.000 19042.750 13260.750 -24.000 0
D 6346012E 63460118 19047.914 13260.415 -24.000 19042.750 13261.250 -24.000 0
D 6346012E 63460118 19047.914 13260.415 -24.000 19042.750 13261.750 -24.000 0
D 6346012E 63460118 19047.914 13260.915 -24.000 19042.750 13259.250 -24.000 0
D 6346012E 63460118 19047.914 13260.915 -24.000 19042.750 13259.750 -24.000 0
D 6346012E 63460118 19047.914 13260.915 -24.000 19042.750 13260.250 -24.000 0
D 6346012E 63460118 19047.914 13260.915 -24.000 19042.750 13260.750 -24.000 0
D 6346012E 63460118 19047.914 13260.915 -24.000 19042.750 13261.250 -24.000 0
D 6346012E 63460118 19047.914 13260.915 -24.000 19042.750 13261.750 -24.000 0
D 6346012E 63460118 19047.914 13261.415 -24.000 19042.750 13259.750 -24.000 0
D 6346012E 63460118 19047.914 13261.415 -24.000 19042.750 13260.250 -24.000 0
D 6346012E 63460118 19047.914 13261.415 -24.000 19042.750 13260.750 -24.000 0
D 6346012E 63460118 19047.914 13261.415 -24.000 19042.750 13261.250 -24.000 0
D 6346012E 63460118 19047.914 13261.415 -24.000 19042.750 13261.750 -24.000 0
D 6346012E 63460118 19047.914 13261.915 -24.000 19042.750 13260.250 -24.000 0
D 6346012E 63460118 19047.914 13261.915 -24.000 19042.750 13260.750 -24.000 0
D 6346012E 63460118 19047.914 13261.915 -24.000 19042.750 13261.250 -24.000 0
D 6346012E 63460118 19047.914 13261.915 -24.000 19042.750 13261.750 -24.000 0
D 6346012E 63460118 19047.914 13262.415 -24.000 19042.750 13260.750 -24.000 0
D 6346012E 63460118 19047.914 13262.415 -24.000 19042.750 13261.250 -24.000 0
D 6346012E 63460118 19047.914 13262.415 -24.000 19042.750 13261.750 -24.000 0
D 6346012E 63460118 19047.914 13262.915 -24.000 19042.750 13261.250 -24.000 0
D 6346012E 63460118 19047.914 13262.915 -24.000 19042.750 13261.750 -24.000 0
D 6346012E 63460118 19047.914 13263.415 -24.000 19042.750 13261.750 -24.000 0
